eng,afr,ara,cat,deu,ell,fin,fra,gle,hin,hrv,hun,ind,ita,jpn,kor,lat,nan,nld,nor,pol,por,ron,rus,spa,srp,swa,swe,tha,tur,vie,zho
"particles after ""{word}"" with object",,,,,,,,,,,,,,「単語」の後ろに物体がある粒子,,,,,,,,,,,,,,,,,"""{word}"" 之后有宾语的虚词"
"particles after ""{word}""",,,,,,,,,,,,,,語の後ろの助詞,,,,,,,,,,,,,,,,,"""{word}"" 之后的虚词"
"verbs modified by ""{word}""",,,,,,,,,,,,,,語によって修飾された動詞,,,,,,,,,,,,,,,,,"""{word}"" 修饰的动词"
"nouns modified by ""{word}""",,,,,,,,,,,,,,語によって修飾された名詞,,,,,,,,,,,,,,,,,"""{word}"" 修饰的名词"
"adjectives after ""{word}""",,,,,,,,,,,,,,語の後ろの形容詞,,,,,,,,,,,,,,,,,"""{word}"" 后的形容词"
"infinitive objects of ""{word}""",,,,,,,,,,,,,,語という不定形のもの,,,,,,,,,,,,,,,,,"""{word}"" 的不定式宾语"
"subjects of ""{word}""",,,,,,,,,,,,,,語の主語,,,,,,,,,,,,,,,,,"""{word}"" 的主语"
"objects of ""{word}""",,,,,,,,,,,,,,語の目的語,,,,,,,,,,,,,,,,,"""{word}"" 的宾语"
"pronominal objects of ""{word}""",,,,,,,,,,,,,,語の主格となるもの,,,,,,,,,,,,,,,,,"""{word}"" 的宾语代词"
"""{word}"" and/or ...",,,,,,,,,,,,,,,,,,,,,,,,,,,,,,,"""{word}"" 的并列搭配"
"adjective predicates of ""{word}""",,,,,,,,,,,,,,形容詞における語の述語,,,,,,,,,,,,,,,,,"""{word}"" 的形容词谓语"
"possessors of ""{word}""",,,,,,,,,,,,,,単語の所有者,,,,,,,,,,,,,,,,,"""{word}"" 的所属"
"pronominal possessors of ""{word}""",,,,,,,,,,,,,,「単語」の主格所有者,,,,,,,,,,,,,,,,,"""{word}"" 的所属代词"
"complements of ""{word}""",,,,,,,,,,,,,,「{word}」の補語,,,,,,,,,,,,,,,,,"""{word}"" 的补语"
"adverbs modified by ""{word}""",,,,,,,,,,,,,,語によって修飾された副詞,,,,,,,,,,,,,,,,,"""{word}""修饰的副词"
"adjectives modified by ""{word}""",,,,,,,,,,,,,,語によって修飾された形容詞,,,,,,,,,,,,,,,,,"""{word}""修饰的形容词"
"wh-words following ""{word}""",,,,,,,,,,,,,,wordの後に続くwhワード,,,,,,,,,,,,,,,,,"""{word}""后的疑问代词"
"-ing objects of ""{word}""",,,,,,,,,,,,,,-ingオブジェクトの「word」,,,,,,,,,,,,,,,,,"""{word}""的 -ing 宾语"
"pronominal subjects of ""{word}""",,,,,,,,,,,,,,"語という,主格の主語",,,,,,,,,,,,,,,,,"""{word}""的代词主语"
"subjects of ""be {word}""",,,,,,,,,,,,,,単語であるという主語,,,,,,,,,,,,,,,,,"""be {word}"" 的主语"
{l2} word or phrase,,,,,,,,,,,,,,{l2}語句,,,,,,,,,,,,,,,,,{l2}单词或短语
{l2} News,,,,,,,,,,,,,,{l2}ニュース,,,,,,,,,,,,,,,,,{l2}新闻
{l2} Talks,,,,,,,,,,,,,,{l2}トーク,,,,,,,,,,,,,,,,,{l2}演说
{l2} Movies,,,,,,,,,,,,,,{l2}映画,,,,,,,,,,,,,,,,,{l2}电影
{l2} TV Shows,,,,,,,,,,,,,,{l2}のTV番組,,,,,,,,,,,,,,,,,{l2}电视节目
{l2} Videos,,,,,,,,,,,,,,{l2}つのビデオ,,,,,,,,,,,,,,,,,{l2}视频
{l2} Video Library,,,,,,,,,,,,,,{l2}ビデオライブラリ,,,,,,,,,,,,,,,,,{l2}视频资料库
{l2} Guided Readers,,,,,,,,,,,,,,{l2}阅读材料,,,,,,,,,,,,,,,,,{l2}阅读材料
{l2} Music,,,,,,,,,,,,,,{l2}音楽,,,,,,,,,,,,,,,,,{l2}音乐
"objects of ""{word} across""",,,,,,,,,,,,,,横切る語の対象,,,,,,,,,,,,,,,,,{word} across ...
"objects of ""{word} along""",,,,,,,,,,,,,,語尾についているもの,,,,,,,,,,,,,,,,,{word} along ...
"objects of ""{word} apart""",,,,,,,,,,,,,,言葉が離れているもの,,,,,,,,,,,,,,,,,{word} apart ...
"objects of ""{word} around""",,,,,,,,,,,,,,周囲にある語句,,,,,,,,,,,,,,,,,{word} around ...
"objects of ""{word} aside""",,,,,,,,,,,,,,脇に置いてあるもの,,,,,,,,,,,,,,,,,{word} aside ...
"objects of ""{word} away""",,,,,,,,,,,,,,遠方にある物,,,,,,,,,,,,,,,,,{word} away ...
"objects of ""{word} down""",,,,,,,,,,,,,,下にある物,,,,,,,,,,,,,,,,,{word} down ...
"objects of ""{word} in""",,,,,,,,,,,,,,における語の対象,,,,,,,,,,,,,,,,,{word} in ...
"objects of ""{word} off""",,,,,,,,,,,,,,単語オフのオブジェクト,,,,,,,,,,,,,,,,,{word} off ...
"objects of ""{word} on""",,,,,,,,,,,,,,についている語句,,,,,,,,,,,,,,,,,{word} on ...
"objects of ""{word} open""",,,,,,,,,,,,,,単語が開いているもの,,,,,,,,,,,,,,,,,{word} open ...
"objects of ""{word} out""",,,,,,,,,,,,,,"アウトオブワードという,アウトオブワード.",,,,,,,,,,,,,,,,,{word} out ...
"objects of ""{word} over""",,,,,,,,,,,,,,語の上にあるもの,,,,,,,,,,,,,,,,,{word} over ...
"objects of ""{word} through""",,,,,,,,,,,,,,語尾から語尾までを表す語,,,,,,,,,,,,,,,,,{word} through ...
"objects of ""{word} unto""",,,,,,,,,,,,,,語尾から語尾までを表す語,,,,,,,,,,,,,,,,,{word} unto ...
"objects of ""{word} up""",,,,,,,,,,,,,,語尾を上にしたもの,,,,,,,,,,,,,,,,,{word} up ...
"objects of ""{word} upon""",,,,,,,,,,,,,,における語句の目的語,,,,,,,,,,,,,,,,,{word} upon ...
"objects of ""{word} whole""",,,,,,,,,,,,,,語全体の対象,,,,,,,,,,,,,,,,,{word} whole ...
<b>Teachable</b> is an online platform that hosts video courses.,,,,,,,,,,,,,,<b>Teachable</b>は、ビデオコースをホストするオンラインプラットフォームです。,,,,,,,,,,,,,,,,,<b>Teachable</b> 是一个第三方代管视频课程的在线平台。
Jon’s Reddit:,,,,,,,,,,,,,,ジョンズ·レディット:,,,,,,,,,,,,,,,,,Jon 的 Reddit
Ken’s WeChat:,,,,,,,,,,,,,,Ken’WeChat:,,,,,,,,,,,,,,,,,Ken 的微信
Ken’s Email:,,,,,,,,,,,,,,KenのEメール:,,,,,,,,,,,,,,,,,Ken 的邮箱
Naver Dictionary,,,,,,,,,,,,,,ネイバー辞書,네이버 사전,,,,,,,,,,,,,,,,NAVER词典
Reddit,,,,,,,,,,,,,,レディット,,,,,,,,,,,,,,,,,Reddit 论坛标注版
Reddit Articles,,,,,,,,,,,,,,記事の編集,,,,,,,,,,,,,,,,,Reddit论坛文章
Réunion,,,,,,,,,,,,,,レオン,레위니옹,,,,,,,,,,,,,,,,Réunion公司
Tutoring Kit,,,,,,,,,,,,,,チュートリアルキット,,,,,,,,,,,,,,,,,一对一学习课件
Contact Ken with general or business inquiries.,,,,,,,,,,,,,,一般的なお問い合わせやビジネスに関するお問い合わせは、Kenにお問い合わせください。,,,,,,,,,,,,,,,,,一般业务咨询，请联系 Ken。
Previous Video,,,,,,,,,,,,,,前のビデオ,이전 비디오,,,,,,,,,,,,,,,,上一个视频
Previous Line,,,,,,,,,,,,,,前の行,이전 라인,,,,,,,,,,,,,,,,上一行
Old Chinese,,,,,,,,,,,,,,旧中国語,,,,,,,,,,,,,,,,,上古汉语
Next Video,,,,,,,,,,,,,,次のビデオ,다음 비디오,,,,,,,,,,,,,,,,下一个视频
Next Line,,,,,,,,,,,,,,次の行,다음 줄,,,,,,,,,,,,,,,,下一行
"Download the WeChat app, scan Ken’s QR code below, leave him a message, and he will invite you into the group.",,,,,,,,,,,,,,WeChatアプリをダウンロードし、以下のKenのQRコードをスキャンしてメッセージを残せば、Kenはあなたをグループに招待するだろう。,,,,,,,,,,,,,,,,,下载微信应用，扫描下面 Ken 的二维码，用微信给他发消息，他会邀请你加入群。
Bhutan,,,,,,,,,,,,,,ブータン,부탄,,,,,,,,,,,,,,,,不丹
Not sure what to read?,,,,,,,,,,,,,,何を読むべきかわかりませんか？,,,,,,,,,,,,,,,,,不知道该读什么吗？
East Timor,,,,,,,,,,,,,,東ティモール,동티모르,,,,,,,,,,,,,,,,东帝汶
Middle Chinese,,,,,,,,,,,,,,中中国語,,,,,,,,,,,,,,,,,中古汉语
China,,,,,,,,,,,,,,中国,중국,,,,,,,,,,,,,,,,中国
from Chinese,,,,,,,,,,,,,,中国語から,,,,,,,,,,,,,,,,,中文界面
Central African Republic,,,,,,,,,,,,,,中央アフリカ共和国,중앙아프리카공화국,,,,,,,,,,,,,,,,中非共和国
Denmark,,,,,,,,,,,,,,デンマーク,덴마크,,,,,,,,,,,,,,,,丹麦
Ukraine,,,,,,,,,,,,,,ウクライナ,우크라이나,,,,,,,,,,,,,,,,乌克兰
Uzbekistan,,,,,,,,,,,,,,ウズベキスタン,우즈베키스탄,,,,,,,,,,,,,,,,乌兹别克斯坦
Uganda,,,,,,,,,,,,,,ウガンダ,우간다,,,,,,,,,,,,,,,,乌干达
Uruguay,,,,,,,,,,,,,,ウルグアイ,우루과이,,,,,,,,,,,,,,,,乌拉圭
Chad,,,,,,,,,,,,,,チャド,채드,,,,,,,,,,,,,,,,乍得
Jordan,,,,,,,,,,,,,,ヨルダン,조던,,,,,,,,,,,,,,,,乔丹
Yemen,,,,,,,,,,,,,,イエメン,예멘,,,,,,,,,,,,,,,,也门
Books,,,,,,,,,,,,,,書籍,,,,,,,,,,,,,,,,,书籍
Books (Legacy),,,,,,,,,,,,,,書籍(レガシー),,,,,,,,,,,,,,,,,书籍（旧版本）
Armenia,,,,,,,,,,,,,,アルメニア,아르메니아,,,,,,,,,,,,,,,,亚美尼亚
prepositional phrases,,,,,,,,,,,,,,前置詞句,,,,,,,,,,,,,,,,,介词短语
Remove from Saved Words,,,,,,,,,,,,,,保存した単語から削除,저장된 단어에서 제거,,,,,,,,,,,,,,,,从保存的单词中删除
Code,,,,,,,,,,,,,,コード,,,,,,,,,,,,,,,,,代码
"verbs with ""{word}"" as subject",,,,,,,,,,,,,,語を主語とする動詞,,,,,,,,,,,,,,,,,"以 ""{word}"" 为主语的动词"
"verbs with ""{word}"" as object",,,,,,,,,,,,,,語を目的とする動詞,,,,,,,,,,,,,,,,,"以 ""{word}"" 为宾语的动词"
"verbs complemented by ""{word}""",,,,,,,,,,,,,,語で補った動詞,,,,,,,,,,,,,,,,,"以 ""{word}"" 为补语的动词"
Israel,,,,,,,,,,,,,,イスラエル,이스라엘,,,,,,,,,,,,,,,,以色列
Dashboard,,,,,,,,,,,,,,ダッシュボード,,,,,,,,,,,,,,,,,仪表盘
Pricing,,,,,,,,,,,,,,価格設定,,,,,,,,,,,,,,,,,价格
Pricing Chart,,,,,,,,,,,,,,価格表,,,,,,,,,,,,,,,,,价格一览表
Iraq,,,,,,,,,,,,,,イラク,이라크,,,,,,,,,,,,,,,,伊拉克
Iran,,,,,,,,,,,,,,イラン,이란,,,,,,,,,,,,,,,,伊朗
Belize,,,,,,,,,,,,,,ベリーズ,벨리즈,,,,,,,,,,,,,,,,伯利兹
Georgia,,,,,,,,,,,,,,ジョージア州,조지아,,,,,,,,,,,,,,,,佐治亚州
Cape Verde,,,,,,,,,,,,,,カーボベルデ,카보베르데,,,,,,,,,,,,,,,,佛得角
Which language would you like to learn?,,,,,,,,,,,,,,どの言語を学びたいですか？,,,,,,,,,,,,,,,,,你想学哪门语言？
What is your mother tongue (first/native language)?,,,,,,,,,,,,,,母国語は何ですか?,,,,,,,,,,,,,,,,,你的母语（第一语言）是？
Look for {l2} music lyrics on Google.,,,,,,,,,,,,,,Googleで音楽の歌詞{l2}を探してください。,,,,,,,,,,,,,,,,,使用搜索引擎查找{l2}歌词。
usage patterns,,,,,,,,,,,,,,使用パターン,,,,,,,,,,,,,,,,,使用模式
Sentences provided by,,,,,,,,,,,,,,提供する文,,,,,,,,,,,,,,,,,例句提供方
Russia,,,,,,,,,,,,,,ロシア,러시아,,,,,,,,,,,,,,,,俄罗斯联邦
Russian,,,,,,,,,,,,,,ロシア語,러시아어,,,,,,,,,,,,,,,tiếng Nga,俄语
Bulgaria,,,,,,,,,,,,,,ブルガリア,불가리아,,,,,,,,,,,,,,,,保加利亚
SAVE WORD,,,,,,,,,,,,,,単語を保存,단어 저장,,,,,,,,,,,,,,,,保存单词
"modifiers of ""{word}""",,,,,,,,,,,,,,「{word}」の修飾子,,,,,,,,,,,,,,,,,"修饰 ""{word}"" 的词"
Croatia,,,,,,,,,,,,,,クロアチア,크로아티아,,,,,,,,,,,,,,,,克罗地亚
Croatian,,,,,,,,,,,,,,クロアチア語,크로아티아어,,,,,,,,,,,,,,,tiếng Croatia,克罗地亚语
All,,,,,,,,,,,,,,すべて,,,,,,,,,,,,,,,,,全部
All Media,,,,,,,,,,,,,,すべてのメディア,,,,,,,,,,,,,,,,,全部影音
About {l2},,,,,,,,,,,,,,{l2}情報,,,,,,,,,,,,,,,,,关于 {l2}
Guam,,,,,,,,,,,,,,グアム,괌,,,,,,,,,,,,,,,,关岛
Other Videos,,,,,,,,,,,,,,その他のビデオ,,,,,,,,,,,,,,,,,其他视频
Gambia,,,,,,,,,,,,,,ガンビア,감비아,,,,,,,,,,,,,,,,冈比亚
Minimal Pairs,,,,,,,,,,,,,,最小ペア,,,,,,,,,,,,,,,,,最小对立体
What’s New,,,,,,,,,,,,,,新着情報,,,,,,,,,,,,,,,,,最新内容
Iceland,,,,,,,,,,,,,,アイスランド,아이슬란드,,,,,,,,,,,,,,,,冰岛
Guinea-Bissau,,,,,,,,,,,,,,ギニアビサウ,기니비사우,,,,,,,,,,,,,,,,几内亚比绍
Guinea,,,,,,,,,,,,,,ギニア,기니,,,,,,,,,,,,,,,,几尼
Liechtenstein,,,,,,,,,,,,,,リヒテンシュタイン,리히텐슈타인,,,,,,,,,,,,,,,,列支敦士登
Republic of the Congo,,,,,,,,,,,,,,コンゴ共和国,콩고 공화국,,,,,,,,,,,,,,,,刚果共和国
Libya,,,,,,,,,,,,,,リビア,리비아,,,,,,,,,,,,,,,,利比亚
Liberia,,,,,,,,,,,,,,リベリア,라이베리아,,,,,,,,,,,,,,,,利比里亚
Go,,,,,,,,,,,,,,行く,,,,,,,,,,,,,,,,,前往
Go to Dashboard,,,,,,,,,,,,,,ダッシュボードに移動,,,,,,,,,,,,,,,,,前往仪表盘
Cambridge Dictionary,,,,,,,,,,,,,,ケンブリッジ辞書,케임브리지 사전,,,,,,,,,,,,,,,,剑桥词典
Features,,,,,,,,,,,,,,特徴,,,,,,,,,,,,,,,,,功能概括
Join our WeChat discussion group,,,,,,,,,,,,,,WeChatディスカッショングループに参加する,,,,,,,,,,,,,,,,,加入我们的微信聊天群。
Add to Bookshelf,,,,,,,,,,,,,,本棚に追加,,,,,,,,,,,,,,,,,加入我的书架
Canada,,,,,,,,,,,,,,カナダ,캐나다,,,,,,,,,,,,,,,,加拿大
Catalan,,,,,,,,,,,,,,カタルーニャ語,카탈루냐어,,,,,,,,,,,,,,,tiếng Catalunya,加泰罗尼亚语
Ghana,,,,,,,,,,,,,,ガーナ,가나,,,,,,,,,,,,,,,,加纳
Gabon,,,,,,,,,,,,,,ガボン,가봉,,,,,,,,,,,,,,,,加蓬
Updates,,,,,,,,,,,,,,アップデート,,,,,,,,,,,,,,,,,动态更新
"verbs with particle ""away"" and ""{word}"" as object",,,,,,,,,,,,,,「アウェー」と「ワード」を対象とした動詞,,,,,,,,,,,,,,,,,动词 + away {word}
"verbs with particle ""down"" and ""{word}"" as object",,,,,,,,,,,,,,「下」と「{word}」を目的語とする動詞,,,,,,,,,,,,,,,,,动词 + down {word}
"verbs with particle ""off"" and ""{word}"" as object",,,,,,,,,,,,,,助詞「off」と「word」を目的語とする動詞,,,,,,,,,,,,,,,,,动词 + off {word}
"verbs with particle ""out"" and ""{word}"" as object",,,,,,,,,,,,,,「out」と「word」を目的語とする動詞,,,,,,,,,,,,,,,,,动词 + out {word}
"verbs with particle ""over"" and ""{word}"" as object",,,,,,,,,,,,,,助詞「over」と「word」を目的語とする動詞,,,,,,,,,,,,,,,,,动词 + over {word}
"verbs with particle ""up"" and ""{word}"" as object",,,,,,,,,,,,,,"助詞""up""と""word""を目的とする動詞",,,,,,,,,,,,,,,,,动词 + up {word}
"verbs with particle ""across"" and ""{word}"" as object",,,,,,,,,,,,,,"助詞「""」と「{word}」を目的語とする動詞",,,,,,,,,,,,,,,,,动词 across {word}
"verbs with particle ""along"" and ""{word}"" as object",,,,,,,,,,,,,,「along」と「word」を目的語とする動詞,,,,,,,,,,,,,,,,,动词 along {word}
"verbs with particle ""apart"" and ""{word}"" as object",,,,,,,,,,,,,,"助詞""apart""と""word""を目的とする動詞",,,,,,,,,,,,,,,,,动词 apart {word}
"verbs with particle ""around"" and ""{word}"" as object",,,,,,,,,,,,,,助詞「around」と「word」を目的語とする動詞,,,,,,,,,,,,,,,,,动词 around {word}
"verbs with particle ""aside"" and ""{word}"" as object",,,,,,,,,,,,,,"助詞「""」と「{word}」を目的語とする動詞",,,,,,,,,,,,,,,,,动词 aside {word}
"verbs with particle ""in"" and ""{word}"" as object",,,,,,,,,,,,,,"助詞""in""と""word""を目的とする動詞",,,,,,,,,,,,,,,,,动词 in {word}
"verbs with particle ""on"" and ""{word}"" as object",,,,,,,,,,,,,,"助詞""on""と""word""を目的とする動詞",,,,,,,,,,,,,,,,,动词 on {word}
"verbs with particle ""open"" and ""{word}"" as object",,,,,,,,,,,,,,"助詞""open""と""word""を目的とする動詞",,,,,,,,,,,,,,,,,动词 open {word}
"verbs with particle ""through"" and ""{word}"" as object",,,,,,,,,,,,,,"助詞""through""と""word""を目的とする動詞",,,,,,,,,,,,,,,,,动词 through {word}
"verbs with particle ""unto"" and ""{word}"" as object",,,,,,,,,,,,,,"助詞「""」と「{word}」を目的語とする動詞",,,,,,,,,,,,,,,,,动词 unto {word}
"verbs with particle ""upon"" and ""{word}"" as object",,,,,,,,,,,,,,"助詞""on""と""word""を目的とする動詞",,,,,,,,,,,,,,,,,动词 upon {word}
"verbs with particle ""whole"" and ""{word}"" as object",,,,,,,,,,,,,,"助詞「""」と「{word}」を目的語とする動詞",,,,,,,,,,,,,,,,,动词 whole {word}
Inlcude:,,,,,,,,,,,,,,インクルード:,,,,,,,,,,,,,,,,,包括：
Hungary,,,,,,,,,,,,,,ハンガリー,헝가리,,,,,,,,,,,,,,,,匈牙利
Hungarian,,,,,,,,,,,,,,ハンガリー語,헝가리어,,,,,,,,,,,,,,,người Hungary,匈牙利语
North Macedonia,,,,,,,,,,,,,,北マケドニア,북마케도니아,,,,,,,,,,,,,,,,北马其顿
Northern Mariana Islands,,,,,,,,,,,,,,北マリアナ諸島,북마리아나 제도,,,,,,,,,,,,,,,,北马里亚纳群岛
Words,,,,,,,,,,,,,,言葉,,,,,,,,,,,,,,,,,单词数
South Georgia and the South Sandwich Islands,,,,,,,,,,,,,,サウスジョージア·サウスサンドウィッチ諸島,사우스조지아 사우스샌드위치 제도,,,,,,,,,,,,,,,,南乔治亚和南桑威奇群岛
Antarctica,,,,,,,,,,,,,,南極大陸,남극대륙,,,,,,,,,,,,,,,,南极洲
South Africa,,,,,,,,,,,,,,南アフリカ,남아프리카 공화국,,,,,,,,,,,,,,,,南非
Afrikaans,,,,,,,,,,,,,,アフリカーンス語,아프리칸스어,,,,,,,,,,,,,,,tiếng Nam Phi,南非荷兰语
Blog,,,,,,,,,,,,,,ブログ,,,,,,,,,,,,,,,,,博客
Botswana,,,,,,,,,,,,,,ボツワナ,보츠와나,,,,,,,,,,,,,,,,博茨瓦纳
Qatar,,,,,,,,,,,,,,カタール,카타르,,,,,,,,,,,,,,,,卡塔尔
Rwanda,,,,,,,,,,,,,,ルワンダ,르완다,,,,,,,,,,,,,,,,卢旺达
Luxembourg,,,,,,,,,,,,,,ルクセンブルク,룩셈부르크,,,,,,,,,,,,,,,,卢森堡
Hindi,,,,,,,,,,,,,,ヒンディー語,힌디어,,,,,,,,,,,,,,,tiếng Hin-ddi,印地语
India,,,,,,,,,,,,,,インド,인도,,,,,,,,,,,,,,,,印度
Indonesia,,,,,,,,,,,,,,インドネシア,인도네시아,,,,,,,,,,,,,,,,印度尼西亚
Indonesian,,,,,,,,,,,,,,インドネシア語,인도네시아어,,,,,,,,,,,,,,,tiếng Indonesia,印度尼西亚语
Guatemala,,,,,,,,,,,,,,グアテマラ,과테말라,,,,,,,,,,,,,,,,危地马拉
Ecuador,,,,,,,,,,,,,,エクアドル,에콰도르,,,,,,,,,,,,,,,,厄瓜多尔
Eritrea,,,,,,,,,,,,,,エリトリア,에리트레아,,,,,,,,,,,,,,,,厄立特里亚
as reflexive,,,,,,,,,,,,,,反射的に,,,,,,,,,,,,,,,,,反身形式
Schedule,,,,,,,,,,,,,,スケジュール,,,,,,,,,,,,,,,,,发布计划表
Discover Shows,,,,,,,,,,,,,,番組の検索,,,,,,,,,,,,,,,,,发现节目
Pronunciation,,,,,,,,,,,,,,発音,,,,,,,,,,,,,,,,,发音
Syria,,,,,,,,,,,,,,シリア,시리아,,,,,,,,,,,,,,,,叙利亚
Cuba,,,,,,,,,,,,,,キューバ,쿠바,,,,,,,,,,,,,,,,古巴
For the love of {count} {l2} words.,,,,,,,,,,,,,,{count}{l2}語の愛のために。,,,,,,,,,,,,,,,,,只因酷爱{count}个{l2}词。
For the love of the {l2} language.,,,,,,,,,,,,,,{l2}言語の愛のために。,,,,,,,,,,,,,,,,,只因酷爱{l2}。
For the love of {l2} words.,,,,,,,,,,,,,,{l2}語の愛のために。,,,,,,,,,,,,,,,,,只因酷爱{l2}词。
Taiwan,,,,,,,,,,,,,,台湾,타이완,,,,,,,,,,,,,,,,台湾
Kyrgyzstan,,,,,,,,,,,,,,キルギス,키르기스스탄,,,,,,,,,,,,,,,,吉尔吉斯斯坦
Djibouti,,,,,,,,,,,,,,ジブチ,지부티,,,,,,,,,,,,,,,,吉布提
Compare Langs,,,,,,,,,,,,,,言語を比較する,,,,,,,,,,,,,,,,,同词异语比较
Listening,,,,,,,,,,,,,,リスニング,,,,,,,,,,,,,,,,,听力
Kazakhstan,,,,,,,,,,,,,,カザフスタン,카자흐스탄,,,,,,,,,,,,,,,,哈萨克斯坦
Colombia,,,,,,,,,,,,,,コロンビア,콜롬비아,,,,,,,,,,,,,,,,哥伦比亚
Costa Rica,,,,,,,,,,,,,,コスタリカ,코스타리카,,,,,,,,,,,,,,,,哥斯达黎加
Cameroon,,,,,,,,,,,,,,カメルーン,카메룬,,,,,,,,,,,,,,,,喀麦隆
Rewind to Beginning,,,,,,,,,,,,,,最初に巻き戻します,시작으로 되감기,,,,,,,,,,,,,,,,回到开头
Image search by,,,,,,,,,,,,,,によるイメージ検索,,,,,,,,,,,,,,,,,图片搜索提供方
Tuvalu,,,,,,,,,,,,,,ツバル,투발루,,,,,,,,,,,,,,,,图瓦卢
Turkmenistan,,,,,,,,,,,,,,トルクメニスタン,투르크메니스탄,,,,,,,,,,,,,,,,土库曼斯坦
Turkey,,,,,,,,,,,,,,トルコ,튀르키예,,,,,,,,,,,,,,,,土耳其
Turkish,,,,,,,,,,,,,,トルコ語,터키어,,,,,,,,,,,,,,,Thổ Nhĩ Kỳ,土耳其语
Saint Lucia,,,,,,,,,,,,,,セントルシア,세인트루시아,,,,,,,,,,,,,,,,圣卢西亚
Saint Kitts and Nevis,,,,,,,,,,,,,,セント·キッツ·ネイビス,세인트키츠 네비스,,,,,,,,,,,,,,,,圣基茨和尼维斯
São Tomé and Príncipe,,,,,,,,,,,,,,サン·トメ·プリンシペ,상투메 프린시페,,,,,,,,,,,,,,,,圣多美和普林西比
Saint Vincent and the Grenadines,,,,,,,,,,,,,,セントビンセント·グレナディーン諸島,세인트빈센트 그레나딘,,,,,,,,,,,,,,,,圣文森特和格林纳丁斯
Saint Pierre and Miquelon,,,,,,,,,,,,,,サン·ピエール·ミケロン,생피에르와 미켈롱,,,,,,,,,,,,,,,,圣皮埃尔和密克隆
Christmas Island,,,,,,,,,,,,,,クリスマス島,크리스마스 섬,,,,,,,,,,,,,,,,圣诞岛
Saint Helena,,,,,,,,,,,,,,セントヘレナ,세인트헬레나,,,,,,,,,,,,,,,,圣赫勒拿岛
San Marino,,,,,,,,,,,,,,サンマリノ,산마리노,,,,,,,,,,,,,,,,圣马力诺
"verbs before ""{word}""",,,,,,,,,,,,,,語の前の動詞,,,,,,,,,,,,,,,,,"在 ""{word}"" 之前的动词"
libraryIntro,,,,,,,,,,,,,,ライブラリの導入,,,,,,,,,,,,,,,,,在 “阅览室” 页面直接阅读各式{l2}文献。
Read on Gutenberg,,,,,,,,,,,,,,グーテンベルクで読む,,,,,,,,,,,,,,,,,在 Gutenberg 上阅读
“{text}” videos on YouTube,,,,,,,,,,,,,,YouTubeの動画「{text}」,,,,,,,,,,,,,,,,,在 YouTube 上关于 “{text}” 的视频
"Write or paste in some {l2} text, and annotated text will show up below the textbox. You can also use <b>Markdown or HTML tags</b>. Everything is autosaved to your browser’s <code>localStorage</code>, so even if you refresh your browser everything you entered is still here.",,,,,,,,,,,,,,一部の{l2}テキストに書き込むか、貼り付けると、テキストボックスの下に注釈が表示されます。 <b>マークダウンまたはHTMLタグ</b>も使用できます。 すべてがブラウザの<code>localStorage</code>に自動保存されているため、ブラウザを更新しても入力した内容はすべてここにあります。,,,,,,,,,,,,,,,,,在一些英文文本中书写或粘贴，带注释的文本将显示在文本框下方。您也可以使用<b>Markdown</b>或<b>HTML</b>标签。所有内容都会自动保存到浏览器的 <code>localstorage</code> 里，因此即使刷新浏览器，输入的所有内容仍会保留在此。
Search the entire YouTube for {l2} videos with CC,,,,,,,,,,,,,,CCで{l2}個のビデオをYouTube全体で検索,,,,,,,,,,,,,,,,,在整个YouTube搜索有{l2}字幕的视频
Paste {l2} text here,,,,,,,,,,,,,,ここに{l2}テキストを貼り付け,,,,,,,,,,,,,,,,,在此处粘贴外语文本
Enter your {l2} text here. Markdown and HTML also supported.,,,,,,,,,,,,,,ここに{l2}テキストを入力してください。 マークダウンとHTMLもサポートされています。,,,,,,,,,,,,,,,,,在此键入{l2}文本。同时支持 Markdown 和 HTML。
This is where you can enjoy reading a variety of {l2} books with the help of hover dictionary and the ability to save words.,,,,,,,,,,,,,,ここでは、ホバー辞書と単語を保存する機能により、様々な{l2}冊の本を楽しく読むことができます。,,,,,,,,,,,,,,,,,在这里，你可以借助光标取词词典阅读各种{l2}书籍。点击任何{l2}单词，将其存入生词本，之后可前往“词典 > 生词本”查看。
Look up words here...,,,,,,,,,,,,,,ここで単語を検索してみて。,,,,,,,,,,,,,,,,,在这里查词……
Guyana,,,,,,,,,,,,,,ガイアナ,가이아나,,,,,,,,,,,,,,,,圭亚那
Map,,,,,,,,,,,,,,地図,,,,,,,,,,,,,,,,,地图
Tanzania,,,,,,,,,,,,,,タンザニア,탄자니아,,,,,,,,,,,,,,,,坦桑尼亚
Egypt,,,,,,,,,,,,,,エジプト,이집트,,,,,,,,,,,,,,,,埃及
Ethiopia,,,,,,,,,,,,,,エチオピア,에티오피아,,,,,,,,,,,,,,,,埃塞俄比亚
Kiribati,,,,,,,,,,,,,,キリバス,키리바시,,,,,,,,,,,,,,,,基里巴斯
Tajikistan,,,,,,,,,,,,,,タジキスタン,타지키스탄,,,,,,,,,,,,,,,,塔吉克斯坦
Senegal,,,,,,,,,,,,,,セネガル,세네갈,,,,,,,,,,,,,,,,塞内加尔
Serbia,,,,,,,,,,,,,,セルビア,세르비아,,,,,,,,,,,,,,,,塞尔维亚
Serbian,,,,,,,,,,,,,,セルビア語,세르비아어,,,,,,,,,,,,,,,tiếng Serbia,塞尔维亚语
Sierra Leone,,,,,,,,,,,,,,シエラレオネ,시에라리온,,,,,,,,,,,,,,,,塞拉利昂
Cyprus,,,,,,,,,,,,,,キプロス,키프로스,,,,,,,,,,,,,,,,塞浦路斯
Seychelles,,,,,,,,,,,,,,セーシェル,세이셸,,,,,,,,,,,,,,,,塞舌尔
Note,,,,,,,,,,,,,,メモ,,,,,,,,,,,,,,,,,备注
Togo,,,,,,,,,,,,,,東郷,포장이요,,,,,,,,,,,,,,,,多哥
More words,,,,,,,,,,,,,,その他の言葉,,,,,,,,,,,,,,,,,多标些词
Dominica,,,,,,,,,,,,,,ドミニカ共和国,도미니카,,,,,,,,,,,,,,,,多米尼加
Dominican Republic,,,,,,,,,,,,,,ドミニカ共和国,도미니카 공화국,,,,,,,,,,,,,,,,多米尼加共和国
Austria,,,,,,,,,,,,,,オーストリア,오스트리아,,,,,,,,,,,,,,,,奥地利
"If you are taking our courses and have a question regarding any content, leave a comment in the comment area of the lecture.",,,,,,,,,,,,,,受講中で、内容について質問がある場合は、講義のコメント欄にコメントを残してください。,,,,,,,,,,,,,,,,,如果您正在学习我们的课程，对任何课程内容有疑问，请在视频讲座的评论区留言。
Venezuela,,,,,,,,,,,,,,ベネズエラ,베네수엘라,,,,,,,,,,,,,,,,委内瑞拉
Bangladesh,,,,,,,,,,,,,,バングラデシュ,방글라데시,,,,,,,,,,,,,,,,孟加拉国
Study Aid,,,,,,,,,,,,,,学習支援資料,,,,,,,,,,,,,,,,,学习
Study,,,,,,,,,,,,,,調査,,,,,,,,,,,,,,,,,学习
YouTube Transcript,,,,,,,,,,,,,,YouTubeのトランスクリプト,,,,,,,,,,,,,,,,,学习 YouTube 字幕
Study YouTube Subtitles,,,,,,,,,,,,,,YouTube字幕の勉強,,,,,,,,,,,,,,,,,学习 YouTube 字幕
Study any YouTube video that has {l2} subtitles.,,,,,,,,,,,,,,{l2}の字幕があるYouTubeビデオを検討してください。,,,,,,,,,,,,,,,,,学习任何有{l2}字幕的 YouTube 视频。
Learn another language,,,,,,,,,,,,,,別の言語を学ぶ,,,,,,,,,,,,,,,,,学习另一门语言
Learning Path,,,,,,,,,,,,,,学習パス,,,,,,,,,,,,,,,,,学习攻略
Learn More Languages,,,,,,,,,,,,,,言語の詳細,,,,,,,,,,,,,,,,,学习更多语言
Study Sheet,,,,,,,,,,,,,,スタディシート,,,,,,,,,,,,,,,,,学习材料生成器
Study Sheet Creator,,,,,,,,,,,,,,スタディシートの作成者,,,,,,,,,,,,,,,,,学习材料生成器
Learn English,Leer Engels,تعلم الإنجليزية,,,Μαθαίνω Αγγλικά,Opi englantia,Apprendre l’anglais,Foghlaim Béarla,अंग्रेजी सीखिये,Nauči engleski,Tanulj angolul,,Impara l’inglese,英語を学ぶ,,Discere Anglicus,,,,Uczyć się angielskiego,Aprender inglês,Invata engleza,Выучить английский язык,Aprende inglés,Учити енглески,Jifunze Kiingereza,Lär dig engelska,,İngilizce öğren,,学英语
Angola,,,,,,,,,,,,,,アンゴラ,앙골라,,,,,,,,,,,,,,,,安哥拉
Anguilla,,,,,,,,,,,,,,アンギラ,앵귈라,,,,,,,,,,,,,,,,安圭拉
Antigua and Barbuda,,,,,,,,,,,,,,アンティグア·バーブーダ,앤티가 바부다 주,,,,,,,,,,,,,,,,安提瓜和巴布达
Andorra,,,,,,,,,,,,,,アンドラ,안도라,,,,,,,,,,,,,,,,安道尔
Hakka,,,,,,,,,,,,,,客家,,,,,,,,,,,,,,,,,客家话
Hakka Chinese,,,,,,,,,,,,,,客家中国語,,,,,,,,,,,,,,,,,客家话
Micronesia,,,,,,,,,,,,,,ミクロネシア,미크로네시아,,,,,,,,,,,,,,,,密克罗尼西亚
Export CSV,,,,,,,,,,,,,,CSVのエクスポート,,,,,,,,,,,,,,,,,导出 CSV 文件
"<b>Copy</b> the text below and <b>paste</b> into your spreadsheet program, or a flashcard app like Anki or Quizlet.",,,,,,,,,,,,,,<b>以下のテキストをコピーして、<b>スプレッドシートプログラムに貼り付けるか、AnkiやQuizletのようなフラッシュカードアプリに貼り付けます。,,,,,,,,,,,,,,,,,将下面的文本<b>复制</b>并<b>粘贴</b>到电子表格程序中，或导入到类似 Anki 或 Quizlet 的背单词程序中。
Less words,,,,,,,,,,,,,,口数が少ない,,,,,,,,,,,,,,,,,少标些词
Nicaragua,,,,,,,,,,,,,,ニカラグア,니카라과,,,,,,,,,,,,,,,,尼加拉瓜
Nigeria,,,,,,,,,,,,,,ナイジェリア,나이지리아,,,,,,,,,,,,,,,,尼日利亚
Niger,,,,,,,,,,,,,,ニジェール,니제르,,,,,,,,,,,,,,,,尼日尔
Nepal,,,,,,,,,,,,,,ネパール,네팔,,,,,,,,,,,,,,,,尼泊尔
SAVED,,,,,,,,,,,,,,保存した,저장된,,,,,,,,,,,,,,,,已保存
Palestine,,,,,,,,,,,,,,パレスチナ,팔레스타인,,,,,,,,,,,,,,,,巴勒斯坦
Bahamas,,,,,,,,,,,,,,バハマ,바하마,,,,,,,,,,,,,,,,巴哈马
Pakistan,,,,,,,,,,,,,,パキスタン,파키스탄,,,,,,,,,,,,,,,,巴基斯坦
Barbados,,,,,,,,,,,,,,バルバドス,바베이도스,,,,,,,,,,,,,,,,巴巴多斯
Papua New Guinea,,,,,,,,,,,,,,パプアニューギニア,파푸아뉴기니,,,,,,,,,,,,,,,,巴布亚新几内亚
Paraguay,,,,,,,,,,,,,,パラグアイ,파라과이,,,,,,,,,,,,,,,,巴拉圭
Panama,,,,,,,,,,,,,,パナマ,파나마,,,,,,,,,,,,,,,,巴拿马
Bahrain,,,,,,,,,,,,,,バーレーン,바레인,,,,,,,,,,,,,,,,巴林
Brazil,,,,,,,,,,,,,,ブラジル,브라질,,,,,,,,,,,,,,,,巴西
Burkina Faso,,,,,,,,,,,,,,ブルキナファソ,부르키나파소,,,,,,,,,,,,,,,,布基纳法索
Burundi,,,,,,,,,,,,,,ブルンジ,부룬디,,,,,,,,,,,,,,,,布隆迪
Bouvet Island,,,,,,,,,,,,,,ブーヴェット島,부베 섬,,,,,,,,,,,,,,,,布韦岛
Greece,,,,,,,,,,,,,,ギリシャ,그리스,,,,,,,,,,,,,,,,希腊
Greek,,,,,,,,,,,,,,ギリシャ語,그리스어,,,,,,,,,,,,,,,người Hy Lạp,希腊语
Palau,,,,,,,,,,,,,,パラオ,팔라우,,,,,,,,,,,,,,,,帕劳
FAQ,,,,,,,,,,,,,,よくある質問,,,,,,,,,,,,,,,,,常见问题
Transfer Purchases,,,,,,,,,,,,,,振替購入,,,,,,,,,,,,,,,,,平台兑换码
Cook Islands,,,,,,,,,,,,,,クック諸島,쿡 제도,,,,,,,,,,,,,,,,库克群岛
Start Learning,,,,,,,,,,,,,,勉強を始める,,,,,,,,,,,,,,,,,开始学习
Cayman Islands,,,,,,,,,,,,,,ケイマン諸島,케이맨 제도,,,,,,,,,,,,,,,,开曼群岛
Media,,,,,,,,,,,,,,メディア,,,,,,,,,,,,,,,,,影音
"Sorry, no books are currently available for {l2}.",,,,,,,,,,,,,,申し訳ありません。現在{l2}に使用できる本がありません。,,,,,,,,,,,,,,,,,很抱歉，目前尚无{l2}书籍可供阅读。
Germany,,,,,,,,,,,,,,ドイツ,독일.,,,,,,,,,,,,,,,,德国
German,,,,,,,,,,,,,,ドイツ語,독일어,,,,,,,,,,,,,,,tiếng Đức,德语
content preferences,,,,,,,,,,,,,,コンテンツのプリファレンス,콘텐츠 기본 설정,,,,,,,,,,,,,,,,您的内容偏好
Italy,,,,,,,,,,,,,,イタリア,이탈리아,,,,,,,,,,,,,,,,意大利
Italian,,,,,,,,,,,,,,イタリア語,이탈리아어,,,,,,,,,,,,,,,người Ý,意大利语
My Items,,,,,,,,,,,,,,マイアイテム,,,,,,,,,,,,,,,,,我的
My CCtalk Courses,,,,,,,,,,,,,,マイCCトークコース,,,,,,,,,,,,,,,,,我的CCtalk课程
My Bookshelf,,,,,,,,,,,,,,私の本棚,,,,,,,,,,,,,,,,,我的书架
My Texts,,,,,,,,,,,,,,マイテキスト,,,,,,,,,,,,,,,,,我的文本
Profile & Progress,,,,,,,,,,,,,,プロファイルと進捗状況,,,,,,,,,,,,,,,,,我的档案与进度
Saved Words,,,,,,,,,,,,,,保存した単語,,,,,,,,,,,,,,,,,我的生词本
Saved,,,,,,,,,,,,,,保存済み,,,,,,,,,,,,,,,,,我的生词本
Saved Phrases,,,,,,,,,,,,,,保存したフレーズ,,,,,,,,,,,,,,,,,我的短语本
Or,,,,,,,,,,,,,,または,,,,,,,,,,,,,,,,,或
Solomon Islands,,,,,,,,,,,,,,ソロモン諸島,솔로몬 제도,,,,,,,,,,,,,,,,所罗门群岛
Tokelau,,,,,,,,,,,,,,トケラウ,토켈라우,,,,,,,,,,,,,,,,托克劳
Latin,,,,,,,,,,,,,,ラテン語,라틴어,,,,,,,,,,,,,,,Latin,拉丁语
Latvia,,,,,,,,,,,,,,ラトビア,라트비아,,,,,,,,,,,,,,,,拉脱维亚
Guide,,,,,,,,,,,,,,手引き,,,,,,,,,,,,,,,,,指南
Norway,,,,,,,,,,,,,,ノルウェー,노르웨이,,,,,,,,,,,,,,,,挪威
Norwegian,,,,,,,,,,,,,,ノルウェー語,노르웨이어,,,,,,,,,,,,,,,tiếng na uy,挪威语
Polish,,,,,,,,,,,,,,ポーランド語,폴란드어,,,,,,,,,,,,,,,Đánh bóng,挪威语
Another One,,,,,,,,,,,,,,アナザー·ワン,,,,,,,,,,,,,,,,,换一个
Czech Republic,,,,,,,,,,,,,,チェコ共和国,체코,,,,,,,,,,,,,,,,捷克共和国
Recommended,,,,,,,,,,,,,,おすすめ,,,,,,,,,,,,,,,,,推荐
Feed,,,,,,,,,,,,,,フィード,,,,,,,,,,,,,,,,,推荐
Recommendation based on your,,,,,,,,,,,,,,推奨事項の根拠:,권장 기준:,,,,,,,,,,,,,,,,推荐内容依据:
Recommended Channels,,,,,,,,,,,,,,おすすめのチャネル,,,,,,,,,,,,,,,,,推荐频道
Search,,,,,,,,,,,,,,検索,,,,,,,,,,,,,,,,,搜索
Search YouTube,,,,,,,,,,,,,,YouTubeの検索,,,,,,,,,,,,,,,,,搜索 YouTube
Search {l2} YouTube,,,,,,,,,,,,,,{l2}YouTube検索,,,,,,,,,,,,,,,,,搜索YouTube的{l2}视频
Search languages,,,,,,,,,,,,,,言語の検索,,,,,,,,,,,,,,,,,搜索语言
Moldova,,,,,,,,,,,,,,モルドバ,몰도바,,,,,,,,,,,,,,,,摩尔多瓦
Morocco,,,,,,,,,,,,,,モロッコ,모로코,,,,,,,,,,,,,,,,摩洛哥
Monaco,,,,,,,,,,,,,,モナコ,모나코,,,,,,,,,,,,,,,,摩纳哥
Play,,,,,,,,,,,,,,再生,재생,,,,,,,,,,,,,,,,播放
Playlists,,,,,,,,,,,,,,プレイリスト,,,,,,,,,,,,,,,,,播放列表
Videos in playlists may not have subtitles.,,,,,,,,,,,,,,プレイリスト内のビデオには字幕が付いていない場合があります。,,,,,,,,,,,,,,,,,播放列表中的某些视频可能没有字幕。
Transcript,,,,,,,,,,,,,,トランスクリプト,스크립트,,,,,,,,,,,,,,,,文字转录
Text Reader,,,,,,,,,,,,,,テキストリーダー,,,,,,,,,,,,,,,,,文本阅读器
Brunei,,,,,,,,,,,,,,ブルネイ,브루나이,,,,,,,,,,,,,,,,文莱
Literary Chinese,,,,,,,,,,,,,,漢文,한문,,,,,,,,,,,,,,,,文言文
Fiji,,,,,,,,,,,,,,フィジー,피지,,,,,,,,,,,,,,,,斐济
Swaziland,,,,,,,,,,,,,,スワジランド,스와질란드,,,,,,,,,,,,,,,,斯威士兰
Slovakia,,,,,,,,,,,,,,スロバキア,슬로바키아,,,,,,,,,,,,,,,,斯洛伐克
Slovenia,,,,,,,,,,,,,,スロベニア,슬로베니아,,,,,,,,,,,,,,,,斯洛文尼亚
Svalbard and Jan Mayen,,,,,,,,,,,,,,スバルバードとヤン·メイエン,스발바르와 얀 메이엔,,,,,,,,,,,,,,,,斯瓦尔巴和扬马延
Swahili,,,,,,,,,,,,,,スワヒリ語,스와힐리어,,,,,,,,,,,,,,,tiếng Swahili,斯瓦希里语
Sri Lanka,,,,,,,,,,,,,,スリランカ,스리랑카,,,,,,,,,,,,,,,,斯里兰卡
Singapore,,,,,,,,,,,,,,シンガポール,싱가포르,,,,,,,,,,,,,,,,新加坡
Newly Added,,,,,,,,,,,,,,新規追加,,,,,,,,,,,,,,,,,新加的视频
New Caledonia,,,,,,,,,,,,,,ニューカレドニア,누벨칼레도니,,,,,,,,,,,,,,,,新喀里多尼亚
New Videos,,,,,,,,,,,,,,新しい動画,,,,,,,,,,,,,,,,,新视频
New Zealand,,,,,,,,,,,,,,ニュージーランド,뉴질랜드,,,,,,,,,,,,,,,,新西兰
News,,,,,,,,,,,,,,ニュース,,,,,,,,,,,,,,,,,新闻
News Report,,,,,,,,,,,,,,ニュース·レポート,,,,,,,,,,,,,,,,,新闻报导
Japan,,,,,,,,,,,,,,日本,일본,,,,,,,,,,,,,,,,日本
Japanese,,,,,,,,,,,,,,日本語,일본어,,,,,,,,,,,,,,,tiếng Nhật,日语
Show {count} More,,,,,,,,,,,,,,{count}追加表示,,,,,,,,,,,,,,,,,显示另外 {count} 项
Show Transcript & Quizzes,,,,,,,,,,,,,,トランスクリプトとクイズを表示する,대본 및 퀴즈 표시,,,,,,,,,,,,,,,,显示文字转录与小测验
Chile,,,,,,,,,,,,,,チリ,칠리,,,,,,,,,,,,,,,,智利
Pause,,,,,,,,,,,,,,一時停止,멈추다,,,,,,,,,,,,,,,,暂停
More,,,,,,,,,,,,,,他,,,,,,,,,,,,,,,,,更多
More Info,,,,,,,,,,,,,,詳細情報,추가 정보,,,,,,,,,,,,,,,,更多信息
Topics,,,,,,,,,,,,,,トピック,,,,,,,,,,,,,,,,,更多分类
More info on:,,,,,,,,,,,,,,詳細:,자세한 내용:,,,,,,,,,,,,,,,,更多资料:
Sentences with “{text}”,,,,,,,,,,,,,,「{text}」の文,,,,,,,,,,,,,,,,,有 “{text}” 的句子
Contact Jon with course-related questions.,,,,,,,,,,,,,,コースに関する質問はジョンに連絡してください。,,,,,,,,,,,,,,,,,有关课程内容的问题，请联系 Jon。
Audiobooks,,,,,,,,,,,,,,オーディオブック,,,,,,,,,,,,,,,,,有声书
North Korea,,,,,,,,,,,,,,北朝鮮,북한,,,,,,,,,,,,,,,,朝鲜
Misc,,,,,,,,,,,,,,ミスク,,,,,,,,,,,,,,,,,未归类
View all of our courses on,,,,,,,,,,,,,,に関するデルの全コースをご覧ください。,,,,,,,,,,,,,,,,,查看所有课程，前往
Look Up Phrases,,,,,,,,,,,,,,フレーズの検索,,,,,,,,,,,,,,,,,查短语
Lookup Phrases,,,,,,,,,,,,,,検索語句,,,,,,,,,,,,,,,,,查短语
Look Up,,,,,,,,,,,,,,ルックアップ,,,,,,,,,,,,,,,,,查词
Lookup Words,,,,,,,,,,,,,,検索ワード,,,,,,,,,,,,,,,,,查词
Look Up Words,,,,,,,,,,,,,,検索ワード,,,,,,,,,,,,,,,,,查词典
Cambodia,,,,,,,,,,,,,,カンボジア,캄보디아,,,,,,,,,,,,,,,,柬埔寨
Guernsey,,,,,,,,,,,,,,ガーンジー,건지,,,,,,,,,,,,,,,,根西岛
Grenada,,,,,,,,,,,,,,グレナダ,그레나다,,,,,,,,,,,,,,,,格林纳达
Greenland,,,,,,,,,,,,,,グリーンランド,그린란드,,,,,,,,,,,,,,,,格陵兰岛
Vatican City,,,,,,,,,,,,,,バチカン市国,바티칸 시국,,,,,,,,,,,,,,,,梵蒂冈城
Welcome back,,,,,,,,,,,,,,おかえりなさい,,,,,,,,,,,,,,,,,欢迎再次光临
Song,,,,,,,,,,,,,,歌,,,,,,,,,,,,,,,,,歌曲
Belgium,,,,,,,,,,,,,,ベルギー,벨기에,,,,,,,,,,,,,,,,比利时
Compare,,,,,,,,,,,,,,比較,,,,,,,,,,,,,,,,,比较
Compare Languages,,,,,,,,,,,,,,言語を比較する,,,,,,,,,,,,,,,,,比较下不同语言这么说这个词
Mauritania,,,,,,,,,,,,,,モーリタニア,모리타니,,,,,,,,,,,,,,,,毛里塔尼亚
Mauritius,,,,,,,,,,,,,,モーリシャス,모리셔스,,,,,,,,,,,,,,,,毛里求斯
Democratic Republic of the Congo,,,,,,,,,,,,,,コンゴ民主共和国,콩고 민주 공화국,,,,,,,,,,,,,,,,民主刚果
Chinese,,,,,,,,,,,,,,中国語,중국어,,,,,,,,,,,,,,,người Trung Quốc,汉语
Tonga,,,,,,,,,,,,,,トンガ,통가,,,,,,,,,,,,,,,,汤加
Saudi Arabia,,,,,,,,,,,,,,サウジアラビア,사우디아라비아,,,,,,,,,,,,,,,,沙特阿拉伯
YouTube Channels,,,,,,,,,,,,,,YouTubeチャネル,,,,,,,,,,,,,,,,,油管频道
YouTube Channel,,,,,,,,,,,,,,YouTubeチャンネル,,,,,,,,,,,,,,,,,油管频道
Channels,,,,,,,,,,,,,,チャネル,,,,,,,,,,,,,,,,,油管频道
France,,,,,,,,,,,,,,フランス,프랑스.,,,,,,,,,,,,,,,,法国
French Southern Territories,,,,,,,,,,,,,,フランス領南部,프랑스령 남부,,,,,,,,,,,,,,,,法属南部领地
French Guiana,,,,,,,,,,,,,,フランス領ギアナ,프랑스령 기아나,,,,,,,,,,,,,,,,法属圭亚那
French Polynesia,,,,,,,,,,,,,,フランス領ポリネシア,프랑스령 폴리네시아,,,,,,,,,,,,,,,,法属波利尼西亚
Faroe Islands,,,,,,,,,,,,,,フェロー諸島,페로 제도,,,,,,,,,,,,,,,,法罗群岛
French,,,,,,,,,,,,,,フランス語,프랑스어,,,,,,,,,,,,,,,người Pháp,法语
Poland,,,,,,,,,,,,,,ポーランド,폴란드,,,,,,,,,,,,,,,,波兰
Puerto Rico,,,,,,,,,,,,,,プエルトリコ,푸에르토리코,,,,,,,,,,,,,,,,波多黎各
Bosnia and Herzegovina,,,,,,,,,,,,,,ボスニア·ヘルツェゴビナ,보스니아 헤르체고비나,,,,,,,,,,,,,,,,波斯尼亚和黑塞哥维那
Sign Up,,,,,,,,,,,,,,サインアップ,,,,,,,,,,,,,,,,,注册
Create a Free Account,,,,,,,,,,,,,,無料アカウントの作成,,,,,,,,,,,,,,,,,注册免费账户
Note:,,,,,,,,,,,,,,注意:,,,,,,,,,,,,,,,,,注意：
Thailand,,,,,,,,,,,,,,タイ,태국.,,,,,,,,,,,,,,,,泰国
Thai,,,,,,,,,,,,,,タイ語,타이어,,,,,,,,,,,,,,,tiếng Thái,泰语
Zimbabwe,,,,,,,,,,,,,,ジンバブエ,짐바브웨,,,,,,,,,,,,,,,,津巴布韦
Honduras,,,,,,,,,,,,,,ホンジュラス,온두라스,,,,,,,,,,,,,,,,洪都拉斯
What’s Popular,,,,,,,,,,,,,,人気の内容,인기 있는 것,,,,,,,,,,,,,,,,流行资讯
Haiti,,,,,,,,,,,,,,ハイチ,아이티,,,,,,,,,,,,,,,,海地
Add to Saved Words,,,,,,,,,,,,,,保存した単語に追加,저장된 단어에 추가,,,,,,,,,,,,,,,,添加到保存的单词中
Clear,,,,,,,,,,,,,,クリア,,,,,,,,,,,,,,,,,清除
Talks,,,,,,,,,,,,,,会談,,,,,,,,,,,,,,,,,演说
Australia,,,,,,,,,,,,,,オーストラリア,호주.,,,,,,,,,,,,,,,,澳大利亚
Macao,,,,,,,,,,,,,,マカオ,마카오,,,,,,,,,,,,,,,,澳门
Ireland,,,,,,,,,,,,,,アイルランド,아일랜드,,,,,,,,,,,,,,,,爱尔兰
Irish,,,,,,,,,,,,,,アイルランド語,아일랜드어,,,,,,,,,,,,,,,người Ireland,爱尔兰语
Estonia,,,,,,,,,,,,,,エストニア,에스토니아,,,,,,,,,,,,,,,,爱沙尼亚
Jamaica,,,,,,,,,,,,,,ジャマイカ,자메이카,,,,,,,,,,,,,,,,牙买加
Turks and Caicos Islands,,,,,,,,,,,,,,タークス·カイコス諸島,터크스 케이코스 제도,,,,,,,,,,,,,,,,特克斯和凯科斯群岛
Trinidad and Tobago,,,,,,,,,,,,,,トリニダード·トバゴ,트리니다드 토바고,,,,,,,,,,,,,,,,特立尼达和多巴哥
Bolivia,,,,,,,,,,,,,,ボリビア,볼리비아,,,,,,,,,,,,,,,,玻利维亚
Nauru,,,,,,,,,,,,,,ナウル,나우루,,,,,,,,,,,,,,,,瑙鲁
Sweden,,,,,,,,,,,,,,スウェーデン,스웨덴,,,,,,,,,,,,,,,,瑞典
Swedish,,,,,,,,,,,,,,スウェーデン語,스웨덴어,,,,,,,,,,,,,,,Thụy Điển,瑞典语
Switzerland,,,,,,,,,,,,,,スイス,스위스,,,,,,,,,,,,,,,,瑞士
Guadeloupe,,,,,,,,,,,,,,グアドループ,과들루프,,,,,,,,,,,,,,,,瓜德罗普岛
Wallis and Futuna,,,,,,,,,,,,,,ウォリスとフツナ,왈리스와 푸투나,,,,,,,,,,,,,,,,瓦利斯和富图纳
Vanuatu,,,,,,,,,,,,,,バヌアツ,바누아투,,,,,,,,,,,,,,,,瓦努阿图
Generate,,,,,,,,,,,,,,生成,,,,,,,,,,,,,,,,,生成
My Words,,,,,,,,,,,,,,マイ·ワード,,,,,,,,,,,,,,,,,生词本
Search for more sentences at,,,,,,,,,,,,,,次のページでさらに文章を検索します。,,,,,,,,,,,,,,,,,用其他服务搜索更多例句
Affiliate Program,,,,,,,,,,,,,,アフィリエイトプログラム,,,,,,,,,,,,,,,,,申请销售代理
Movie,,,,,,,,,,,,,,映画,,,,,,,,,,,,,,,,,电影
Movies,,,,,,,,,,,,,,映画,,,,,,,,,,,,,,,,,电影
Live TV,,,,,,,,,,,,,,ライブTV,,,,,,,,,,,,,,,,,电视直播
TV Shows,,,,,,,,,,,,,,テレビ番組,,,,,,,,,,,,,,,,,电视节目
Logout,,,,,,,,,,,,,,ログアウト,,,,,,,,,,,,,,,,,登出
Login,,,,,,,,,,,,,,ログイン,,,,,,,,,,,,,,,,,登陆
Belarus,,,,,,,,,,,,,,ベラルーシ,벨라루스,,,,,,,,,,,,,,,,白俄罗斯
Bermuda,,,,,,,,,,,,,,バミューダ,버뮤다,,,,,,,,,,,,,,,,百慕大群岛
’s Language Dashboard,,,,,,,,,,,,,,の言語ダッシュボード,,,,,,,,,,,,,,,,,的语言学习进度表
Pitcairn Islands,,,,,,,,,,,,,,ピッケアン諸島,핏케언 제도,,,,,,,,,,,,,,,,皮特凯恩群岛
"Languages include Chinese (Mandarin and Cantonese), Japanese, English, French, German, Spanish, Korean, Russian, Italian, and 207 other languages.",,,,,,,,,,,,,,言語には、中国語（マンダリン語と広東語）、日本語、英語、フランス語、ドイツ語、スペイン語、韓国語、ロシア語、イタリア語、その他207の言語があります。,,,,,,,,,,,,,,,,,目标语言包括英语、日语、法语、德语、西班牙语、韩语、俄语、意大利语、汉语（普通话和粤语），以及其他 207 种语言。
Gibraltar,,,,,,,,,,,,,,ジブラルタル,지브롤터,,,,,,,,,,,,,,,,直布罗陀
Learn languages with videos.,,,,,,,,,,,,,,ビデオで言語を学ぶ。,,,,,,,,,,,,,,,,,看视频，学外语。
Phrasebooks,,,,,,,,,,,,,,フレーズブック,,,,,,,,,,,,,,,,,短语集
Community,,,,,,,,,,,,,,コミュニティ,,,,,,,,,,,,,,,,,社群
Audio-Visual,,,,,,,,,,,,,,オーディオビジュアル,,,,,,,,,,,,,,,,,视听资源
Videos,,,,,,,,,,,,,,ビデオ,,,,,,,,,,,,,,,,,视频
Video Count,,,,,,,,,,,,,,ビデオ数,,,,,,,,,,,,,,,,,视频总数
Falkland Islands,,,,,,,,,,,,,,フォークランド諸島,포클랜드 제도,,,,,,,,,,,,,,,,福克兰群岛
Kuwait,,,,,,,,,,,,,,クウェート,쿠웨이트,,,,,,,,,,,,,,,,科威特
Comoros,,,,,,,,,,,,,,コモロ,코모로,,,,,,,,,,,,,,,,科摩罗
Cocos [Keeling] Islands,,,,,,,,,,,,,,ココス[キーリング]諸島,코코스[킬링] 제도,,,,,,,,,,,,,,,,科科斯[基林]群岛
Peru,,,,,,,,,,,,,,ペルー,페루,,,,,,,,,,,,,,,,秘鲁
Tunisia,,,,,,,,,,,,,,チュニジア,튀니지,,,,,,,,,,,,,,,,突尼斯
Lithuania,,,,,,,,,,,,,,リトアニア,리투아니아,,,,,,,,,,,,,,,,立陶宛
Read any online document by pasting the URL.,,,,,,,,,,,,,,URLを貼り付けてオンラインドキュメントを読みます。,,,,,,,,,,,,,,,,,粘贴网址，阅读任意网上文章。
Somalia,,,,,,,,,,,,,,ソマリア,소말리아,,,,,,,,,,,,,,,,索马里
Namibia,,,,,,,,,,,,,,ナミビア,나미비아,,,,,,,,,,,,,,,,纳米比亚
Niue,,,,,,,,,,,,,,ニウエ,니우에,,,,,,,,,,,,,,,,纽埃
Wiki,,,,,,,,,,,,,,Wiki,,,,,,,,,,,,,,,,,维基
Wikipedia,,,,,,,,,,,,,,ウィキペディア,위키백과,,,,,,,,,,,,,,,,维基百科
Wiktionary,,,,,,,,,,,,,,ウィクショナリー,위키백과,,,,,,,,,,,,,,,,维基词典
Myanmar [Burma],,,,,,,,,,,,,,ミャンマー[ビルマ].,미얀마 [버마],,,,,,,,,,,,,,,,缅甸[缅甸]
Images of “{text}” on the Web,,,,,,,,,,,,,,Web上の「{text}」のイメージ,,,,,,,,,,,,,,,,,网上关于 “{text}” 的图片
Web Reader,,,,,,,,,,,,,,Webリーダー,,,,,,,,,,,,,,,,,网页阅读器
Romania,,,,,,,,,,,,,,ルーマニア,루마니아,,,,,,,,,,,,,,,,罗马尼亚
Romanian,,,,,,,,,,,,,,ルーマニア語,루마니아어,,,,,,,,,,,,,,,Rumani,罗马尼亚语
United States,,,,,,,,,,,,,,アメリカ合衆国,미국,,,,,,,,,,,,,,,,美国
U.S. Minor Outlying Islands,,,,,,,,,,,,,,アメリカ合衆国の離島,미국령 외딴 섬,,,,,,,,,,,,,,,,美国小外岛
U.S. Virgin Islands,,,,,,,,,,,,,,アメリカ領バージン諸島,미국령 버진아일랜드,,,,,,,,,,,,,,,,美属维尔京群岛
American Samoa,,,,,,,,,,,,,,アメリカ領サモア,아메리칸사모아,,,,,,,,,,,,,,,,美属萨摩亚
Translate,,,,,,,,,,,,,,翻訳,,,,,,,,,,,,,,,,,翻译
Web Translators,,,,,,,,,,,,,,オンライン翻訳,,,,,,,,,,,,,,,,,翻译器比较
Laos,,,,,,,,,,,,,,ラオス,라오스,,,,,,,,,,,,,,,,老挝
Contact,,,,,,,,,,,,,,連絡先,,,,,,,,,,,,,,,,,联系
Contact {l2} Zero to Hero,,,,,,,,,,,,,,{l2}ゼロからヒーローに連絡,,,,,,,,,,,,,,,,,联系{l2}英雄
Contact Us,,,,,,,,,,,,,,お問い合わせ,,,,,,,,,,,,,,,,,联系我们
Kenya,,,,,,,,,,,,,,ケニア,케냐,,,,,,,,,,,,,,,,肯尼亚
Custom Reading,,,,,,,,,,,,,,カスタム読み取り,,,,,,,,,,,,,,,,,自定义阅读
Finland,,,,,,,,,,,,,,フィンランド,핀란드,,,,,,,,,,,,,,,,芬兰
Finnish,,,,,,,,,,,,,,フィンランド語,핀란드어,,,,,,,,,,,,,,,Phần Lan,芬兰语
Sudan,,,,,,,,,,,,,,スーダン,수단,,,,,,,,,,,,,,,,苏丹
Suriname,,,,,,,,,,,,,,スリナム,수리남,,,,,,,,,,,,,,,,苏里南
United Kingdom,,,,,,,,,,,,,,イギリス,영국,,,,,,,,,,,,,,,,英国
British Indian Ocean Territory,,,,,,,,,,,,,,イギリス領インド洋準州,영국령 인도양 준주,,,,,,,,,,,,,,,,英属印度洋领土
British Virgin Islands,,,,,,,,,,,,,,英国領バージン諸島,영국령 버진아일랜드,,,,,,,,,,,,,,,,英属维尔京群岛
English,Engels,إنجليزي,,,Αγγλικά,Englanti,Anglais,Béarla,अंग्रेज़ी,Engleski,Angol,,Inglese,英語,,Anglicus,,Engels,,Angielski,Inglês,Engleză,Aнглийский,Inglés,Енглеска,Kiingereza,Engelska,,ingilizce,,英语
English,,,,,,,,,,,,,,英語,영어,,,,,,,,,,,,,,,Tiếng Anh,英语
English Zero to Hero,"Engels, Nul tot held","الإنجليزية,من الصفر الى البطل",,,"Αγγλικά, Μηδέν στον Ήρωα","Englanti, nolla sankarille","Anglais, Zéro à héro","Béarla, nialas go laoch","अंग्रेज़ी, जीरो से हीरो","Engleski, nula heroju","Angol, nulla hősnek",,"Inglese, zero all'eroe",イングランド·ゼロ·ツー·ヒーロー,,"Anglicus, nulla heros est",,"Engels, Nul naar Held",,"Angielski, zero do bohatera","Inglês, zero para o herói","Engleză, zero la erou","Aнглийский, ноль герою","Inglés, Cero al héroe","Енглеска, нула хероју","Kiingereza, sifuri kwa shujaa","Engelska, noll till hjälten",,"ingilizce, sıfırdan zirveye",,英语英雄
Zero to Hero,,,,,,,,,,,,,,ゼロ·トゥ·ヒーロー,,,,,,,,,,Cero al héroe,,,,,,,英雄
Netherlands,,,,,,,,,,,,,,オランダ,네덜란드,,,,,,,,,,,,,,,,荷兰
Dutch,,,,,,,,,,,,,,オランダ語,네덜란드어,,,,,,,,,,,,,,,tiếng Hà Lan,荷兰语
Mozambique,,,,,,,,,,,,,,モザンビーク,모잠비크,,,,,,,,,,,,,,,,莫桑比克
Lesotho,,,,,,,,,,,,,,レソト,레소토,,,,,,,,,,,,,,,,莱索托
Philippines,,,,,,,,,,,,,,フィリピン,필리핀,,,,,,,,,,,,,,,,菲律宾
El Salvador,,,,,,,,,,,,,,エルサルバドル,엘살바도르,,,,,,,,,,,,,,,,萨尔瓦多
Samoa,,,,,,,,,,,,,,サモア,사모아,,,,,,,,,,,,,,,,萨摩亚
Portugal,,,,,,,,,,,,,,ポルトガル,포르투갈,,,,,,,,,,,,,,,,葡萄牙
Portuguese,,,,,,,,,,,,,,ポルトガル語,포르투갈어,,,,,,,,,,,,,,,tiếng Bồ Đào Nha,葡萄牙语
Mongolia,,,,,,,,,,,,,,モンゴル,몽골,,,,,,,,,,,,,,,,蒙古
Montserrat,,,,,,,,,,,,,,モンセラット,몬트세랫,,,,,,,,,,,,,,,,蒙特塞拉特
in passive,,,,,,,,,,,,,,受け身で,,,,,,,,,,,,,,,,,被动语态
Western Sahara,,,,,,,,,,,,,,西サハラ,서사하라,,,,,,,,,,,,,,,,西撒哈拉
Spain,,,,,,,,,,,,,,スペイン,스페인,,,,,,,,,,,,,,,,西班牙
Spanish,,,,,,,,,,,,,,スペイン語,스페인어,,,,,,,,,,,,,,,người Tây Ban Nha,西班牙语
My History,,,,,,,,,,,,,,履歴,,,,,,,,,,,,,,,,,观看历史
Watch History,,,,,,,,,,,,,,視聴履歴,,,,,,,,,,,,,,,,,观看历史
Drastically improve your language skills by binge watching videos in the target language.,,,,,,,,,,,,,,ターゲット言語でビデオを大量に視聴することで、言語スキルを大幅に向上させます。,,,,,,,,,,,,,,,,,观看大量目标语言视频，大幅提高语言技能。
Play & Learn,,,,,,,,,,,,,,再生する,,,,,,,,,,,,,,,,,观看学习
Watch Full,,,,,,,,,,,,,,フル機能搭載,,,,,,,,,,,,,,,,,观看完整版
Discussions,,,,,,,,,,,,,,ディスカッション,,,,,,,,,,,,,,,,,讨论
Learn English through various languages:,,,,,,,,,,,,,,さまざまな言語で英語を学ぶ:,,,,,,,,,,,,,,,,,让全世界学习英语：
Courses that take your {l2} to the next level.,,,,,,,,,,,,,,{l2}を次のレベルに移動するコースです。,,,,,,,,,,,,,,,,,让您的{l2}步入新阶段的语言课程
Settings,,,,,,,,,,,,,,設定,,,,,,,,,,,,,,,,,设置
Dictionary,,,,,,,,,,,,,,辞書,,,,,,,,,,,,,,,,,词典
Vocabulary,,,,,,,,,,,,,,ボキャブラリー,,,,,,,,,,,,,,,,,词汇
Etymology Dictionary,,,,,,,,,,,,,,語源辞典,어원 사전,,,,,,,,,,,,,,,,词源词典
Collocations provided by,,,,,,,,,,,,,,によって提供されるコラボレーション,,,,,,,,,,,,,,,,,词语搭配提供方
Usage Trends,,,,,,,,,,,,,,語彙トレンド,단어 빈도 추세,,,,,,,,,,,,,,,,词频趋势
Try these resources:,,,,,,,,,,,,,,次のリソースを試します。,,,,,,,,,,,,,,,,,试试以下资源
Corpus,,,,,,,,,,,,,,コーパス,,,,,,,,,,,,,,,,,语料库
Text Corpus Settings,,,,,,,,,,,,,,テキストコーパスの設定,,,,,,,,,,,,,,,,,语料库设置
Language,,,,,,,,,,,,,,言語,,,,,,,,,,,,,,,,,语言
Languages,,,,,,,,,,,,,,言語,,,,,,,,,,,,,,,,,语言
Language Users,,,,,,,,,,,,,,言語ユーザ,,,,,,,,,,,,,,,,,语言使用者
Language Map,,,,,,,,,,,,,,言語マップ,,,,,,,,,,,,,,,,,语言地图
Language Courses,,,,,,,,,,,,,,言語コース,,,,,,,,,,,,,,,,,语言课程
Norfolk Island,,,,,,,,,,,,,,ノーフォーク島,노퍽 섬,,,,,,,,,,,,,,,,诺福克岛
Textbooks,,,,,,,,,,,,,,教科書,,,,,,,,,,,,,,,,,课本
Courses,,,,,,,,,,,,,,コース,,,,,,,,,,,,,,,,,课程
Course Textbooks,,,,,,,,,,,,,,コースの教科書,,,,,,,,,,,,,,,,,课程中使用的课本
Ivory Coast,,,,,,,,,,,,,,コートジボワール,코트디부아르,,,,,,,,,,,,,,,,象牙海岸
Benin,,,,,,,,,,,,,,ベナン,베냉,,,,,,,,,,,,,,,,贝宁
Resources,,,,,,,,,,,,,,リソース,,,,,,,,,,,,,,,,,资源
Zambia,,,,,,,,,,,,,,ザンビア,잠비아,,,,,,,,,,,,,,,,赞比亚
Equatorial Guinea,,,,,,,,,,,,,,赤道ギニア,적도 기니,,,,,,,,,,,,,,,,赤道几内亚
Heard Island and McDonald Islands,,,,,,,,,,,,,,ハート島とマクドナルド諸島,허드 섬과 맥도널드 제도,,,,,,,,,,,,,,,,赫德岛和麦克唐纳群岛
Vietnam,,,,,,,,,,,,,,ベトナム,베트남,,,,,,,,,,,,,,,,越南
Vietnamese,,,,,,,,,,,,,,ベトナム語,베트남어,,,,,,,,,,,,,,,Tiếng Việt,越南语
Collocations with “{text}”,,,,,,,,,,,,,,「{text}」とのコラボレーション,,,,,,,,,,,,,,,,,跟 “{text}” 的词语搭配
Look up {l2} words here...,,,,,,,,,,,,,,ここで{l2}単語を検索してください。,,,,,,,,,,,,,,,,,输入{l2}单词……
Listen & Learn,,,,,,,,,,,,,,聞き取りと学習,,,,,,,,,,,,,,,,,边听边学
Read & Listen,,,,,,,,,,,,,,読み取りと聞き取り,,,,,,,,,,,,,,,,,边听边读
Jersey,,,,,,,,,,,,,,ジャージー,저지,,,,,,,,,,,,,,,,运动衫
Back,,,,,,,,,,,,,,戻る,,,,,,,,,,,,,,,,,返回
"These words are stored in your browser's local storage, which persists unless you clear your browsing data.",,,,,,,,,,,,,,これらの単語はブラウザのローカルストレージに保存されます。ブラウザのローカルストレージは、ブラウジングデータをクリアしない限り保持されます。,,,,,,,,,,,,,,,,,这些单词将存储于浏览器的本地存储（local storage）中。除非您清除浏览数据，否则该存储会持续保留。
Choose Episode,,,,,,,,,,,,,,エピソードの選択,,,,,,,,,,,,,,,,,选剧集
Voice,,,,,,,,,,,,,,声,,,,,,,,,,,,,,,,,选择人声
Choose Song,,,,,,,,,,,,,,曲の選択,,,,,,,,,,,,,,,,,选歌
Choose Video,,,,,,,,,,,,,,ビデオの選択,,,,,,,,,,,,,,,,,选视频
Choose Chapter,,,,,,,,,,,,,,章の選択,,,,,,,,,,,,,,,,,选章节
Learn varous languages through English:,,,,,,,,,,,,,,さまざまな言語を英語で学ぶ:,,,,,,,,,,,,,,,,,通过英语学习其他语言：
Definitions,,,,,,,,,,,,,,定義,,,,,,,,,,,,,,,,,释义
Enter a search term in {l2}...,,,,,,,,,,,,,,{l2}に検索用語を入力してください...,,,,,,,,,,,,,,,,,键入{l2}关键词……
Min Nan,,,,,,,,,,,,,,ミンナン,,,,,,,,,,,,,,,,,闽南语
Min Nan Chinese,,,,,,,,,,,,,,ミンナン中国語,,,,,,,,,,,,,,,,,闽南语
Min Nan,,,,,,,,,,,,,,ミンナン語,민난어,,,,,,,,,,,,,,,Mân Nam,闽南语
Library,,,,,,,,,,,,,,図書館,,,,,,,,,,,,,,,,,阅览室
Reading,,,,,,,,,,,,,,読書,,,,,,,,,,,,,,,,,阅读
Guided Readers,,,,,,,,,,,,,,ガイド付き読者,,,,,,,,,,,,,,,,,阅读材料
Azerbaijan,,,,,,,,,,,,,,アゼルバイジャン,아제르바이잔,,,,,,,,,,,,,,,,阿塞拜疆
Afghanistan,,,,,,,,,,,,,,アフガニスタン,아프가니스탄,,,,,,,,,,,,,,,,阿富汗
Algeria,,,,,,,,,,,,,,アルジェリア,알제리,,,,,,,,,,,,,,,,阿尔及利亚
Albania,,,,,,,,,,,,,,アルバニア,알바니아,,,,,,,,,,,,,,,,阿尔巴尼亚
United Arab Emirates,,,,,,,,,,,,,,アラブ首長国連邦,아랍에미리트,,,,,,,,,,,,,,,,阿拉伯联合酋长国
Arabic,,,,,,,,,,,,,,アラビア語,아랍어,,,,,,,,,,,,,,,tiếng Ả Rập,阿拉伯语
Oman,,,,,,,,,,,,,,オマーン,오만,,,,,,,,,,,,,,,,阿曼
Argentina,,,,,,,,,,,,,,アルゼンチン,아르헨티나,,,,,,,,,,,,,,,,阿根廷
Aruba,,,,,,,,,,,,,,アルバ,아루바,,,,,,,,,,,,,,,,阿鲁巴
Random,,,,,,,,,,,,,,ランダム,,,,,,,,,,,,,,,,,随机
Collapse Video,,,,,,,,,,,,,,ビデオの縮小,비디오 축소,,,,,,,,,,,,,,,,隐藏视频
South Korea,,,,,,,,,,,,,,韓国,대한민국.,,,,,,,,,,,,,,,,韩国
Korean,,,,,,,,,,,,,,韓国語,한국어,,,,,,,,,,,,,,,Hàn Quốc,韩语
Songs,,,,,,,,,,,,,,歌,,,,,,,,,,,,,,,,,音乐
Music,,,,,,,,,,,,,,音楽,,,,,,,,,,,,,,,,,音乐
Page,,,,,,,,,,,,,,ページ,,,,,,,,,,,,,,,,,页
Channel,,,,,,,,,,,,,,チャンネル,채널,,,,,,,,,,,,,,,,频道
Hong Kong,,,,,,,,,,,,,,香港,홍콩,,,,,,,,,,,,,,,,香港
Maldives,,,,,,,,,,,,,,モルディブ,몰디브,,,,,,,,,,,,,,,,马尔代夫
Isle of Man,,,,,,,,,,,,,,マン島,맨 섬,,,,,,,,,,,,,,,,马恩岛
Malawi,,,,,,,,,,,,,,マラウイ,말라위,,,,,,,,,,,,,,,,马拉维
Martinique,,,,,,,,,,,,,,マルティニーク,마르티니크,,,,,,,,,,,,,,,,马提尼克岛
Malaysia,,,,,,,,,,,,,,マレーシア,말레이시아,,,,,,,,,,,,,,,,马来西亚
Mayotte,,,,,,,,,,,,,,マヨット,마요트,,,,,,,,,,,,,,,,马约特
Marshall Islands,,,,,,,,,,,,,,マーシャル諸島,마셜 제도,,,,,,,,,,,,,,,,马绍尔群岛
Malta,,,,,,,,,,,,,,マルタ,몰타,,,,,,,,,,,,,,,,马耳他
Madagascar,,,,,,,,,,,,,,マダガスカル,마다가스카르.,,,,,,,,,,,,,,,,马达加斯加
Mali,,,,,,,,,,,,,,マリ,말리,,,,,,,,,,,,,,,,马里
Lebanon,,,,,,,,,,,,,,レバノン,레바논,,,,,,,,,,,,,,,,黎巴嫩
Montenegro,,,,,,,,,,,,,,モンテネグロ,몬테네그로,,,,,,,,,,,,,,,,黑山
Mexico,,,,,,,,,,,,,,メキシコ,멕시코,,,,,,,,,,,,,,,,墨西哥
{word} and/or ...,,,,,,,,,,,,,,,,,,,,,,,,,,,,,,,
Sci-Fi/Fantasy,,,,,,,,,,,,,,SF/ファンタジー,공상 과학/판타지,,,,,,,,,,,,,,,,科幻/幻想
Import from YouTube,,,,,,,,,,,,,,YouTubeからインポートする,유튜브에서 가져오기,,,,,,,,,,,,,,,,从YouTube导入
Me,,,,,,,,,,,,,,アカウント,나의 것입니다,,,,,,,,,,,,,,,,我的
Action/Adventure,,,,,,,,,,,,,,アクション/アドベンチャー,액션/모험,,,,,,,,,,,,,,,,动作/冒险
What’s your level of English?,,,,,,,,,,,,,,あなたの英語熟練度はどのくらいですか。,당신의 영어 실력은 어떻습니까?,,,,,,,,,,,,,,,,您的英语水平如何？
Episodes,,,,,,,,,,,,,,エピソード,에피소드,,,,,,,,,,,,,,,,选择剧集
Entertainment,,,,,,,,,,,,,,エンターテインメント,오락 영화,,,,,,,,,,,,,,,,娱乐片
Audiobook,,,,,,,,,,,,,,オーディオブック,오디오북,,,,,,,,,,,,,,,,有声读物
Categories,,,,,,,,,,,,,,カテゴリー,카테고리,,,,,,,,,,,,,,,,类别
Gaming,,,,,,,,,,,,,,ゲーム,게임,,,,,,,,,,,,,,,,游戏
Comedy,,,,,,,,,,,,,,コメディ,희극,,,,,,,,,,,,,,,,喜剧
Feedback,,,,,,,,,,,,,,ご意見,피드백,,,,,,,,,,,,,,,,意见反馈
Shorts,,,,,,,,,,,,,,ショート,쇼트 클립,,,,,,,,,,,,,,,,短视频
Sports,,,,,,,,,,,,,,スポーツ,스포츠,,,,,,,,,,,,,,,,体育
Thriller,,,,,,,,,,,,,,スリラー,스릴러 영화,,,,,,,,,,,,,,,,惊悚片
TV Show,,,,,,,,,,,,,,テレビ番組,텔레비전 프로그램,,,,,,,,,,,,,,,,电视节目
Documentary,,,,,,,,,,,,,,ドキュメンタリー,다큐멘터리 영화,,,,,,,,,,,,,,,,纪录片
Which categories of content interest you?,,,,,,,,,,,,,,どのカテゴリーに興味がありますか,관심 있는 콘텐츠 카테고리가 어떻게 되시나요?,,,,,,,,,,,,,,,,您感兴趣的内容类别是什么？
Drama,,,,,,,,,,,,,,ドラマ,희극,,,,,,,,,,,,,,,,戏
Trailers,,,,,,,,,,,,,,トレーラー,트레일러,,,,,,,,,,,,,,,,拖车
News & Politics,,,,,,,,,,,,,,ニュースと政治,뉴스와 정치,,,,,,,,,,,,,,,,新闻与政治
How-to & Style,,,,,,,,,,,,,,ハウツーとスタイル,가이드와 패션,,,,,,,,,,,,,,,,指南与时尚
Family,,,,,,,,,,,,,,ファミリー映画,가정,,,,,,,,,,,,,,,,家庭
Videoblogging,,,,,,,,,,,,,,ブイログ,비디오 블로그,,,,,,,,,,,,,,,,视频博客
People & Blogs,,,,,,,,,,,,,,ブログ,피플과 블로그,,,,,,,,,,,,,,,,人物和博客
Pets & Animals,,,,,,,,,,,,,,ペット&動物,애완동물과 동물,,,,,,,,,,,,,,,,宠物和动物
Home,,,,,,,,,,,,,,ホーム,홈,,,,,,,,,,,,,,,,首页
Horror,,,,,,,,,,,,,,ホラー,공포,,,,,,,,,,,,,,,,恐怖
Collapse Menu,,,,,,,,,,,,,,メニューを隠す,메뉴 숨기기,,,,,,,,,,,,,,,,隐藏菜单
Advanced I,,,,,,,,,,,,,,上級 I・IELTS 7-8,프리미엄 I · IELTS 7-8,,,,,,,,,,,,,,,,高级 I・雅思 7-8
Advanced II,,,,,,,,,,,,,,上級 II・IELTS 8.5-9,프리미엄 II · IELTS 8.5-9,,,,,,,,,,,,,,,,高级 II・雅思 8.5-9
Intermediate I,,,,,,,,,,,,,,中級 I・IELTS 4-5,중급 I · IELTS 4-5,,,,,,,,,,,,,,,,中级 I・雅思 4-5
Intermediate II,,,,,,,,,,,,,,中級 II・IELTS 5.5-6.5,중급 II · IELTS 5.5-6.5,,,,,,,,,,,,,,,,中级 II・雅思 5.5-6.5
Beginner I,,,,,,,,,,,,,,初級 I,초급 I,,,,,,,,,,,,,,,,初级 I
Beginner II,,,,,,,,,,,,,,初級 II,초급 II,,,,,,,,,,,,,,,,初级 II
Beginner III,,,,,,,,,,,,,,初級 III,초급 III,,,,,,,,,,,,,,,,初级 III
Continue Watching,,,,,,,,,,,,,,動画を続ける,계속 감상하다,,,,,,,,,,,,,,,,继续观赏
Classics,,,,,,,,,,,,,,古典,경전,,,,,,,,,,,,,,,,经典
See more languages on a map,,,,,,,,,,,,,,地図に言語の分布を見る,지도에서 더 많은 언어 보기,,,,,,,,,,,,,,,,在地图上查看更多语言
Foreign,,,,,,,,,,,,,,外国映画,외국 영화,,,,,,,,,,,,,,,,外国片
Kids,,,,,,,,,,,,,,子供向け,어린이,,,,,,,,,,,,,,,,儿童
Phonological Features,,,,,,,,,,,,,,弁別的素性,음계학적 특징,,,,,,,,,,,,,,,,音系学特征
About,,,,,,,,,,,,,,情報,우리에 대해서,,,,,,,,,,,,,,,,关于我们
Education,,,,,,,,,,,,,,教育,교육,,,,,,,,,,,,,,,,教育
Travel & Events,,,,,,,,,,,,,,旅行とイベント,여행과 활동,,,,,,,,,,,,,,,,旅行与活动
Anime/Animation,,,,,,,,,,,,,,日本のアニメ,애니메이션,,,,,,,,,,,,,,,,动漫
Film & Animation,,,,,,,,,,,,,,映画とアニメ,영화 애니메이션,,,,,,,,,,,,,,,,电影动画
Shows,,,,,,,,,,,,,,番組,드라마,,,,,,,,,,,,,,,,电视剧
Short Movies,,,,,,,,,,,,,,短編映画,마이크로필름,,,,,,,,,,,,,,,,微电影
Science & Technology,,,,,,,,,,,,,,科学と技術,과학 기술,,,,,,,,,,,,,,,,科学技术
Continue,,,,,,,,,,,,,,続く,계속,,,,,,,,,,,,,,,,继续
Autos & Vehicles,,,,,,,,,,,,,,自動車と乗り物,자동차,,,,,,,,,,,,,,,,汽车
Face of the Language,,,,,,,,,,,,,,言語の顔,말의 얼굴,,,,,,,,,,,,,,,,语言的面孔
Map of Languages,,,,,,,,,,,,,,言語地図,언어 지도,,,,,,,,,,,,,,,,语言地图
Tools for linguists,,,,,,,,,,,,,,言語学者向けツール,언어학 도구,,,,,,,,,,,,,,,,语言学工具
Non-profits & Activism,,,,,,,,,,,,,,非営利団体と社会活動,비영리 및 적극주의,,,,,,,,,,,,,,,,非盈利与积极主义
Chapters,,,,,,,,,,,,,,章,장절,,,,,,,,,,,,,,,,章节
"... abaft ""{word}""",,,,,,,,,,,,,,,,,,,,,,,,,,,,,,,
"... aboard ""{word}""",,,,,,,,,,,,,,,,,,,,,,,,,,,,,,,
"... about ""{word}""",,,,,,,,,,,,,,,,,,,,,,,,,,,,,,,
"... above ""{word}""",,,,,,,,,,,,,,,,,,,,,,,,,,,,,,,
"... across ""{word}""",,,,,,,,,,,,,,,,,,,,,,,,,,,,,,,
"... afore ""{word}""",,,,,,,,,,,,,,,,,,,,,,,,,,,,,,,
"... after ""{word}""",,,,,,,,,,,,,,,,,,,,,,,,,,,,,,,
"... against ""{word}""",,,,,,,,,,,,,,,,,,,,,,,,,,,,,,,
"... agin ""{word}""",,,,,,,,,,,,,,,,,,,,,,,,,,,,,,,
"... ago ""{word}""",,,,,,,,,,,,,,,,,,,,,,,,,,,,,,,
"... ahead ""{word}""",,,,,,,,,,,,,,,,,,,,,,,,,,,,,,,
"... albeit ""{word}""",,,,,,,,,,,,,,,,,,,,,,,,,,,,,,,
"... along ""{word}""",,,,,,,,,,,,,,,,,,,,,,,,,,,,,,,
"... alongside ""{word}""",,,,,,,,,,,,,,,,,,,,,,,,,,,,,,,
"... although ""{word}""",,,,,,,,,,,,,,,,,,,,,,,,,,,,,,,
"... amid ""{word}""",,,,,,,,,,,,,,,,,,,,,,,,,,,,,,,
"... amidst ""{word}""",,,,,,,,,,,,,,,,,,,,,,,,,,,,,,,
"... among ""{word}""",,,,,,,,,,,,,,,,,,,,,,,,,,,,,,,
"... amongst ""{word}""",,,,,,,,,,,,,,,,,,,,,,,,,,,,,,,
"... anear ""{word}""",,,,,,,,,,,,,,,,,,,,,,,,,,,,,,,
"... anent ""{word}""",,,,,,,,,,,,,,,,,,,,,,,,,,,,,,,
"... around ""{word}""",,,,,,,,,,,,,,,,,,,,,,,,,,,,,,,
"... as ""{word}""",,,,,,,,,,,,,,,,,,,,,,,,,,,,,,,
"... aslant ""{word}""",,,,,,,,,,,,,,,,,,,,,,,,,,,,,,,
"... astraddle ""{word}""",,,,,,,,,,,,,,,,,,,,,,,,,,,,,,,
"... astride ""{word}""",,,,,,,,,,,,,,,,,,,,,,,,,,,,,,,
"... at ""{word}""",,,,,,,,,,,,,,,,,,,,,,,,,,,,,,,
"... athwart ""{word}""",,,,,,,,,,,,,,,,,,,,,,,,,,,,,,,
"... atop ""{word}""",,,,,,,,,,,,,,,,,,,,,,,,,,,,,,,
"... atween ""{word}""",,,,,,,,,,,,,,,,,,,,,,,,,,,,,,,
"... away ""{word}""",,,,,,,,,,,,,,,,,,,,,,,,,,,,,,,
"... bar ""{word}""",,,,,,,,,,,,,,,,,,,,,,,,,,,,,,,
"... barring ""{word}""",,,,,,,,,,,,,,,,,,,,,,,,,,,,,,,
"... because ""{word}""",,,,,,,,,,,,,,,,,,,,,,,,,,,,,,,
"... before ""{word}""",,,,,,,,,,,,,,,,,,,,,,,,,,,,,,,
"... behind ""{word}""",,,,,,,,,,,,,,,,,,,,,,,,,,,,,,,
"... below ""{word}""",,,,,,,,,,,,,,,,,,,,,,,,,,,,,,,
"... beneath ""{word}""",,,,,,,,,,,,,,,,,,,,,,,,,,,,,,,
"... beside ""{word}""",,,,,,,,,,,,,,,,,,,,,,,,,,,,,,,
"... besides ""{word}""",,,,,,,,,,,,,,,,,,,,,,,,,,,,,,,
"... between ""{word}""",,,,,,,,,,,,,,,,,,,,,,,,,,,,,,,
"... betwixt ""{word}""",,,,,,,,,,,,,,,,,,,,,,,,,,,,,,,
"... beyond ""{word}""",,,,,,,,,,,,,,,,,,,,,,,,,,,,,,,
"... by ""{word}""",,,,,,,,,,,,,,,,,,,,,,,,,,,,,,,
"... chez ""{word}""",,,,,,,,,,,,,,,,,,,,,,,,,,,,,,,
"... circa ""{word}""",,,,,,,,,,,,,,,,,,,,,,,,,,,,,,,
"... come-on ""{word}""",,,,,,,,,,,,,,,,,,,,,,,,,,,,,,,
"... comeon ""{word}""",,,,,,,,,,,,,,,,,,,,,,,,,,,,,,,
"... concerning ""{word}""",,,,,,,,,,,,,,,,,,,,,,,,,,,,,,,
"... considering ""{word}""",,,,,,,,,,,,,,,,,,,,,,,,,,,,,,,
"... cum ""{word}""",,,,,,,,,,,,,,,,,,,,,,,,,,,,,,,
"... despite ""{word}""",,,,,,,,,,,,,,,,,,,,,,,,,,,,,,,
"... directly ""{word}""",,,,,,,,,,,,,,,,,,,,,,,,,,,,,,,
"... down ""{word}""",,,,,,,,,,,,,,,,,,,,,,,,,,,,,,,
"... downstream ""{word}""",,,,,,,,,,,,,,,,,,,,,,,,,,,,,,,
"... downwind ""{word}""",,,,,,,,,,,,,,,,,,,,,,,,,,,,,,,
"... during ""{word}""",,,,,,,,,,,,,,,,,,,,,,,,,,,,,,,
"... en ""{word}""",,,,,,,,,,,,,,,,,,,,,,,,,,,,,,,
"... ere ""{word}""",,,,,,,,,,,,,,,,,,,,,,,,,,,,,,,
"... ex ""{word}""",,,,,,,,,,,,,,,,,,,,,,,,,,,,,,,
"... except ""{word}""",,,,,,,,,,,,,,,,,,,,,,,,,,,,,,,
"... excepting ""{word}""",,,,,,,,,,,,,,,,,,,,,,,,,,,,,,,
"... failing ""{word}""",,,,,,,,,,,,,,,,,,,,,,,,,,,,,,,
"... for ""{word}""",,,,,,,,,,,,,,,,,,,,,,,,,,,,,,,
"... forby ""{word}""",,,,,,,,,,,,,,,,,,,,,,,,,,,,,,,
"... forbye ""{word}""",,,,,,,,,,,,,,,,,,,,,,,,,,,,,,,
"... fore ""{word}""",,,,,,,,,,,,,,,,,,,,,,,,,,,,,,,
"... fornenst ""{word}""",,,,,,,,,,,,,,,,,,,,,,,,,,,,,,,
"... forth ""{word}""",,,,,,,,,,,,,,,,,,,,,,,,,,,,,,,
"... frae ""{word}""",,,,,,,,,,,,,,,,,,,,,,,,,,,,,,,
"... from ""{word}""",,,,,,,,,,,,,,,,,,,,,,,,,,,,,,,
"... here ""{word}""",,,,,,,,,,,,,,,,,,,,,,,,,,,,,,,
"... home ""{word}""",,,,,,,,,,,,,,,,,,,,,,,,,,,,,,,
"... howbeit ""{word}""",,,,,,,,,,,,,,,,,,,,,,,,,,,,,,,
"... if ""{word}""",,,,,,,,,,,,,,,,,,,,,,,,,,,,,,,
"... immediately ""{word}""",,,,,,,,,,,,,,,,,,,,,,,,,,,,,,,
"... in ""{word}""",,,,,,,,,,,,,,,,,,,,,,,,,,,,,,,
"... inland ""{word}""",,,,,,,,,,,,,,,,,,,,,,,,,,,,,,,
"... inside ""{word}""",,,,,,,,,,,,,,,,,,,,,,,,,,,,,,,
"... insofar ""{word}""",,,,,,,,,,,,,,,,,,,,,,,,,,,,,,,
"... into ""{word}""",,,,,,,,,,,,,,,,,,,,,,,,,,,,,,,
"... inward ""{word}""",,,,,,,,,,,,,,,,,,,,,,,,,,,,,,,
"... is a ""{word}""",,,,,,,,,,,,,,,,,,,,,,,,,,,,,,,
"... layabout ""{word}""",,,,,,,,,,,,,,,,,,,,,,,,,,,,,,,
"... less ""{word}""",,,,,,,,,,,,,,,,,,,,,,,,,,,,,,,
"... lest ""{word}""",,,,,,,,,,,,,,,,,,,,,,,,,,,,,,,
"... like ""{word}""",,,,,,,,,,,,,,,,,,,,,,,,,,,,,,,
"... maugre ""{word}""",,,,,,,,,,,,,,,,,,,,,,,,,,,,,,,
"... mid ""{word}""",,,,,,,,,,,,,,,,,,,,,,,,,,,,,,,
"... midst ""{word}""",,,,,,,,,,,,,,,,,,,,,,,,,,,,,,,
"... minus ""{word}""",,,,,,,,,,,,,,,,,,,,,,,,,,,,,,,
"... nathless ""{word}""",,,,,,,,,,,,,,,,,,,,,,,,,,,,,,,
"... near ""{word}""",,,,,,,,,,,,,,,,,,,,,,,,,,,,,,,
"... nearest ""{word}""",,,,,,,,,,,,,,,,,,,,,,,,,,,,,,,
"... neath ""{word}""",,,,,,,,,,,,,,,,,,,,,,,,,,,,,,,
"... neither ""{word}""",,,,,,,,,,,,,,,,,,,,,,,,,,,,,,,
"... next ""{word}""",,,,,,,,,,,,,,,,,,,,,,,,,,,,,,,
"... nigh ""{word}""",,,,,,,,,,,,,,,,,,,,,,,,,,,,,,,
"... north ""{word}""",,,,,,,,,,,,,,,,,,,,,,,,,,,,,,,
"... notwithstanding ""{word}""",,,,,,,,,,,,,,,,,,,,,,,,,,,,,,,
"... now ""{word}""",,,,,,,,,,,,,,,,,,,,,,,,,,,,,,,
"... of ""{word}""",,,,,,,,,,,,,,,,,,,,,,,,,,,,,,,
"... off ""{word}""",,,,,,,,,,,,,,,,,,,,,,,,,,,,,,,
"... offshore ""{word}""",,,,,,,,,,,,,,,,,,,,,,,,,,,,,,,
"... on ""{word}""",,,,,,,,,,,,,,,,,,,,,,,,,,,,,,,
"... once ""{word}""",,,,,,,,,,,,,,,,,,,,,,,,,,,,,,,
"... onto ""{word}""",,,,,,,,,,,,,,,,,,,,,,,,,,,,,,,
"... opposite ""{word}""",,,,,,,,,,,,,,,,,,,,,,,,,,,,,,,
"... out ""{word}""",,,,,,,,,,,,,,,,,,,,,,,,,,,,,,,
"... outside ""{word}""",,,,,,,,,,,,,,,,,,,,,,,,,,,,,,,
"... outwith ""{word}""",,,,,,,,,,,,,,,,,,,,,,,,,,,,,,,
"... over ""{word}""",,,,,,,,,,,,,,,,,,,,,,,,,,,,,,,
"... overhead ""{word}""",,,,,,,,,,,,,,,,,,,,,,,,,,,,,,,
"... pace ""{word}""",,,,,,,,,,,,,,,,,,,,,,,,,,,,,,,
"... par ""{word}""",,,,,,,,,,,,,,,,,,,,,,,,,,,,,,,
"... past ""{word}""",,,,,,,,,,,,,,,,,,,,,,,,,,,,,,,
"... per ""{word}""",,,,,,,,,,,,,,,,,,,,,,,,,,,,,,,
"... piped-in ""{word}""",,,,,,,,,,,,,,,,,,,,,,,,,,,,,,,
"... plus ""{word}""",,,,,,,,,,,,,,,,,,,,,,,,,,,,,,,
"... post ""{word}""",,,,,,,,,,,,,,,,,,,,,,,,,,,,,,,
"... pro ""{word}""",,,,,,,,,,,,,,,,,,,,,,,,,,,,,,,
"... qua ""{word}""",,,,,,,,,,,,,,,,,,,,,,,,,,,,,,,
"... re ""{word}""",,,,,,,,,,,,,,,,,,,,,,,,,,,,,,,
"... reference ""{word}""",,,,,,,,,,,,,,,,,,,,,,,,,,,,,,,
"... regarding ""{word}""",,,,,,,,,,,,,,,,,,,,,,,,,,,,,,,
"... respecting ""{word}""",,,,,,,,,,,,,,,,,,,,,,,,,,,,,,,
"... sans ""{word}""",,,,,,,,,,,,,,,,,,,,,,,,,,,,,,,
"... save ""{word}""",,,,,,,,,,,,,,,,,,,,,,,,,,,,,,,
"... saving ""{word}""",,,,,,,,,,,,,,,,,,,,,,,,,,,,,,,
"... senza ""{word}""",,,,,,,,,,,,,,,,,,,,,,,,,,,,,,,
"... since ""{word}""",,,,,,,,,,,,,,,,,,,,,,,,,,,,,,,
"... sine ""{word}""",,,,,,,,,,,,,,,,,,,,,,,,,,,,,,,
"... sith ""{word}""",,,,,,,,,,,,,,,,,,,,,,,,,,,,,,,
"... so ""{word}""",,,,,,,,,,,,,,,,,,,,,,,,,,,,,,,
"... sobeit ""{word}""",,,,,,,,,,,,,,,,,,,,,,,,,,,,,,,
"... south ""{word}""",,,,,,,,,,,,,,,,,,,,,,,,,,,,,,,
"... such ""{word}""",,,,,,,,,,,,,,,,,,,,,,,,,,,,,,,
"... syn ""{word}""",,,,,,,,,,,,,,,,,,,,,,,,,,,,,,,
"... syne ""{word}""",,,,,,,,,,,,,,,,,,,,,,,,,,,,,,,
"... than ""{word}""",,,,,,,,,,,,,,,,,,,,,,,,,,,,,,,
"... though ""{word}""",,,,,,,,,,,,,,,,,,,,,,,,,,,,,,,
"... thoughout ""{word}""",,,,,,,,,,,,,,,,,,,,,,,,,,,,,,,
"... thro ""{word}""",,,,,,,,,,,,,,,,,,,,,,,,,,,,,,,
"... through ""{word}""",,,,,,,,,,,,,,,,,,,,,,,,,,,,,,,
"... throughout ""{word}""",,,,,,,,,,,,,,,,,,,,,,,,,,,,,,,
"... thru ""{word}""",,,,,,,,,,,,,,,,,,,,,,,,,,,,,,,
"... thwart ""{word}""",,,,,,,,,,,,,,,,,,,,,,,,,,,,,,,
"... till ""{word}""",,,,,,,,,,,,,,,,,,,,,,,,,,,,,,,
"... to ""{word}""",,,,,,,,,,,,,,,,,,,,,,,,,,,,,,,
"... toward ""{word}""",,,,,,,,,,,,,,,,,,,,,,,,,,,,,,,
"... towards ""{word}""",,,,,,,,,,,,,,,,,,,,,,,,,,,,,,,
"... under ""{word}""",,,,,,,,,,,,,,,,,,,,,,,,,,,,,,,
"... underground ""{word}""",,,,,,,,,,,,,,,,,,,,,,,,,,,,,,,
"... underneath ""{word}""",,,,,,,,,,,,,,,,,,,,,,,,,,,,,,,
"... unless ""{word}""",,,,,,,,,,,,,,,,,,,,,,,,,,,,,,,
"... unlike ""{word}""",,,,,,,,,,,,,,,,,,,,,,,,,,,,,,,
"... until ""{word}""",,,,,,,,,,,,,,,,,,,,,,,,,,,,,,,
"... unto ""{word}""",,,,,,,,,,,,,,,,,,,,,,,,,,,,,,,
"... up ""{word}""",,,,,,,,,,,,,,,,,,,,,,,,,,,,,,,
"... uphill ""{word}""",,,,,,,,,,,,,,,,,,,,,,,,,,,,,,,
"... upon ""{word}""",,,,,,,,,,,,,,,,,,,,,,,,,,,,,,,
"... upstream ""{word}""",,,,,,,,,,,,,,,,,,,,,,,,,,,,,,,
"... v. ""{word}""",,,,,,,,,,,,,,,,,,,,,,,,,,,,,,,
"... versus ""{word}""",,,,,,,,,,,,,,,,,,,,,,,,,,,,,,,
"... via ""{word}""",,,,,,,,,,,,,,,,,,,,,,,,,,,,,,,
"... vis-a-vis ""{word}""",,,,,,,,,,,,,,,,,,,,,,,,,,,,,,,
"... vis-à-vis ""{word}""",,,,,,,,,,,,,,,,,,,,,,,,,,,,,,,
"... vs. ""{word}""",,,,,,,,,,,,,,,,,,,,,,,,,,,,,,,
"... wanting ""{word}""",,,,,,,,,,,,,,,,,,,,,,,,,,,,,,,
"... west ""{word}""",,,,,,,,,,,,,,,,,,,,,,,,,,,,,,,
"... when ""{word}""",,,,,,,,,,,,,,,,,,,,,,,,,,,,,,,
"... whenas ""{word}""",,,,,,,,,,,,,,,,,,,,,,,,,,,,,,,
"... whencesoever ""{word}""",,,,,,,,,,,,,,,,,,,,,,,,,,,,,,,
"... whenever ""{word}""",,,,,,,,,,,,,,,,,,,,,,,,,,,,,,,
"... whensoever ""{word}""",,,,,,,,,,,,,,,,,,,,,,,,,,,,,,,
"... where ""{word}""",,,,,,,,,,,,,,,,,,,,,,,,,,,,,,,
"... whereas ""{word}""",,,,,,,,,,,,,,,,,,,,,,,,,,,,,,,
"... wheresoever ""{word}""",,,,,,,,,,,,,,,,,,,,,,,,,,,,,,,
"... whereupon ""{word}""",,,,,,,,,,,,,,,,,,,,,,,,,,,,,,,
"... wherever ""{word}""",,,,,,,,,,,,,,,,,,,,,,,,,,,,,,,
"... whether ""{word}""",,,,,,,,,,,,,,,,,,,,,,,,,,,,,,,
"... while ""{word}""",,,,,,,,,,,,,,,,,,,,,,,,,,,,,,,
"... whilst ""{word}""",,,,,,,,,,,,,,,,,,,,,,,,,,,,,,,
"... whither ""{word}""",,,,,,,,,,,,,,,,,,,,,,,,,,,,,,,
"... whithersoever ""{word}""",,,,,,,,,,,,,,,,,,,,,,,,,,,,,,,
"... with ""{word}""",,,,,,,,,,,,,,,,,,,,,,,,,,,,,,,
"... withal ""{word}""",,,,,,,,,,,,,,,,,,,,,,,,,,,,,,,
"... within ""{word}""",,,,,,,,,,,,,,,,,,,,,,,,,,,,,,,
"... without ""{word}""",,,,,,,,,,,,,,,,,,,,,,,,,,,,,,,
"... worth ""{word}""",,,,,,,,,,,,,,,,,,,,,,,,,,,,,,,
"... yet ""{word}""",,,,,,,,,,,,,,,,,,,,,,,,,,,,,,,
"""{word}"" abaft ...",,,,,,,,,,,,,,,,,,,,,,,,,,,,,,,
"""{word}"" aboard ...",,,,,,,,,,,,,,,,,,,,,,,,,,,,,,,
"""{word}"" about ...",,,,,,,,,,,,,,,,,,,,,,,,,,,,,,,
"""{word}"" above ...",,,,,,,,,,,,,,,,,,,,,,,,,,,,,,,
"""{word}"" across ...",,,,,,,,,,,,,,,,,,,,,,,,,,,,,,,
"""{word}"" afore ...",,,,,,,,,,,,,,,,,,,,,,,,,,,,,,,
"""{word}"" after ...",,,,,,,,,,,,,,,,,,,,,,,,,,,,,,,
"""{word}"" against ...",,,,,,,,,,,,,,,,,,,,,,,,,,,,,,,
"""{word}"" agin ...",,,,,,,,,,,,,,,,,,,,,,,,,,,,,,,
"""{word}"" ago ...",,,,,,,,,,,,,,,,,,,,,,,,,,,,,,,
"""{word}"" ahead ...",,,,,,,,,,,,,,,,,,,,,,,,,,,,,,,
"""{word}"" albeit ...",,,,,,,,,,,,,,,,,,,,,,,,,,,,,,,
"""{word}"" along ...",,,,,,,,,,,,,,,,,,,,,,,,,,,,,,,
"""{word}"" alongside ...",,,,,,,,,,,,,,,,,,,,,,,,,,,,,,,
"""{word}"" although ...",,,,,,,,,,,,,,,,,,,,,,,,,,,,,,,
"""{word}"" amid ...",,,,,,,,,,,,,,,,,,,,,,,,,,,,,,,
"""{word}"" amidst ...",,,,,,,,,,,,,,,,,,,,,,,,,,,,,,,
"""{word}"" among ...",,,,,,,,,,,,,,,,,,,,,,,,,,,,,,,
"""{word}"" amongst ...",,,,,,,,,,,,,,,,,,,,,,,,,,,,,,,
"""{word}"" anear ...",,,,,,,,,,,,,,,,,,,,,,,,,,,,,,,
"""{word}"" anent ...",,,,,,,,,,,,,,,,,,,,,,,,,,,,,,,
"""{word}"" around ...",,,,,,,,,,,,,,,,,,,,,,,,,,,,,,,
"""{word}"" as ...",,,,,,,,,,,,,,,,,,,,,,,,,,,,,,,
"""{word}"" aslant ...",,,,,,,,,,,,,,,,,,,,,,,,,,,,,,,
"""{word}"" astraddle ...",,,,,,,,,,,,,,,,,,,,,,,,,,,,,,,
"""{word}"" astride ...",,,,,,,,,,,,,,,,,,,,,,,,,,,,,,,
"""{word}"" at ...",,,,,,,,,,,,,,,,,,,,,,,,,,,,,,,
"""{word}"" athwart ...",,,,,,,,,,,,,,,,,,,,,,,,,,,,,,,
"""{word}"" atop ...",,,,,,,,,,,,,,,,,,,,,,,,,,,,,,,
"""{word}"" atween ...",,,,,,,,,,,,,,,,,,,,,,,,,,,,,,,
"""{word}"" away ...",,,,,,,,,,,,,,,,,,,,,,,,,,,,,,,
"""{word}"" bar ...",,,,,,,,,,,,,,,,,,,,,,,,,,,,,,,
"""{word}"" barring ...",,,,,,,,,,,,,,,,,,,,,,,,,,,,,,,
"""{word}"" because ...",,,,,,,,,,,,,,,,,,,,,,,,,,,,,,,
"""{word}"" before ...",,,,,,,,,,,,,,,,,,,,,,,,,,,,,,,
"""{word}"" behind ...",,,,,,,,,,,,,,,,,,,,,,,,,,,,,,,
"""{word}"" below ...",,,,,,,,,,,,,,,,,,,,,,,,,,,,,,,
"""{word}"" beneath ...",,,,,,,,,,,,,,,,,,,,,,,,,,,,,,,
"""{word}"" beside ...",,,,,,,,,,,,,,,,,,,,,,,,,,,,,,,
"""{word}"" besides ...",,,,,,,,,,,,,,,,,,,,,,,,,,,,,,,
"""{word}"" between ...",,,,,,,,,,,,,,,,,,,,,,,,,,,,,,,
"""{word}"" betwixt ...",,,,,,,,,,,,,,,,,,,,,,,,,,,,,,,
"""{word}"" beyond ...",,,,,,,,,,,,,,,,,,,,,,,,,,,,,,,
"""{word}"" by ...",,,,,,,,,,,,,,,,,,,,,,,,,,,,,,,
"""{word}"" chez ...",,,,,,,,,,,,,,,,,,,,,,,,,,,,,,,
"""{word}"" circa ...",,,,,,,,,,,,,,,,,,,,,,,,,,,,,,,
"""{word}"" come-on ...",,,,,,,,,,,,,,,,,,,,,,,,,,,,,,,
"""{word}"" comeon ...",,,,,,,,,,,,,,,,,,,,,,,,,,,,,,,
"""{word}"" concerning ...",,,,,,,,,,,,,,,,,,,,,,,,,,,,,,,
"""{word}"" considering ...",,,,,,,,,,,,,,,,,,,,,,,,,,,,,,,
"""{word}"" cum ...",,,,,,,,,,,,,,,,,,,,,,,,,,,,,,,
"""{word}"" despite ...",,,,,,,,,,,,,,,,,,,,,,,,,,,,,,,
"""{word}"" directly ...",,,,,,,,,,,,,,,,,,,,,,,,,,,,,,,
"""{word}"" down ...",,,,,,,,,,,,,,,,,,,,,,,,,,,,,,,
"""{word}"" downstream ...",,,,,,,,,,,,,,,,,,,,,,,,,,,,,,,
"""{word}"" downwind ...",,,,,,,,,,,,,,,,,,,,,,,,,,,,,,,
"""{word}"" during ...",,,,,,,,,,,,,,,,,,,,,,,,,,,,,,,
"""{word}"" en ...",,,,,,,,,,,,,,,,,,,,,,,,,,,,,,,
"""{word}"" ere ...",,,,,,,,,,,,,,,,,,,,,,,,,,,,,,,
"""{word}"" ex ...",,,,,,,,,,,,,,,,,,,,,,,,,,,,,,,
"""{word}"" except ...",,,,,,,,,,,,,,,,,,,,,,,,,,,,,,,
"""{word}"" excepting ...",,,,,,,,,,,,,,,,,,,,,,,,,,,,,,,
"""{word}"" failing ...",,,,,,,,,,,,,,,,,,,,,,,,,,,,,,,
"""{word}"" for ...",,,,,,,,,,,,,,,,,,,,,,,,,,,,,,,
"""{word}"" forby ...",,,,,,,,,,,,,,,,,,,,,,,,,,,,,,,
"""{word}"" forbye ...",,,,,,,,,,,,,,,,,,,,,,,,,,,,,,,
"""{word}"" fore ...",,,,,,,,,,,,,,,,,,,,,,,,,,,,,,,
"""{word}"" fornenst ...",,,,,,,,,,,,,,,,,,,,,,,,,,,,,,,
"""{word}"" forth ...",,,,,,,,,,,,,,,,,,,,,,,,,,,,,,,
"""{word}"" frae ...",,,,,,,,,,,,,,,,,,,,,,,,,,,,,,,
"""{word}"" from ...",,,,,,,,,,,,,,,,,,,,,,,,,,,,,,,
"""{word}"" here ...",,,,,,,,,,,,,,,,,,,,,,,,,,,,,,,
"""{word}"" home ...",,,,,,,,,,,,,,,,,,,,,,,,,,,,,,,
"""{word}"" howbeit ...",,,,,,,,,,,,,,,,,,,,,,,,,,,,,,,
"""{word}"" if ...",,,,,,,,,,,,,,,,,,,,,,,,,,,,,,,
"""{word}"" immediately ...",,,,,,,,,,,,,,,,,,,,,,,,,,,,,,,
"""{word}"" in ...",,,,,,,,,,,,,,,,,,,,,,,,,,,,,,,
"""{word}"" inland ...",,,,,,,,,,,,,,,,,,,,,,,,,,,,,,,
"""{word}"" inside ...",,,,,,,,,,,,,,,,,,,,,,,,,,,,,,,
"""{word}"" insofar ...",,,,,,,,,,,,,,,,,,,,,,,,,,,,,,,
"""{word}"" into ...",,,,,,,,,,,,,,,,,,,,,,,,,,,,,,,
"""{word}"" inward ...",,,,,,,,,,,,,,,,,,,,,,,,,,,,,,,
"""{word}"" is a ...",,,,,,,,,,,,,,,,,,,,,,,,,,,,,,,
"""{word}"" layabout ...",,,,,,,,,,,,,,,,,,,,,,,,,,,,,,,
"""{word}"" less ...",,,,,,,,,,,,,,,,,,,,,,,,,,,,,,,
"""{word}"" lest ...",,,,,,,,,,,,,,,,,,,,,,,,,,,,,,,
"""{word}"" like ...",,,,,,,,,,,,,,,,,,,,,,,,,,,,,,,
"""{word}"" maugre ...",,,,,,,,,,,,,,,,,,,,,,,,,,,,,,,
"""{word}"" mid ...",,,,,,,,,,,,,,,,,,,,,,,,,,,,,,,
"""{word}"" midst ...",,,,,,,,,,,,,,,,,,,,,,,,,,,,,,,
"""{word}"" minus ...",,,,,,,,,,,,,,,,,,,,,,,,,,,,,,,
"""{word}"" nathless ...",,,,,,,,,,,,,,,,,,,,,,,,,,,,,,,
"""{word}"" near ...",,,,,,,,,,,,,,,,,,,,,,,,,,,,,,,
"""{word}"" nearest ...",,,,,,,,,,,,,,,,,,,,,,,,,,,,,,,
"""{word}"" neath ...",,,,,,,,,,,,,,,,,,,,,,,,,,,,,,,
"""{word}"" neither ...",,,,,,,,,,,,,,,,,,,,,,,,,,,,,,,
"""{word}"" next ...",,,,,,,,,,,,,,,,,,,,,,,,,,,,,,,
"""{word}"" nigh ...",,,,,,,,,,,,,,,,,,,,,,,,,,,,,,,
"""{word}"" north ...",,,,,,,,,,,,,,,,,,,,,,,,,,,,,,,
"""{word}"" notwithstanding ...",,,,,,,,,,,,,,,,,,,,,,,,,,,,,,,
"""{word}"" now ...",,,,,,,,,,,,,,,,,,,,,,,,,,,,,,,
"""{word}"" of ...",,,,,,,,,,,,,,,,,,,,,,,,,,,,,,,
"""{word}"" off ...",,,,,,,,,,,,,,,,,,,,,,,,,,,,,,,
"""{word}"" offshore ...",,,,,,,,,,,,,,,,,,,,,,,,,,,,,,,
"""{word}"" on ...",,,,,,,,,,,,,,,,,,,,,,,,,,,,,,,
"""{word}"" once ...",,,,,,,,,,,,,,,,,,,,,,,,,,,,,,,
"""{word}"" onto ...",,,,,,,,,,,,,,,,,,,,,,,,,,,,,,,
"""{word}"" opposite ...",,,,,,,,,,,,,,,,,,,,,,,,,,,,,,,
"""{word}"" out ...",,,,,,,,,,,,,,,,,,,,,,,,,,,,,,,
"""{word}"" outside ...",,,,,,,,,,,,,,,,,,,,,,,,,,,,,,,
"""{word}"" outwith ...",,,,,,,,,,,,,,,,,,,,,,,,,,,,,,,
"""{word}"" over ...",,,,,,,,,,,,,,,,,,,,,,,,,,,,,,,
"""{word}"" overhead ...",,,,,,,,,,,,,,,,,,,,,,,,,,,,,,,
"""{word}"" pace ...",,,,,,,,,,,,,,,,,,,,,,,,,,,,,,,
"""{word}"" par ...",,,,,,,,,,,,,,,,,,,,,,,,,,,,,,,
"""{word}"" past ...",,,,,,,,,,,,,,,,,,,,,,,,,,,,,,,
"""{word}"" per ...",,,,,,,,,,,,,,,,,,,,,,,,,,,,,,,
"""{word}"" piped-in ...",,,,,,,,,,,,,,,,,,,,,,,,,,,,,,,
"""{word}"" plus ...",,,,,,,,,,,,,,,,,,,,,,,,,,,,,,,
"""{word}"" post ...",,,,,,,,,,,,,,,,,,,,,,,,,,,,,,,
"""{word}"" pro ...",,,,,,,,,,,,,,,,,,,,,,,,,,,,,,,
"""{word}"" qua ...",,,,,,,,,,,,,,,,,,,,,,,,,,,,,,,
"""{word}"" re ...",,,,,,,,,,,,,,,,,,,,,,,,,,,,,,,
"""{word}"" reference ...",,,,,,,,,,,,,,,,,,,,,,,,,,,,,,,
"""{word}"" regarding ...",,,,,,,,,,,,,,,,,,,,,,,,,,,,,,,
"""{word}"" respecting ...",,,,,,,,,,,,,,,,,,,,,,,,,,,,,,,
"""{word}"" sans ...",,,,,,,,,,,,,,,,,,,,,,,,,,,,,,,
"""{word}"" save ...",,,,,,,,,,,,,,,,,,,,,,,,,,,,,,,
"""{word}"" saving ...",,,,,,,,,,,,,,,,,,,,,,,,,,,,,,,
"""{word}"" senza ...",,,,,,,,,,,,,,,,,,,,,,,,,,,,,,,
"""{word}"" since ...",,,,,,,,,,,,,,,,,,,,,,,,,,,,,,,
"""{word}"" sine ...",,,,,,,,,,,,,,,,,,,,,,,,,,,,,,,
"""{word}"" sith ...",,,,,,,,,,,,,,,,,,,,,,,,,,,,,,,
"""{word}"" so ...",,,,,,,,,,,,,,,,,,,,,,,,,,,,,,,
"""{word}"" sobeit ...",,,,,,,,,,,,,,,,,,,,,,,,,,,,,,,
"""{word}"" south ...",,,,,,,,,,,,,,,,,,,,,,,,,,,,,,,
"""{word}"" such ...",,,,,,,,,,,,,,,,,,,,,,,,,,,,,,,
"""{word}"" syn ...",,,,,,,,,,,,,,,,,,,,,,,,,,,,,,,
"""{word}"" syne ...",,,,,,,,,,,,,,,,,,,,,,,,,,,,,,,
"""{word}"" than ...",,,,,,,,,,,,,,,,,,,,,,,,,,,,,,,
"""{word}"" though ...",,,,,,,,,,,,,,,,,,,,,,,,,,,,,,,
"""{word}"" thoughout ...",,,,,,,,,,,,,,,,,,,,,,,,,,,,,,,
"""{word}"" thro ...",,,,,,,,,,,,,,,,,,,,,,,,,,,,,,,
"""{word}"" through ...",,,,,,,,,,,,,,,,,,,,,,,,,,,,,,,
"""{word}"" throughout ...",,,,,,,,,,,,,,,,,,,,,,,,,,,,,,,
"""{word}"" thru ...",,,,,,,,,,,,,,,,,,,,,,,,,,,,,,,
"""{word}"" thwart ...",,,,,,,,,,,,,,,,,,,,,,,,,,,,,,,
"""{word}"" till ...",,,,,,,,,,,,,,,,,,,,,,,,,,,,,,,
"""{word}"" to ...",,,,,,,,,,,,,,,,,,,,,,,,,,,,,,,
"""{word}"" toward ...",,,,,,,,,,,,,,,,,,,,,,,,,,,,,,,
"""{word}"" towards ...",,,,,,,,,,,,,,,,,,,,,,,,,,,,,,,
"""{word}"" under ...",,,,,,,,,,,,,,,,,,,,,,,,,,,,,,,
"""{word}"" underground ...",,,,,,,,,,,,,,,,,,,,,,,,,,,,,,,
"""{word}"" underneath ...",,,,,,,,,,,,,,,,,,,,,,,,,,,,,,,
"""{word}"" unless ...",,,,,,,,,,,,,,,,,,,,,,,,,,,,,,,
"""{word}"" unlike ...",,,,,,,,,,,,,,,,,,,,,,,,,,,,,,,
"""{word}"" until ...",,,,,,,,,,,,,,,,,,,,,,,,,,,,,,,
"""{word}"" unto ...",,,,,,,,,,,,,,,,,,,,,,,,,,,,,,,
"""{word}"" up ...",,,,,,,,,,,,,,,,,,,,,,,,,,,,,,,
"""{word}"" uphill ...",,,,,,,,,,,,,,,,,,,,,,,,,,,,,,,
"""{word}"" upon ...",,,,,,,,,,,,,,,,,,,,,,,,,,,,,,,
"""{word}"" upstream ...",,,,,,,,,,,,,,,,,,,,,,,,,,,,,,,
"""{word}"" v. ...",,,,,,,,,,,,,,,,,,,,,,,,,,,,,,,
"""{word}"" versus ...",,,,,,,,,,,,,,,,,,,,,,,,,,,,,,,
"""{word}"" via ...",,,,,,,,,,,,,,,,,,,,,,,,,,,,,,,
"""{word}"" vis-a-vis ...",,,,,,,,,,,,,,,,,,,,,,,,,,,,,,,
"""{word}"" vis-à-vis ...",,,,,,,,,,,,,,,,,,,,,,,,,,,,,,,
"""{word}"" vs. ...",,,,,,,,,,,,,,,,,,,,,,,,,,,,,,,
"""{word}"" wanting ...",,,,,,,,,,,,,,,,,,,,,,,,,,,,,,,
"""{word}"" west ...",,,,,,,,,,,,,,,,,,,,,,,,,,,,,,,
"""{word}"" when ...",,,,,,,,,,,,,,,,,,,,,,,,,,,,,,,
"""{word}"" whenas ...",,,,,,,,,,,,,,,,,,,,,,,,,,,,,,,
"""{word}"" whencesoever ...",,,,,,,,,,,,,,,,,,,,,,,,,,,,,,,
"""{word}"" whenever ...",,,,,,,,,,,,,,,,,,,,,,,,,,,,,,,
"""{word}"" whensoever ...",,,,,,,,,,,,,,,,,,,,,,,,,,,,,,,
"""{word}"" where ...",,,,,,,,,,,,,,,,,,,,,,,,,,,,,,,
"""{word}"" whereas ...",,,,,,,,,,,,,,,,,,,,,,,,,,,,,,,
"""{word}"" wheresoever ...",,,,,,,,,,,,,,,,,,,,,,,,,,,,,,,
"""{word}"" whereupon ...",,,,,,,,,,,,,,,,,,,,,,,,,,,,,,,
"""{word}"" wherever ...",,,,,,,,,,,,,,,,,,,,,,,,,,,,,,,
"""{word}"" whether ...",,,,,,,,,,,,,,,,,,,,,,,,,,,,,,,
"""{word}"" while ...",,,,,,,,,,,,,,,,,,,,,,,,,,,,,,,
"""{word}"" whilst ...",,,,,,,,,,,,,,,,,,,,,,,,,,,,,,,
"""{word}"" whither ...",,,,,,,,,,,,,,,,,,,,,,,,,,,,,,,
"""{word}"" whithersoever ...",,,,,,,,,,,,,,,,,,,,,,,,,,,,,,,
"""{word}"" with ...",,,,,,,,,,,,,,,,,,,,,,,,,,,,,,,
"""{word}"" withal ...",,,,,,,,,,,,,,,,,,,,,,,,,,,,,,,
"""{word}"" within ...",,,,,,,,,,,,,,,,,,,,,,,,,,,,,,,
"""{word}"" without ...",,,,,,,,,,,,,,,,,,,,,,,,,,,,,,,
"""{word}"" worth ...",,,,,,,,,,,,,,,,,,,,,,,,,,,,,,,
"""{word}"" yet ...",,,,,,,,,,,,,,,,,,,,,,,,,,,,,,,
{l2} Books,,,,,,,,,,,,,,,,,,,,,,,,,,,,,,,
{word} abaft ...,,,,,,,,,,,,,,,,,,,,,,,,,,,,,,,
{word} aboard ...,,,,,,,,,,,,,,,,,,,,,,,,,,,,,,,
{word} about ...,,,,,,,,,,,,,,,,,,,,,,,,,,,,,,,
{word} above ...,,,,,,,,,,,,,,,,,,,,,,,,,,,,,,,
{word} across ...,,,,,,,,,,,,,,,,,,,,,,,,,,,,,,,
{word} afore ...,,,,,,,,,,,,,,,,,,,,,,,,,,,,,,,
{word} after ...,,,,,,,,,,,,,,,,,,,,,,,,,,,,,,,
{word} against ...,,,,,,,,,,,,,,,,,,,,,,,,,,,,,,,
{word} agin ...,,,,,,,,,,,,,,,,,,,,,,,,,,,,,,,
{word} ago ...,,,,,,,,,,,,,,,,,,,,,,,,,,,,,,,
{word} ahead ...,,,,,,,,,,,,,,,,,,,,,,,,,,,,,,,
{word} albeit ...,,,,,,,,,,,,,,,,,,,,,,,,,,,,,,,
{word} along ...,,,,,,,,,,,,,,,,,,,,,,,,,,,,,,,
{word} alongside ...,,,,,,,,,,,,,,,,,,,,,,,,,,,,,,,
{word} although ...,,,,,,,,,,,,,,,,,,,,,,,,,,,,,,,
{word} amid ...,,,,,,,,,,,,,,,,,,,,,,,,,,,,,,,
{word} amidst ...,,,,,,,,,,,,,,,,,,,,,,,,,,,,,,,
{word} among ...,,,,,,,,,,,,,,,,,,,,,,,,,,,,,,,
{word} amongst ...,,,,,,,,,,,,,,,,,,,,,,,,,,,,,,,
{word} anear ...,,,,,,,,,,,,,,,,,,,,,,,,,,,,,,,
{word} anent ...,,,,,,,,,,,,,,,,,,,,,,,,,,,,,,,
{word} around ...,,,,,,,,,,,,,,,,,,,,,,,,,,,,,,,
{word} as ...,,,,,,,,,,,,,,,,,,,,,,,,,,,,,,,
{word} aslant ...,,,,,,,,,,,,,,,,,,,,,,,,,,,,,,,
{word} astraddle ...,,,,,,,,,,,,,,,,,,,,,,,,,,,,,,,
{word} astride ...,,,,,,,,,,,,,,,,,,,,,,,,,,,,,,,
{word} at ...,,,,,,,,,,,,,,,,,,,,,,,,,,,,,,,
{word} athwart ...,,,,,,,,,,,,,,,,,,,,,,,,,,,,,,,
{word} atop ...,,,,,,,,,,,,,,,,,,,,,,,,,,,,,,,
{word} atween ...,,,,,,,,,,,,,,,,,,,,,,,,,,,,,,,
{word} away ...,,,,,,,,,,,,,,,,,,,,,,,,,,,,,,,
{word} bar ...,,,,,,,,,,,,,,,,,,,,,,,,,,,,,,,
{word} barring ...,,,,,,,,,,,,,,,,,,,,,,,,,,,,,,,
{word} because ...,,,,,,,,,,,,,,,,,,,,,,,,,,,,,,,
{word} before ...,,,,,,,,,,,,,,,,,,,,,,,,,,,,,,,
{word} behind ...,,,,,,,,,,,,,,,,,,,,,,,,,,,,,,,
{word} below ...,,,,,,,,,,,,,,,,,,,,,,,,,,,,,,,
{word} beneath ...,,,,,,,,,,,,,,,,,,,,,,,,,,,,,,,
{word} beside ...,,,,,,,,,,,,,,,,,,,,,,,,,,,,,,,
{word} besides ...,,,,,,,,,,,,,,,,,,,,,,,,,,,,,,,
{word} between ...,,,,,,,,,,,,,,,,,,,,,,,,,,,,,,,
{word} betwixt ...,,,,,,,,,,,,,,,,,,,,,,,,,,,,,,,
{word} beyond ...,,,,,,,,,,,,,,,,,,,,,,,,,,,,,,,
{word} by ...,,,,,,,,,,,,,,,,,,,,,,,,,,,,,,,
{word} chez ...,,,,,,,,,,,,,,,,,,,,,,,,,,,,,,,
{word} circa ...,,,,,,,,,,,,,,,,,,,,,,,,,,,,,,,
{word} come-on ...,,,,,,,,,,,,,,,,,,,,,,,,,,,,,,,
{word} comeon ...,,,,,,,,,,,,,,,,,,,,,,,,,,,,,,,
{word} concerning ...,,,,,,,,,,,,,,,,,,,,,,,,,,,,,,,
{word} considering ...,,,,,,,,,,,,,,,,,,,,,,,,,,,,,,,
{word} cum ...,,,,,,,,,,,,,,,,,,,,,,,,,,,,,,,
{word} despite ...,,,,,,,,,,,,,,,,,,,,,,,,,,,,,,,
{word} directly ...,,,,,,,,,,,,,,,,,,,,,,,,,,,,,,,
{word} down ...,,,,,,,,,,,,,,,,,,,,,,,,,,,,,,,
{word} downstream ...,,,,,,,,,,,,,,,,,,,,,,,,,,,,,,,
{word} downwind ...,,,,,,,,,,,,,,,,,,,,,,,,,,,,,,,
{word} during ...,,,,,,,,,,,,,,,,,,,,,,,,,,,,,,,
{word} en ...,,,,,,,,,,,,,,,,,,,,,,,,,,,,,,,
{word} ere ...,,,,,,,,,,,,,,,,,,,,,,,,,,,,,,,
{word} ex ...,,,,,,,,,,,,,,,,,,,,,,,,,,,,,,,
{word} except ...,,,,,,,,,,,,,,,,,,,,,,,,,,,,,,,
{word} excepting ...,,,,,,,,,,,,,,,,,,,,,,,,,,,,,,,
{word} failing ...,,,,,,,,,,,,,,,,,,,,,,,,,,,,,,,
{word} for ...,,,,,,,,,,,,,,,,,,,,,,,,,,,,,,,
{word} forby ...,,,,,,,,,,,,,,,,,,,,,,,,,,,,,,,
{word} forbye ...,,,,,,,,,,,,,,,,,,,,,,,,,,,,,,,
{word} fore ...,,,,,,,,,,,,,,,,,,,,,,,,,,,,,,,
{word} fornenst ...,,,,,,,,,,,,,,,,,,,,,,,,,,,,,,,
{word} forth ...,,,,,,,,,,,,,,,,,,,,,,,,,,,,,,,
{word} frae ...,,,,,,,,,,,,,,,,,,,,,,,,,,,,,,,
{word} from ...,,,,,,,,,,,,,,,,,,,,,,,,,,,,,,,
{word} here ...,,,,,,,,,,,,,,,,,,,,,,,,,,,,,,,
{word} home ...,,,,,,,,,,,,,,,,,,,,,,,,,,,,,,,
{word} howbeit ...,,,,,,,,,,,,,,,,,,,,,,,,,,,,,,,
{word} if ...,,,,,,,,,,,,,,,,,,,,,,,,,,,,,,,
{word} immediately ...,,,,,,,,,,,,,,,,,,,,,,,,,,,,,,,
{word} in ...,,,,,,,,,,,,,,,,,,,,,,,,,,,,,,,
{word} inland ...,,,,,,,,,,,,,,,,,,,,,,,,,,,,,,,
{word} inside ...,,,,,,,,,,,,,,,,,,,,,,,,,,,,,,,
{word} insofar ...,,,,,,,,,,,,,,,,,,,,,,,,,,,,,,,
{word} into ...,,,,,,,,,,,,,,,,,,,,,,,,,,,,,,,
{word} inward ...,,,,,,,,,,,,,,,,,,,,,,,,,,,,,,,
{word} is a ...,,,,,,,,,,,,,,,,,,,,,,,,,,,,,,,
{word} layabout ...,,,,,,,,,,,,,,,,,,,,,,,,,,,,,,,
{word} less ...,,,,,,,,,,,,,,,,,,,,,,,,,,,,,,,
{word} lest ...,,,,,,,,,,,,,,,,,,,,,,,,,,,,,,,
{word} like ...,,,,,,,,,,,,,,,,,,,,,,,,,,,,,,,
{word} maugre ...,,,,,,,,,,,,,,,,,,,,,,,,,,,,,,,
{word} mid ...,,,,,,,,,,,,,,,,,,,,,,,,,,,,,,,
{word} midst ...,,,,,,,,,,,,,,,,,,,,,,,,,,,,,,,
{word} minus ...,,,,,,,,,,,,,,,,,,,,,,,,,,,,,,,
{word} nathless ...,,,,,,,,,,,,,,,,,,,,,,,,,,,,,,,
{word} near ...,,,,,,,,,,,,,,,,,,,,,,,,,,,,,,,
{word} nearest ...,,,,,,,,,,,,,,,,,,,,,,,,,,,,,,,
{word} neath ...,,,,,,,,,,,,,,,,,,,,,,,,,,,,,,,
{word} neither ...,,,,,,,,,,,,,,,,,,,,,,,,,,,,,,,
{word} next ...,,,,,,,,,,,,,,,,,,,,,,,,,,,,,,,
{word} nigh ...,,,,,,,,,,,,,,,,,,,,,,,,,,,,,,,
{word} north ...,,,,,,,,,,,,,,,,,,,,,,,,,,,,,,,
{word} notwithstanding ...,,,,,,,,,,,,,,,,,,,,,,,,,,,,,,,
{word} now ...,,,,,,,,,,,,,,,,,,,,,,,,,,,,,,,
{word} of ...,,,,,,,,,,,,,,,,,,,,,,,,,,,,,,,
{word} off ...,,,,,,,,,,,,,,,,,,,,,,,,,,,,,,,
{word} offshore ...,,,,,,,,,,,,,,,,,,,,,,,,,,,,,,,
{word} on ...,,,,,,,,,,,,,,,,,,,,,,,,,,,,,,,
{word} once ...,,,,,,,,,,,,,,,,,,,,,,,,,,,,,,,
{word} onto ...,,,,,,,,,,,,,,,,,,,,,,,,,,,,,,,
{word} opposite ...,,,,,,,,,,,,,,,,,,,,,,,,,,,,,,,
{word} out ...,,,,,,,,,,,,,,,,,,,,,,,,,,,,,,,
{word} outside ...,,,,,,,,,,,,,,,,,,,,,,,,,,,,,,,
{word} outwith ...,,,,,,,,,,,,,,,,,,,,,,,,,,,,,,,
{word} over ...,,,,,,,,,,,,,,,,,,,,,,,,,,,,,,,
{word} overhead ...,,,,,,,,,,,,,,,,,,,,,,,,,,,,,,,
{word} pace ...,,,,,,,,,,,,,,,,,,,,,,,,,,,,,,,
{word} par ...,,,,,,,,,,,,,,,,,,,,,,,,,,,,,,,
{word} past ...,,,,,,,,,,,,,,,,,,,,,,,,,,,,,,,
{word} per ...,,,,,,,,,,,,,,,,,,,,,,,,,,,,,,,
{word} piped-in ...,,,,,,,,,,,,,,,,,,,,,,,,,,,,,,,
{word} plus ...,,,,,,,,,,,,,,,,,,,,,,,,,,,,,,,
{word} post ...,,,,,,,,,,,,,,,,,,,,,,,,,,,,,,,
{word} pro ...,,,,,,,,,,,,,,,,,,,,,,,,,,,,,,,
{word} qua ...,,,,,,,,,,,,,,,,,,,,,,,,,,,,,,,
{word} re ...,,,,,,,,,,,,,,,,,,,,,,,,,,,,,,,
{word} reference ...,,,,,,,,,,,,,,,,,,,,,,,,,,,,,,,
{word} regarding ...,,,,,,,,,,,,,,,,,,,,,,,,,,,,,,,
{word} respecting ...,,,,,,,,,,,,,,,,,,,,,,,,,,,,,,,
{word} sans ...,,,,,,,,,,,,,,,,,,,,,,,,,,,,,,,
{word} save ...,,,,,,,,,,,,,,,,,,,,,,,,,,,,,,,
{word} saving ...,,,,,,,,,,,,,,,,,,,,,,,,,,,,,,,
{word} senza ...,,,,,,,,,,,,,,,,,,,,,,,,,,,,,,,
{word} since ...,,,,,,,,,,,,,,,,,,,,,,,,,,,,,,,
{word} sine ...,,,,,,,,,,,,,,,,,,,,,,,,,,,,,,,
{word} sith ...,,,,,,,,,,,,,,,,,,,,,,,,,,,,,,,
{word} so ...,,,,,,,,,,,,,,,,,,,,,,,,,,,,,,,
{word} sobeit ...,,,,,,,,,,,,,,,,,,,,,,,,,,,,,,,
{word} south ...,,,,,,,,,,,,,,,,,,,,,,,,,,,,,,,
{word} such ...,,,,,,,,,,,,,,,,,,,,,,,,,,,,,,,
{word} syn ...,,,,,,,,,,,,,,,,,,,,,,,,,,,,,,,
{word} syne ...,,,,,,,,,,,,,,,,,,,,,,,,,,,,,,,
{word} than ...,,,,,,,,,,,,,,,,,,,,,,,,,,,,,,,
{word} though ...,,,,,,,,,,,,,,,,,,,,,,,,,,,,,,,
{word} thoughout ...,,,,,,,,,,,,,,,,,,,,,,,,,,,,,,,
{word} thro ...,,,,,,,,,,,,,,,,,,,,,,,,,,,,,,,
{word} through ...,,,,,,,,,,,,,,,,,,,,,,,,,,,,,,,
{word} throughout ...,,,,,,,,,,,,,,,,,,,,,,,,,,,,,,,
{word} thru ...,,,,,,,,,,,,,,,,,,,,,,,,,,,,,,,
{word} thwart ...,,,,,,,,,,,,,,,,,,,,,,,,,,,,,,,
{word} till ...,,,,,,,,,,,,,,,,,,,,,,,,,,,,,,,
{word} to ...,,,,,,,,,,,,,,,,,,,,,,,,,,,,,,,
{word} toward ...,,,,,,,,,,,,,,,,,,,,,,,,,,,,,,,
{word} towards ...,,,,,,,,,,,,,,,,,,,,,,,,,,,,,,,
{word} under ...,,,,,,,,,,,,,,,,,,,,,,,,,,,,,,,
{word} underground ...,,,,,,,,,,,,,,,,,,,,,,,,,,,,,,,
{word} underneath ...,,,,,,,,,,,,,,,,,,,,,,,,,,,,,,,
{word} unless ...,,,,,,,,,,,,,,,,,,,,,,,,,,,,,,,
{word} unlike ...,,,,,,,,,,,,,,,,,,,,,,,,,,,,,,,
{word} until ...,,,,,,,,,,,,,,,,,,,,,,,,,,,,,,,
{word} unto ...,,,,,,,,,,,,,,,,,,,,,,,,,,,,,,,
{word} up ...,,,,,,,,,,,,,,,,,,,,,,,,,,,,,,,
{word} uphill ...,,,,,,,,,,,,,,,,,,,,,,,,,,,,,,,
{word} upon ...,,,,,,,,,,,,,,,,,,,,,,,,,,,,,,,
{word} upstream ...,,,,,,,,,,,,,,,,,,,,,,,,,,,,,,,
{word} v. ...,,,,,,,,,,,,,,,,,,,,,,,,,,,,,,,
{word} versus ...,,,,,,,,,,,,,,,,,,,,,,,,,,,,,,,
{word} via ...,,,,,,,,,,,,,,,,,,,,,,,,,,,,,,,
{word} vis-a-vis ...,,,,,,,,,,,,,,,,,,,,,,,,,,,,,,,
{word} vis-à-vis ...,,,,,,,,,,,,,,,,,,,,,,,,,,,,,,,
{word} vs. ...,,,,,,,,,,,,,,,,,,,,,,,,,,,,,,,
{word} wanting ...,,,,,,,,,,,,,,,,,,,,,,,,,,,,,,,
{word} west ...,,,,,,,,,,,,,,,,,,,,,,,,,,,,,,,
{word} when ...,,,,,,,,,,,,,,,,,,,,,,,,,,,,,,,
{word} whenas ...,,,,,,,,,,,,,,,,,,,,,,,,,,,,,,,
{word} whencesoever ...,,,,,,,,,,,,,,,,,,,,,,,,,,,,,,,
{word} whenever ...,,,,,,,,,,,,,,,,,,,,,,,,,,,,,,,
{word} whensoever ...,,,,,,,,,,,,,,,,,,,,,,,,,,,,,,,
{word} where ...,,,,,,,,,,,,,,,,,,,,,,,,,,,,,,,
{word} whereas ...,,,,,,,,,,,,,,,,,,,,,,,,,,,,,,,
{word} wheresoever ...,,,,,,,,,,,,,,,,,,,,,,,,,,,,,,,
{word} whereupon ...,,,,,,,,,,,,,,,,,,,,,,,,,,,,,,,
{word} wherever ...,,,,,,,,,,,,,,,,,,,,,,,,,,,,,,,
{word} whether ...,,,,,,,,,,,,,,,,,,,,,,,,,,,,,,,
{word} while ...,,,,,,,,,,,,,,,,,,,,,,,,,,,,,,,
{word} whilst ...,,,,,,,,,,,,,,,,,,,,,,,,,,,,,,,
{word} whither ...,,,,,,,,,,,,,,,,,,,,,,,,,,,,,,,
{word} whithersoever ...,,,,,,,,,,,,,,,,,,,,,,,,,,,,,,,
{word} with ...,,,,,,,,,,,,,,,,,,,,,,,,,,,,,,,
{word} withal ...,,,,,,,,,,,,,,,,,,,,,,,,,,,,,,,
{word} within ...,,,,,,,,,,,,,,,,,,,,,,,,,,,,,,,
{word} without ...,,,,,,,,,,,,,,,,,,,,,,,,,,,,,,,
{word} worth ...,,,,,,,,,,,,,,,,,,,,,,,,,,,,,,,
{word} yet ...,,,,,,,,,,,,,,,,,,,,,,,,,,,,,,,
{word}'s ...,,,,,,,,,,,,,,,,,,,,,,,,,,,,,,,
A_Modifier,,,,,,,,,,,,,,,,,,,,,,,,,,,,,,,
and/or,,,,,,,,,,,,,,,,,,,,,,,,,,,,,,,
Chinese,,,,,,,,,,,,,,,,,,,,,,,,Idioma chino,,,,,,,
Collocations with “{ text }”,,,,,,,,,,,,,,,,,,,,,,,,,,,,,,,
Direct-Object,,,,,,,,,,,,,,,,,,,,,,,,,,,,,,,
Direct-Object_of,,,,,,,,,,,,,,,,,,,,,,,,,,,,,,,
Direct-SentObject,,,,,,,,,,,,,,,,,,,,,,,,,,,,,,,
Indirect-Object,,,,,,,,,,,,,,,,,,,,,,,,,,,,,,,
Indirect-Object_of,,,,,,,,,,,,,,,,,,,,,,,,,,,,,,,
"it's ""{word}"" to ...",,,,,,,,,,,,,,,,,,,,,,,,,,,,,,,
Measure,,,,,,,,,,,,,,,,,,,,,,,,,,,,,,,
Modifier,,,,,,,,,,,,,,,,,,,,,,,,,,,,,,,
Modifies,,,,,,,,,,,,,,,,,,,,,,,,,,,,,,,
N_Modifier,,,,,,,,,,,,,,,,,,,,,,,,,,,,,,,
Object,,,,,,,,,,,,,,,,,,,,,,,,,,,,,,,
Object_of,,,,,,,,,,,,,,,,,,,,,,,,,,,,,,,
Paste {l1} translation here,,,,,,,,,,,,,,,,,,,,,,,,,,,,,,,
Possession,,,,,,,,,,,,,,,,,,,,,,,,,,,,,,,
Possessor,,,,,,,,,,,,,,,,,,,,,,,,,,,,,,,
PP_与,,,,,,,,,,,,,,,,,,,,,,,,,,,,,,,
PP_为,,,,,,,,,,,,,,,,,,,,,,,,,,,,,,,
PP_于,,,,,,,,,,,,,,,,,,,,,,,,,,,,,,,
PP_以,,,,,,,,,,,,,,,,,,,,,,,,,,,,,,,
PP_向,,,,,,,,,,,,,,,,,,,,,,,,,,,,,,,
PP_因,,,,,,,,,,,,,,,,,,,,,,,,,,,,,,,
PP_在,,,,,,,,,,,,,,,,,,,,,,,,,,,,,,,
PP_如,,,,,,,,,,,,,,,,,,,,,,,,,,,,,,,
PP_对,,,,,,,,,,,,,,,,,,,,,,,,,,,,,,,
PP_将,,,,,,,,,,,,,,,,,,,,,,,,,,,,,,,
PP_就,,,,,,,,,,,,,,,,,,,,,,,,,,,,,,,
PP_把,,,,,,,,,,,,,,,,,,,,,,,,,,,,,,,
PP_给,,,,,,,,,,,,,,,,,,,,,,,,,,,,,,,
SentObject,,,,,,,,,,,,,,,,,,,,,,,,,,,,,,,
SentObject_of,,,,,,,,,,,,,,,,,,,,,,,,,,,,,,,
Subject,,,,,,,,,,,,,,,,,,,,,,,,,,,,,,,
Subject_of,,,,,,,,,,,,,,,,,,,,,,,,,,,,,,,
Learn on the go with our mobile apps.,,,,,,,,,,,,,,,,,,,,,,,,,,,,,,,使用我们的移动应用程序随时随地学习。
Available on iOS and Android.,,,,,,,,,,,,,,iOSとAndroidで利用できます。,iOS 및 Android에서 사용할 수 있습니다.,,,,,,,,,,,,,,,,在iOS和Android上可用。
Search for “Language Player 2” in the iOS App Store.,,,,,,,,,,,,,,iOSアプリストアで「Language Player 2」を検索します。,iOS 앱스토어에서 “Language Player 2”를 검색합니다.,,,,,,,,,,,,,,,,在iOS应用商店中搜索“Language Player 2”。
"Or, download the Android app as an",,,,,,,,,,,,,,または、Androidアプリをダウンロードして,또는 로 Android 응용 프로그램을 다운로드합니다.,,,,,,,,,,,,,,,,或者，下载Android应用程序作为
Android Package,,,,,,,,,,,,,,Androidパッケージ,Android 패키지,,,,,,,,,,,,,,,,Android软件包
Massive content library,,,,,,,,,,,,,,マスコンテンツライブラリ,대용량 콘텐츠 라이브러리,,,,,,,,,,,,,,,,海量内容库
"With 600,000 videos in over 200 languages, you will always find something interesting to watch.",,,,,,,,,,,,,,200言語以上の60万本のビデオがあり、いつも面白いコンテンツを見つけることができます。,200 개 이상의 언어로 60 만 개의 비디오가 있으며 항상 재미있는 콘텐츠를 찾을 수 있습니다.,,,,,,,,,,,,,,,,有超过200种语言的60万个视频，您总能找到有趣的内容。
Interactive transcripts with English translation,,,,,,,,,,,,,,英語翻訳付きインタラクティブな受講実績,영어 번역이 포함된 대화형 성적표,,,,,,,,,,,,,,,,带英语翻译的交互式成绩单
Tap any line in the transcript to play that line. Tap on any word to look up.,,,,,,,,,,,,,,トランスクリプトのいずれかの行をクリックして、その行を再生します。単語をクリックして検索します。,녹취재 중 한 줄을 클릭하여 해당 줄을 재생합니다.원하는 단어를 클릭하여 찾습니다.,,,,,,,,,,,,,,,,点击转录文本中的任何一行，播放该行。点击任何单词进行查找。
See examples of words in videos,,,,,,,,,,,,,,ビデオ内の単語の例を表示する,비디오에서 단어 예제 보기,,,,,,,,,,,,,,,,查看视频中的单词示例
Learn words by watching hundreds of video clips that contain this word.,,,,,,,,,,,,,,単語は、その単語を含む数百のビデオセグメントを見て学習される。,단어가 포함된 수백 개의 비디오 클립을 보면서 단어를 배웁니다.,,,,,,,,,,,,,,,,通过观看数百个包含该单词的视频片段来学习单词。
Pricing Options,,,,,,,,,,,,,,価格設定オプション,가격 옵션,,,,,,,,,,,,,,,,定价选项
Get unlimited access with a lifetime Pro account.,,,,,,,,,,,,,,終身Proアカウントを使用して無限アクセス権を取得します。,평생 Pro 계정을 사용하여 무제한 액세스 권한을 얻습니다.,,,,,,,,,,,,,,,,使用终身Pro帐户获得无限访问权限。
What our users say about us,,,,,,,,,,,,,,ユーザーが私たちについて言うこと,사용자가 우리에 대해 말하는 것,,,,,,,,,,,,,,,,用户对我们的评价
We support 217 languages,,,,,,,,,,,,,,217言語をサポート,217개 언어를 지원합니다.,,,,,,,,,,,,,,,,我们支持217种语言
"Including constructed languages (Esperanto, Klingon), sign languages (ASL, KSL), ancient languages (Aramaic, Gothic, Classical Chinese), and dialects (Hakka, Min Nan).",,,,,,,,,,,,,,構造言語（エスペラント語、クリンゴン語）、手話（ASL、KSL）、古代言語（アラム語、ゴシック語、文語文）、方言（客家語、閩南語）が含まれます。,"구조어(세계어, 클린공어), 수화(ASL, KSL), 고어(아란어, 고딕어, 문어)와 방언(객가어, 민남어)을 포함한다.",,,,,,,,,,,,,,,,包括构造语言（世界语、克林贡语）、手语（ASL、KSL）、古语言（亚兰语、哥特语、文言文）和方言（客家语、闽南语）。
See latest stats.,,,,,,,,,,,,,,最新の統計を表示します。,최신 통계를 검토합니다.,,,,,,,,,,,,,,,,查看最新统计数据。
Ready to give it a try?,,,,,,,,,,,,,,準備はできていますか。,해볼 준비 되셨나요?,,,,,,,,,,,,,,,,准备好试一试了吗？
"Start by creating a free account, and explore our content library.",,,,,,,,,,,,,,無料アカウントを作成することから、コンテンツライブラリを探索します。,무료 계정을 만드는 것부터 시작하여 콘텐츠 라이브러리를 탐색하십시오.,,,,,,,,,,,,,,,,从创建一个免费帐户开始，探索我们的内容库。
Join our Discord* Server,,,,,,,,,,,,,,デルのDiscord*サーバへの参加,Discord* 서버에 가입,,,,,,,,,,,,,,,,加入我们的Discord*服务器
"And connect with people passionate about learning languages, just like you!",,,,,,,,,,,,,,あなたのように語学学習に熱中している人とつながりを築け！,당신처럼 언어 공부에 열중하는 사람과 관계를 맺으세요!,,,,,,,,,,,,,,,,和像你一样热衷于学习语言的人建立联系！
Discord is a chat and streaming app that allows groups to create separate chatrooms (channels) for different purposes.,,,,,,,,,,,,,,Discordは、グループが異なる目的のために個別のチャットルーム（チャンネル）を作成できるようにするチャットおよびストリーミングアプリケーションです。,Discord는 채팅 및 스트리밍 응용 프로그램으로 그룹이 서로 다른 목적을 위해 별도의 채팅방(채널)을 만들 수 있습니다.,,,,,,,,,,,,,,,,Discord是一款聊天和流媒体应用程序，允许群组为不同目的创建单独的聊天室（频道）。
Language Player Discord Server,,,,,,,,,,,,,,言語プレーヤーDiscordサーバ,언어 플레이어 Discord 서버,,,,,,,,,,,,,,,,语言播放器Discord服务器
Made with ❤️ by language lovers like you.,,,,,,,,,,,,,,あなたのような言語愛好家が❤️ で作った。,당신 같은 언어 애호가들이 ❤️ 으로 만들어요.,,,,,,,,,,,,,,,,由像你这样的语言爱好者用 ❤️ 制做。
Videos with Subs,,,,,,,,,,,,,,字幕付きビデオ,자막 영상,,,,,,,,,,,,,,,,带字幕的视频
Free Account,,,,,,,,,,,,,,無料アカウント,무료 계정,,,,,,,,,,,,,,,,免费帐户
"Access 600,000+ videos across 207+ languages",,,,,,,,,,,,,,207以上の言語で60万以上のビデオにアクセス可能,207개 이상의 언어로 60만 개 이상의 비디오 액세스,,,,,,,,,,,,,,,,通过207多种语言访问600000多个视频
"See collocations, example sentences, verb inflections and Chinese character decomposition in the dictionary",,,,,,,,,,,,,,辞書の連語、例文、動詞の変形、漢字の分解を見る,"사전에서 조합, 예문, 동사 굴절 및 한자 분해 참조",,,,,,,,,,,,,,,,参见词典中的搭配、例句、动词屈折和汉字分解
"Read books, web pages or your own text with a popup dictionary",,,,,,,,,,,,,,ポップアップディクショナリを使用して、本、Webページ、または自分のテキストを読む,"팝업 사전을 사용하여 책, 웹 페이지 또는 자신의 텍스트 읽기",,,,,,,,,,,,,,,,使用弹出式词典阅读书籍、网页或您自己的文本
Watch live TV in the target language,,,,,,,,,,,,,,ターゲット言語でテレビの生放送を視聴する,대상 언어로 생방송 TV 시청,,,,,,,,,,,,,,,,用目标语言观看电视直播
See only first 10 lines of interactive transcripts with English translation,,,,,,,,,,,,,,英語翻訳を使用したインタラクティブなトランスクリプトの最初の10行だけを表示,영어 번역이 포함된 대화형 대본의 처음 10줄만 보기,,,,,,,,,,,,,,,,仅查看前10行交互式英文翻译成绩单
See only 2 examples of words in videos,,,,,,,,,,,,,,動画で単語の例を2つだけ見る,동영상에서 단어의 예 2개만 보기,,,,,,,,,,,,,,,,在视频中只看到两个单词示例
money-back guarantee,,,,,,,,,,,,,,返金保証,환불 보증,,,,,,,,,,,,,,,,退款保证书
Pro Account,,,,,,,,,,,,,,Proアカウント,Pro 계정,,,,,,,,,,,,,,,,Pro账户
lifetime,,,,,,,,,,,,,,一括払い、生涯使用,"일시불, 평생 사용",,,,,,,,,,,,,,,,一次付款，终生使用
never expires,,,,,,,,,,,,,,期限切れにならない,만료되지 않다,,,,,,,,,,,,,,,,永不过期
See complete interactive transcripts with English translation,,,,,,,,,,,,,,英語翻訳を使用したインタラクティブなトランスクリプトを参照してください。,영어 번역과 함께 대화형 전체 대본 보기,,,,,,,,,,,,,,,,查看英文翻译的完整交互式成绩单
"See hundreds of examples of words in videos, or in particular TV shows",,,,,,,,,,,,,,ビデオ、または特にテレビ番組で何百もの単語の例を見る,비디오 또는 특히 TV 프로그램에서 수백 개의 단어 예제 보기,,,,,,,,,,,,,,,,在视频或特别是电视节目中看到数百个单词的例子
14 day,,,,,,,,,,,,,,14日間,14일,,,,,,,,,,,,,,,,14天
money-back guarantee,,,,,,,,,,,,,,の返金保証,환불 보증,,,,,,,,,,,,,,,,退款保证
Go Pro,,,,,,,,,,,,,,Proになる,Pro가 되다,,,,,,,,,,,,,,,,成为Pro
Back to Dashboard,,,,,,,,,,,,,,ダッシュボードに戻る,대시보드로 돌아가기,,,,,,,,,,,,,,,,返回仪表板
Switch languages,,,,,,,,,,,,,,言語の切り替え,언어 전환,,,,,,,,,,,,,,,,切换语言
Quick Settings,,,,,,,,,,,,,,共通設定,자주 사용하는 설정,,,,,,,,,,,,,,,,常用设置
Auto pronounce words,,,,,,,,,,,,,,単語の自動発音,단어 자동 발음,,,,,,,,,,,,,,,,单词自动发音
Phonetics on,,,,,,,,,,,,,,音声学,음성학 켜기,,,,,,,,,,,,,,,,语音打开
Phonetics off,,,,,,,,,,,,,,音声学オフ,음성 기능 꺼짐,,,,,,,,,,,,,,,,语音关闭
Traditional characters,,,,,,,,,,,,,,繁体字,전통 문자,,,,,,,,,,,,,,,,繁体字
Simplified characters,,,,,,,,,,,,,,簡体字,간체자,,,,,,,,,,,,,,,,简化的字符
Translation on,,,,,,,,,,,,,,上の翻訳日,번역 대상,,,,,,,,,,,,,,,,翻译打开
Translation off,,,,,,,,,,,,,,翻訳オフ,번역 오프,,,,,,,,,,,,,,,,翻译关闭
Hanja On,,,,,,,,,,,,,,ハンジャオン,한자온,,,,,,,,,,,,,,,,韩文汉字打开
Hanja Off,,,,,,,,,,,,,,ハンジャオフ,한자 오프,,,,,,,,,,,,,,,,韩文汉字关闭
Han Tự On,,,,,,,,,,,,,,ハンターオン,한터온,,,,,,,,,,,,,,,,越南语汉字开启
Han Tự Off,,,,,,,,,,,,,,ハンターオフ,한터오프,,,,,,,,,,,,,,,,越南语汉字关闭
Smaller text,,,,,,,,,,,,,,テキストの縮小,작은 텍스트,,,,,,,,,,,,,,,,放大文本
Bigger text,,,,,,,,,,,,,,テキストの拡大,더 큰 텍스트,,,,,,,,,,,,,,,,缩小文本
More Settings,,,,,,,,,,,,,,その他の設定,추가 설정,,,,,,,,,,,,,,,,其他设置
Show hanja next to hanguel (byeonggi),,,,,,,,,,,,,,ハンゲルの横に漢字を見せてください。,한글 옆에 한자 표시하기 (병기),,,,,,,,,,,,,,,,在韩文旁边显示汉字（并记）
Show Hán tự next to Sino-Vietnamese words,,,,,,,,,,,,,,中ベトナム語の単語の横に漢字を表示する,중국어-베트남어 옆에 한터 표시,,,,,,,,,,,,,,,,在中越语单词旁边显示对应汉字
"What is byeonggi (병기, 倂記)?",,,,,,,,,,,,,,ビョンギとは何ですか？,"병기(兵器, 兵器)가 무엇인가요?",,,,,,,,,,,,,,,,什么是并记(병기)?
What is Hán tự?,,,,,,,,,,,,,,ベトナム漢字とは何ですか？,한테가 뭐야?,,,,,,,,,,,,,,,,什么是越南语汉字?
Display pinyin above words,,,,,,,,,,,,,,上記の単語でピンインを表示する,위의 단어로 병음 표시,,,,,,,,,,,,,,,,在单词上方显示拼音
Display furigana above words,,,,,,,,,,,,,,単語の上にふりがなを表示する,단어 위에 후리가나 표시,,,,,,,,,,,,,,,,在单词上方显示汉字
Display romanization above words,,,,,,,,,,,,,,単語の上にローマ字表記を表示する,단어 위에 로마자 표기 표시,,,,,,,,,,,,,,,,在单词上方显示罗马化
Show definition above words,,,,,,,,,,,,,,単語の上に定義を表示する,단어 위에 정의 표시,,,,,,,,,,,,,,,,在单词上方显示定义
Show pop quiz,,,,,,,,,,,,,,クイズを表示する,퀴즈 보이기,,,,,,,,,,,,,,,,显示弹出测试
Show translation,,,,,,,,,,,,,,翻訳の表示,번역 표시,,,,,,,,,,,,,,,,显示翻译
Pronounce word when opening popup,,,,,,,,,,,,,,ポップアップを開くときに単語を発音する,팝업을 열 때 단어 발음,,,,,,,,,,,,,,,,打开弹出窗口时发音单词
Disable popup dictionary,,,,,,,,,,,,,,ポップアップディクショナリを無効にする,팝업 사전 사용 안 함,,,,,,,,,,,,,,,,禁用弹出词典
Use Simplified,,,,,,,,,,,,,,簡体字を使用,간체자 사용,,,,,,,,,,,,,,,,使用简化版
Use Traditional,,,,,,,,,,,,,,繁体字を使用,번체자 사용,,,,,,,,,,,,,,,,使用传统
Use Sans-Serif,,,,,,,,,,,,,,サンセリフの使用,산세리프 사용,,,,,,,,,,,,,,,,使用黑体
Use Serif,,,,,,,,,,,,,,セリフの使用,세리프 사용,,,,,,,,,,,,,,,,使用宋体
Admin Mode,,,,,,,,,,,,,,管理モード,관리 모드,,,,,,,,,,,,,,,,管理模式
General settings,,,,,,,,,,,,,,一般設定,일반 설정,,,,,,,,,,,,,,,,常规设置
"Limit ""this word in TV Shows"" search result (faster)",,,,,,,,,,,,,,「TV番組内のこの単語」の検索結果を制限(高速化),TV 프로그램에서 이 단어 검색 결과 제한(더 빨리),,,,,,,,,,,,,,,,限制“电视节目中的这个词”搜索结果（加载更快）
Settings specific to {l2},,,,,,,,,,,,,,{l2}に固有の設定,{l2} 관련 설정,,,,,,,,,,,,,,,,特定于{l2}的设置
Content Preferences,,,,,,,,,,,,,,コンテンツプリファレンス,콘텐츠 기본 설정,,,,,,,,,,,,,,,,内容首选项
History,,,,,,,,,,,,,,歴史,역사,,,,,,,,,,,,,,,,历史
Bookshelf,,,,,,,,,,,,,,本棚,책꽂이,,,,,,,,,,,,,,,,书架
My Phrases,,,,,,,,,,,,,,わたしの句,나의 구절,,,,,,,,,,,,,,,,我的短语
Privacy Policy,,,,,,,,,,,,,,プライバシーポリシー,프라이버시 정책,,,,,,,,,,,,,,,,隐私政策
Forum,,,,,,,,,,,,,,フォーラム,논단,,,,,,,,,,,,,,,,论坛
Language Info,,,,,,,,,,,,,,言語情報,언어 정보,,,,,,,,,,,,,,,,语言信息
Word Lists,,,,,,,,,,,,,,単語一覧,단어 목록,,,,,,,,,,,,,,,,单词列表
Reader,,,,,,,,,,,,,,リーダー,리더,,,,,,,,,,,,,,,,阅读器
{speed}x Speed,,,,,,,,,,,,,,{speed}x速度,{speed}x 속도,,,,,,,,,,,,,,,,{speed}倍速
Auto-Pause,,,,,,,,,,,,,,自動一時停止,자동 일시 중지,,,,,,,,,,,,,,,,自动暂停
Smooth Scrolling,,,,,,,,,,,,,,スムーズなスクロール,부드러운 스크롤,,,,,,,,,,,,,,,,平滑滚动
Search {l2} Content,,,,,,,,,,,,,,{l2}コンテンツ検索,{l2} 컨텐츠 검색,,,,,,,,,,,,,,,,搜索{l2}内容
Search {stats} {l2} videos,,,,,,,,,,,,,,{stats}本の{l2}のビデオ検索,{l2} 비디오 {stats}개를 검색,,,,,,,,,,,,,,,,搜索{stats}个{l2}视频
Loading your feed...,,,,,,,,,,,,,,フィードをロード中...,피드 로드 중...,,,,,,,,,,,,,,,,正在加载源……
Loading your text...,,,,,,,,,,,,,,テキストをロード中...,텍스트 로드 중...,,,,,,,,,,,,,,,,正在加载文本……
Loading sentences...,,,,,,,,,,,,,,文章を読み込み中...,문장 로드 중...,,,,,,,,,,,,,,,,正在加载句子……
Loading collocations...,,,,,,,,,,,,,,コロケーションをロードしています...,조합을 로드하는 중...,,,,,,,,,,,,,,,,正在加载搭配……
Getting shows...,,,,,,,,,,,,,,ショーを見る…,프로그램을 가져오는 중...,,,,,,,,,,,,,,,,正在获取节目……
Searching for word forms...,,,,,,,,,,,,,,単語帳を検索中...,단어 형식을 검색하는 중...,,,,,,,,,,,,,,,,正在搜索单词形式……
Looking up the thesaurus...,,,,,,,,,,,,,,シソーラスを見ながら···。,시소러스를 찾는 중...,,,,,,,,,,,,,,,,正在查找同义词库……
Loading videos in our library...,,,,,,,,,,,,,,ライブラリにビデオをロード中...,라이브러리에 비디오를 로드하는 중...,,,,,,,,,,,,,,,,正在我们的库中加载视频……
Loading student mistakes...,,,,,,,,,,,,,,学生のミスをロード中...,학생 실수 로드 중...,,,,,,,,,,,,,,,,正在加载学生错误……
"Payment successful, activating your Pro account...",,,,,,,,,,,,,,支払いに成功しました。Proアカウントを有効にします...,"결제 성공, Pro 계정 활성화...",,,,,,,,,,,,,,,,付款成功，激活您的Pro帐户……
"It seems like you've cancelled the checkout, please try again.",,,,,,,,,,,,,,チェックアウトをキャンセルされたようですが、もう一度お試しください。,체크아웃을 취소한 것 같습니다. 다시 시도하십시오.,,,,,,,,,,,,,,,,您似乎中断了付款过程，请重试。
"We're sorry, your payment didn't work this time, please try again.",,,,,,,,,,,,,,申し訳ありませんが、今回はお支払いできませんでした。もう一度お試しください。,죄송합니다. 이번에는 결제가 되지 않았습니다. 다시 시도하십시오.,,,,,,,,,,,,,,,,很抱歉，您的付款尚未完成，请重试。
"If you need further assistance, please contact support",,,,,,,,,,,,,,さらにサポートが必要な場合は、サポートにお問い合わせください。,추가 지원이 필요한 경우 지원부에 문의하십시오,,,,,,,,,,,,,,,,如果您需要进一步帮助，请联系支持人员
Send us an email,,,,,,,,,,,,,,Eメールを送信する,이메일을 보내주세요,,,,,,,,,,,,,,,,向我们发送电子邮件
VALENTINES DAY SALE!,,,,,,,,,,,,,,バレンタインデーセール!,발렌타인 데이 세일!,,,,,,,,,,,,,,,,情人节大减价！
50% off on lifetime Pro account upgrade,,,,,,,,,,,,,,ライフタイムProアカウントのアップグレード時に50%オフ,평생 Pro 계정 업그레이드 시 50% 할인,,,,,,,,,,,,,,,,终身专业账户升级50%折扣
You are already Pro!,,,,,,,,,,,,,,あなたはもうプロです！,넌 이미 프로야!,,,,,,,,,,,,,,,,你已经是Pro了！
Enjoy!,,,,,,,,,,,,,,楽しんで！,맛있게 드세요!,,,,,,,,,,,,,,,,享受
Start Using Pro,,,,,,,,,,,,,,Proの使用開始,Pro 사용 시작,,,,,,,,,,,,,,,,开始使用Pro
Ready to upgrade to Pro?,,,,,,,,,,,,,,Proへのアップグレードの準備はできていますか?,Pro로 업그레이드할 준비가 되셨습니까?,,,,,,,,,,,,,,,,准备好升级到Pro了吗？
Please choose your method of payment.,,,,,,,,,,,,,,お支払い方法をお選びください。,결제 방법을 선택하십시오.,,,,,,,,,,,,,,,,请选择付款方式。
Already have an account?,,,,,,,,,,,,,,アカウントは既にお持ちですか?,이미 계정이 있습니까?,,,,,,,,,,,,,,,,已经有帐户了吗？
"If you have any questions or issues, please contact us.",,,,,,,,,,,,,,ご不明な点や問題がございましたら、お問い合わせください。,질문이나 문제가 있는 경우 당사로 문의하십시오.,,,,,,,,,,,,,,,,如果您有任何疑问或问题，请联系我们。
Credit Card,,,,,,,,,,,,,,クレジットカード,신용카드,,,,,,,,,,,,,,,,信用卡
WeChat Pay,,,,,,,,,,,,,,ウィチャット決済,위챗 결제,,,,,,,,,,,,,,,,微信支付
Alipay,,,,,,,,,,,,,,アリペイ,알리페이,,,,,,,,,,,,,,,,支付宝
"Before you get Pro, you need to create an account.",,,,,,,,,,,,,,Proを入手する前にアカウントを作成する必要があります。,Pro를 받기 전에 계정을 만들어야 합니다.,,,,,,,,,,,,,,,,在获得Pro之前，您需要创建一个帐户。
Create an Account,,,,,,,,,,,,,,アカウントの作成,계정 만들기,,,,,,,,,,,,,,,,创建帐户
Please login,,,,,,,,,,,,,,ログインしてください,로그인하세요,,,,,,,,,,,,,,,,请登录
Loading...,,,,,,,,,,,,,,ロード中...,로드하는 중...,,,,,,,,,,,,,,,,正在加载……
Loading the dictionary...,,,,,,,,,,,,,,辞書をロードしています...,사전 로드 중...,,,,,,,,,,,,,,,,正在加载词典……
See all {num} search results with a Pro account,,,,,,,,,,,,,,Proアカウントですべての{num}の検索結果を見る,Pro 계정으로 모든 {num} 검색 결과 보기,,,,,,,,,,,,,,,,使用Pro帐户查看所有[num}个搜索结果
Video Caption Search Results,,,,,,,,,,,,,,ビデオキャプションの検索結果,비디오 캡션 검색 결과,,,,,,,,,,,,,,,,视频字幕搜索结果
Sort By Length,,,,,,,,,,,,,,長さ順にソート,길이순 정렬,,,,,,,,,,,,,,,,按长度排序
Sort Left,,,,,,,,,,,,,,左揃え,왼쪽 정렬,,,,,,,,,,,,,,,,向左排序
"Sorry, no hits found.",,,,,,,,,,,,,,申し訳ありませんが、ヒットは見つかりません。,죄송합니다. 히트를 찾을 수 없습니다.,,,,,,,,,,,,,,,,抱歉，找不到匹配项。
Try turning off ‘Limit “this word in TV Shows” search result (faster)’ in Settings.,,,,,,,,,,,,,,「設定」で「この単語をテレビ番組で制限する」検索結果(高速)をオフにしてみてください。,설정에서 'TV 프로그램에서 이 단어 제한' 검색 결과(더 빠름)를 해제해 보십시오.,,,,,,,,,,,,,,,,尝试在“设置”中关闭“限制”电视节目中的“搜索结果（更快）”。
Go to settings,,,,,,,,,,,,,,設定に移動する,설정으로 이동,,,,,,,,,,,,,,,,转到设置
Refresh,,,,,,,,,,,,,,リフレッシュ,새로 고침,,,,,,,,,,,,,,,,刷新
VIDEO SOURCE,,,,,,,,,,,,,,ビデオソース,비디오 소스,,,,,,,,,,,,,,,,视频源
Getting shows...,,,,,,,,,,,,,,ショーを見る…,프로그램을 가져오는 중...,,,,,,,,,,,,,,,,正在获取节目……
Reset filters,,,,,,,,,,,,,,フィルタのリセット,필터 재설정,,,,,,,,,,,,,,,,重置筛选器
All Categories,,,,,,,,,,,,,,すべてのカテゴリ,모든 범주,,,,,,,,,,,,,,,,所有类别
No {showType} found.,,,,,,,,,,,,,,{show}なしタイプ}が見つかりました。,없음 {show}유형}을(를) 찾았습니다.,,,,,,,,,,,,,,,,找不到{showType}。
Sort by Recommended,,,,,,,,,,,,,,推奨順にソート,권장 기준으로 정렬,,,,,,,,,,,,,,,,按推荐排序
Sort by Views,,,,,,,,,,,,,,ビュー別にソート,보기별 정렬,,,,,,,,,,,,,,,,按视图排序
Sort by Title,,,,,,,,,,,,,,タイトル別にソート,제목별 정렬,,,,,,,,,,,,,,,,按标题排序
All Levels,,,,,,,,,,,,,,すべてのレベル,모든 수준,,,,,,,,,,,,,,,,所有级别
{num} shows,,,,,,,,,,,,,,番組{num}個,쇼 {num}개,,,,,,,,,,,,,,,,{num}个节目
"Searching through 7,669,735 words across 3,752 languages",,,,,,,,,,,,,,"3,752言語の7,669,735語を検索","3,752개 언어에 걸쳐 7,669,735개 단어 검색",,,,,,,,,,,,,,,,搜索3752种语言的7669735个单词
Looking for similar phrases in other languages,,,,,,,,,,,,,,他の言語でも同様のフレーズを探しています。,다른 언어에서 유사한 구문을 찾는 중,,,,,,,,,,,,,,,,寻找其他语言中的类似短语
No similar phrases found in other languages.,,,,,,,,,,,,,,他の言語でも同様のフレーズは見つかりませんでした。,다른 언어에서 유사한 구문을 찾을 수 없습니다.,,,,,,,,,,,,,,,,在其他语言中找不到类似的短语。
See them on a Map,,,,,,,,,,,,,,地図で見る,지도에서 보기,,,,,,,,,,,,,,,,在地图上看到它们
How do you say this word in other languages?,,,,,,,,,,,,,,この言葉は他の言語で何と言いますか。,이 단어를 다른 언어로 어떻게 말하나요?,,,,,,,,,,,,,,,,你用其他语言怎么说这个词？
"Sorry, no definition found.",,,,,,,,,,,,,,申し訳ありませんが、定義が見つかりません。,죄송합니다. 정의를 찾을 수 없습니다.,,,,,,,,,,,,,,,,抱歉，找不到定义。
Looking up the dictionary...,,,,,,,,,,,,,,辞書を引くのは…,사전을 찾는 중...,,,,,,,,,,,,,,,,正在查字典……
Preparing video and transcript...,,,,,,,,,,,,,,ビデオとトランスクリプトの準備中...,비디오 및 스크립트를 준비하는 중...,,,,,,,,,,,,,,,,正在准备视频和转录文本……
Loading subtitles...,,,,,,,,,,,,,,字幕をロード中...,자막 로드 중...,,,,,,,,,,,,,,,,正在加载字幕……
Loading categories...,,,,,,,,,,,,,,カテゴリをロード中...,범주 로드 중...,,,,,,,,,,,,,,,,正在加载类别……
Loading books...,,,,,,,,,,,,,,本の読み込み中...,책 로드 중...,,,,,,,,,,,,,,,,正在加载书本……
Loading common phrases…,,,,,,,,,,,,,,一般的なフレーズをロード中…,일반 구문을 로드하는 중...,,,,,,,,,,,,,,,,正在加载常用短语…
Sending password reset email...,,,,,,,,,,,,,,パスワードリセットEメールを送信しています...,암호 재설정 전자 메일을 보내는 중...,,,,,,,,,,,,,,,,正在发送密码重置电子邮件……
Password reset email on its way,,,,,,,,,,,,,,パスワードリセットEメール送信中,암호 재설정 전자 메일 전송 중,,,,,,,,,,,,,,,,正在发送密码重置电子邮件
We're sending a password reset email which can take up to a minute to arrive. Please check your spam inbox just to make sure.,,,,,,,,,,,,,,パスワードリセットのメールをお送りしますので、到着までに1分ほどお時間をいただきます。 念のためスパムメールボックスを確認してください。,도착까지 1분 정도 걸릴 수 있는 비밀번호 재설정 이메일을 보냅니다. 만약을 위해 스팸 받은 편지함을 확인하십시오.,,,,,,,,,,,,,,,,我们正在发送一封密码重置电子邮件，可能需要一分钟才能到达。请检查您的垃圾邮件收件箱，以确保。
"Loading map, and plotting thousands of languages...",,,,,,,,,,,,,,地図を読み込み、数千の言語をプロットしている...,지도를 로드하고 수천 개의 언어를 표시하는 중...,,,,,,,,,,,,,,,,加载地图，绘制数千种语言……
Loading words...<br/>Don't wait. View the video now.,,,,,,,,,,,,,,単語をロード中...<br/>待たないで。 ビデオを今すぐご覧ください。,단어 로드 중...<br/>기다리지 마세요. 지금 비디오를 보십시오.,,,,,,,,,,,,,,,,正在加载单词<br/>无需等待，可立即查看视频。
Loading words...,,,,,,,,,,,,,,単語をロード中...,단어 로드 중...,,,,,,,,,,,,,,,,正在加载单词……
Looking for minimal pairs...,,,,,,,,,,,,,,最小ペアを探しています...,최소 쌍을 찾는 중...,,,,,,,,,,,,,,,,正在查找最小配对……
Loading videos...,,,,,,,,,,,,,,ビデオをロード中...,비디오 로드 중...,,,,,,,,,,,,,,,,正在加载视频…
Searching through video captions...,,,,,,,,,,,,,,ビデオキャプションを検索中...,비디오 캡션을 검색하는 중...,,,,,,,,,,,,,,,,正在搜索视频字幕……
Open Full,,,,,,,,,,,,,,完全に開く,전체 열기,,,,,,,,,,,,,,,,完全打开
All Videos,,,,,,,,,,,,,,すべてのビデオ,모든 비디오,,,,,,,,,,,,,,,,所有视频
All TV Shows,,,,,,,,,,,,,,すべてのTV番組,모든 TV 프로그램,,,,,,,,,,,,,,,,所有电视节目
Check All,,,,,,,,,,,,,,すべてチェック,모두 확인,,,,,,,,,,,,,,,,全部选中
Uncheck All,,,,,,,,,,,,,,すべてチェックボックスをオフにします。,모두 선택 취소,,,,,,,,,,,,,,,,全部取消选中
All YouTube Channels,,,,,,,,,,,,,,すべてのYouTubeチャネル,모든 유튜브 채널,,,,,,,,,,,,,,,,所有YouTube频道
Search in...,,,,,,,,,,,,,,検索する...,검색...,,,,,,,,,,,,,,,,搜索范围……
List,,,,,,,,,,,,,,リスト,목록.,,,,,,,,,,,,,,,,列表
the TV Show “{title}”,,,,,,,,,,,,,,テレビ番組「{title}」,"TV 쇼 ""{title}""",,,,,,,,,,,,,,,,电视节目《{title}》
Search in:,,,,,,,,,,,,,,検索対象:,검색 위치:,,,,,,,,,,,,,,,,搜索范围：
{num} TV Show(s),,,,,,,,,,,,,,,,,,,,,,,,,,,,,,,{num}个电视节目
{num} YouTube Channel(s),,,,,,,,,,,,,,,,,,,,,,,,,,,,,,,{num}YouTube频道
 & Other Videos,,,,,,,,,,,,,,,,,,,,,,,,,,,,,,,和其他视频