eng,zho,afr,ara,cat,deu,ell,fin,fra,gle,hin,hrv,hun,ind,ita,jpn,kor,lat,nan,nld,nor,pol,por,ron,rus,spa,srp,swa,swe,tha,tur,vie
 & Other Videos,和其他视频,,,,,,,,,,,,,, & その他のビデオ, & 기타 비디오,,,,,,,,,,,,,,,
’s Language Dashboard,的语言学习进度表,,,,,,,,,,,,,,の言語ダッシュボード,,,,,,,,,,,,,,,,
“{text}” videos on YouTube,在 YouTube 上关于 “{text}” 的视频,,,,,,,,,,,,,,YouTubeの動画「{text}」,,,,,,,,,,,,,,,,
{cat} ({num}*) level,{cat}（{num}*）,,,,,,,,,,,,,,{cat}（{num}*）レベル,,,,,,,,,,,,,,,,
{count} books,{count}本书,,,,,,,,,,,,,,,,,,,,,,,,,,,,,,
"{description}, a user of {language}.",{description}. 是一位{language}语言使用者。,,,,,,,,,,,,,,,,,,,,,,,,,,,,,,
{hours} to {goal},达到{goal}尚需{hours},,,,,,,,,,,,,,{goal}まで{hours}時間,,,,,,,,,,,,,,,,
{hours}{minutes}{seconds},{hours}{minutes}{seconds},,,,,,,,,,,,,,{hours}{minutes}{seconds},,,,,,,,,,,,,,,,
{l2} Books,{l2}书籍,,,,,,,,,,,,,,{l2}冊の本,,,,,,,,,,,,,,,,
{l2} Guided Readers,{l2}阅读材料,,,,,,,,,,,,,,{l2}阅读材料,,,,,,,,,,,,,,,,
{l2} Learning Path,{l2}学习攻略,,,,,,,,,,,,,,{l2}の学習パス,,,,,,,,,,,,,,,,
{l2} Minimal Pairs,{l2}最小对立体,,,,,,,,,,,,,,,,,,,,,,,,,,,,,,
{l2} Movies,{l2}电影,,,,,,,,,,,,,,{l2}映画,,,,,,,,,,,,,,,,
{l2} Music,{l2}音乐,,,,,,,,,,,,,,{l2}音楽,,,,,,,,,,,,,,,,
{l2} News,{l2}新闻,,,,,,,,,,,,,,{l2}ニュース,,,,,,,,,,,,,,,,
{l2} reading with popup dictionary,{l2}阅读（含自动取词功能）,,,,,,,,,,,,,,ポップアップ辞書を使用して{l2}読み取り,,,,,,,,,,,,,,,,
{l2} Talks,{l2}演说,,,,,,,,,,,,,,{l2}トーク,,,,,,,,,,,,,,,,
{l2} TV Shows,{l2}电视节目,,,,,,,,,,,,,,{l2}のテレビ番組,,,,,,,,,,,,,,,,
{l2} Video Library,{l2}视频资料库,,,,,,,,,,,,,,{l2}ビデオライブラリ,,,,,,,,,,,,,,,,
{l2} Videos,{l2}视频,,,,,,,,,,,,,,{l2}つのビデオ,,,,,,,,,,,,,,,,
{l2} Videos You Watched,您观看过的{l2}视频,,,,,,,,,,,,,,{l2} 視聴した動画,,,,,,,,,,,,,,,,
{l2} word or phrase,{l2}单词或短语,,,,,,,,,,,,,,{l2}語句,,,,,,,,,,,,,,,,
{markdown} and {html} are also supported.,还支持 {markdown} 和 {html}。,,,,,,,,,,,,,,,,,,,,,,,,,,,,,,
{name}’s {l2} Language Progress,{name}的{l2}学习进度,,,,,,,,,,,,,,{名前}の{l2}です。言語の進歩,,,,,,,,,,,,,,,,
{num} hours,{num} 小时,,,,,,,,,,,,,,{num}時間,,,,,,,,,,,,,,,,
{num} hr,{num}小时,,,,,,,,,,,,,,{num}時間,,,,,,,,,,,,,,,,
{num} languages listed,已列出 {num} 种语言,,,,,,,,,,,,,,,,,,,,,,,,,,,,,,
{num} min,{num}分,,,,,,,,,,,,,,{num}分,,,,,,,,,,,,,,,,
{num} months,{num}个月,,,,,,,,,,,,,,{num}月,,,,,,,,,,,,,,,,
{num} pairs found:,找到了对立体{num}对：,,,,,,,,,,,,,,,,,,,,,,,,,,,,,,
{num} phrases,{num} 个短语,,,,,,,,,,,,,,{num}句,,,,,,,,,,,,,,,,
{num} sec,{num}秒,,,,,,,,,,,,,,{num}秒,,,,,,,,,,,,,,,,
{num} shows,{num}个节目,,,,,,,,,,,,,,番組{num}個,쇼 {num}개,,,,,,,,,,,,,,,
{num} Speakers,{num}母语者,,,,,,,,,,,,,,,,,,,,,,,,,,,,,,
{num} TV Show(s),{num}个电视节目,,,,,,,,,,,,,,{num}つのテレビ番組,{num}개의 TV 프로그램,,,,,,,,,,,,,,,
{num} year(s) and,{num}年,,,,,,,,,,,,,,{num}年であり,,,,,,,,,,,,,,,,
{num} YouTube Channel(s),{num}YouTube频道,,,,,,,,,,,,,,{num}YouTubeチャネル,{num}개의 YouTube 채널,,,,,,,,,,,,,,,
"{num1} translators, {num2} languages.",{num1} 个翻译器，{num2} 种语言。,,,,,,,,,,,,,,,,,,,,,,,,,,,,,,
{resources} Resources to Help You Learn {l2},帮助您学习{l2}的{resources}个资源,,,,,,,,,,,,,,,,,,,,,,,,,,,,,,
{speed}x Speed,{speed}倍速,,,,,,,,,,,,,,{speed}x速度,{speed}x 속도,,,,,,,,,,,,,,,
/lifetime,/终生,,,,,,,,,,,,,,/lifetime,,,,,,,,,,,,,,,,
/mo,/月,,,,,,,,,,,,,,/mo,,,,,,,,,,,,,,,,
/yr,/年,,,,,,,,,,,,,,/年,,,,,,,,,,,,,,,,
"<b>Copy</b> the text below and <b>paste</b> into your spreadsheet program, or a flashcard app like Anki or Quizlet.",将下面的文本<b>复制</b>并<b>粘贴</b>到电子表格程序中，或导入到类似 Anki 或 Quizlet 的背单词程序中。,,,,,,,,,,,,,,<b>以下のテキストをコピーして、<b>スプレッドシートプログラムに貼り付けるか、AnkiやQuizletのようなフラッシュカードアプリに貼り付けます。,,,,,,,,,,,,,,,,
<b>Teachable</b> is an online platform that hosts video courses.,<b>Teachable</b> 是一个第三方代管视频课程的在线平台。,,,,,,,,,,,,,,<b>Teachable</b>は、ビデオコースをホストするオンラインプラットフォームです。,,,,,,,,,,,,,,,,
14 day,14天,,,,,,,,,,,,,,14日間,14일,,,,,,,,,,,,,,,
2010 Numbers,2010年数字,,,,,,,,,,,,,,,,,,,,,,,,,,,,,,
{discount} on lifetime Pro account,终身 Pro 账户{discount},,,,,,,,,,,,,,ライフタイムProアカウントのアップグレード時に50%オフ,평생 Pro 계정 업그레이드 시 50% 할인,,,,,,,,,,,,,,,
30% off,7折,,,,,,,,,,,,,,,,,,,,,,,,,,,,,,
40% off,6折,,,,,,,,,,,,,,,,,,,,,,,,,,,,,,
50% off,5折,,,,,,,,,,,,,,,,,,,,,,,,,,,,,,
Offer ends:,促销截止：,,,,,,,,,,,,,,,,,,,,,,,,,,,,,,
A {0} character.,{0}字,,,,,,,,,,,,,,{0}文字です。,,,,,,,,,,,,,,,,
A Random {0} in {1},一个随机的{1}{0},,,,,,,,,,,,,,{1}のランダム{0},,,,,,,,,,,,,,,,
A user of {language}.,一位{language}语言使用者。,,,,,,,,,,,,,,,,,,,,,,,,,,,,,,
A_Modifier,,,,,,,,,,,,,,,A_修飾子,,,,,,,,,,,,,,,,
"A1, A2, B1 ... C2 refer to language proficiency levels according to the {0}.",A1、A2、B1 ... C2 是指根据 {0} 的语言熟练程度。,,,,,,,,,,,,,,A1、A2、B1··· C2は{0}の言語能力レベルを示します。,,,,,,,,,,,,,,,,
About,关于,,,,,,,,,,,,,,情報,우리에 대해서,,,,,,,,,,,,,,,
About {l2},关于 {l2},,,,,,,,,,,,,,{l2}情報,,,,,,,,,,,,,,,,
About Jiang at SFU,关于 SFU 的 Jiang,,,,,,,,,,,,,,,,,,,,,,,,,,,,,,
About Reddit,关于 Reddit,,,,,,,,,,,,,,,,,,,,,,,,,,,,,,
About the {l2} language,关于{l2}这门语言,,,,,,,,,,,,,,,,,,,,,,,,,,,,,,
"Access 600,000+ videos across 207+ languages",通过207多种语言访问600000多个视频,,,,,,,,,,,,,,207以上の言語で60万以上のビデオにアクセス可能,207개 이상의 언어로 60만 개 이상의 비디오 액세스,,,,,,,,,,,,,,,
Action/Adventure,动作/冒险,,,,,,,,,,,,,,アクション/アドベンチャー,액션/모험,,,,,,,,,,,,,,,
Add to Bookshelf,加入我的书架,,,,,,,,,,,,,,本棚に追加,,,,,,,,,,,,,,,,
Add to Saved Words,添加到保存的单词中,,,,,,,,,,,,,,保存した単語に追加,저장된 단어에 추가,,,,,,,,,,,,,,,
Added,已添加,,,,,,,,,,,,,,追加される,,,,,,,,,,,,,,,,
Adding...,添加中…,,,,,,,,,,,,,,追加...,,,,,,,,,,,,,,,,
Admin Mode,管理模式,,,,,,,,,,,,,,管理モード,관리 모드,,,,,,,,,,,,,,,
Advanced I,高级 I,,,,,,,,,,,,,,上級 I・IELTS 7-8,프리미엄 I · IELTS 7-8,,,,,,,,,,,,,,,
Advanced II,高级 II,,,,,,,,,,,,,,上級 II・IELTS 8.5-9,프리미엄 II · IELTS 8.5-9,,,,,,,,,,,,,,,
Affiliate Program,申请销售代理,,,,,,,,,,,,,,アフィリエイトプログラム,,,,,,,,,,,,,,,,
Afro-Asiatic,亚非语系,,,,,,,,,,,,,,,,,,,,,,,,,,,,,,
Alipay,支付宝,,,,,,,,,,,,,,アリペイ,알리페이,,,,,,,,,,,,,,,
All,全部,,,,,,,,,,,,,,すべて,,,,,,,,,,,,,,,,
All Categories,所有类别,,,,,,,,,,,,,,すべてのカテゴリ,모든 범주,,,,,,,,,,,,,,,
All Levels,所有级别,,,,,,,,,,,,,,すべてのレベル,모든 수준,,,,,,,,,,,,,,,
All Media,全部影音,,,,,,,,,,,,,,すべてのメディア,,,,,,,,,,,,,,,,
All phonological features shared by {phonemes}:,{phonemes} 共有的所有音系学特征：,,,,,,,,,,,,,,,,,,,,,,,,,,,,,,
All TV Shows,所有电视节目,,,,,,,,,,,,,,すべてのテレビ番組,모든 TV 프로그램,,,,,,,,,,,,,,,
All Videos,所有视频,,,,,,,,,,,,,,すべてのビデオ,모든 비디오,,,,,,,,,,,,,,,
All Word Lists,所有单词集,,,,,,,,,,,,,,すべての単語リスト,,,,,,,,,,,,,,,,
All YouTube Channels,所有YouTube频道,,,,,,,,,,,,,,すべてのYouTubeチャネル,모든 유튜브 채널,,,,,,,,,,,,,,,
Already have an account?,已经有帐户了吗？,,,,,,,,,,,,,,アカウントは既にお持ちですか?,이미 계정이 있습니까?,,,,,,,,,,,,,,,
Also speaks:,还讲：,,,,,,,,,,,,,,,,,,,,,,,,,,,,,,
"And connect with people passionate about learning languages, just like you!",和像你一样热衷于学习语言的人建立联系！,,,,,,,,,,,,,,あなたのように語学学習に熱中している人とつながりを築け！,당신처럼 언어 공부에 열중하는 사람과 관계를 맺으세요!,,,,,,,,,,,,,,,
and study transcripts of {l2} videos with a popup dictionary.,并使用自动取词功能学习视频的{l2}字幕。,,,,,,,,,,,,,,ポップアップ辞書で{l2}個のビデオのトランスクリプトを勉強します。,,,,,,,,,,,,,,,,
and/or,,,,,,,,,,,,,,,および/または,,,,,,,,,,,,,,,,
Android Package,Android软件包,,,,,,,,,,,,,,Androidパッケージ,Android 패키지,,,,,,,,,,,,,,,
Anime,动漫,,,,,,,,,,,,,,アニメ,,,,,,,,,,,,,,,,
Anime/Animation,动漫,,,,,,,,,,,,,,日本のアニメ,애니메이션,,,,,,,,,,,,,,,
Annotated Text,标注文本,,,,,,,,,,,,,,注釈付きテキスト,,,,,,,,,,,,,,,,
Another One,换一个,,,,,,,,,,,,,,アナザー·ワン,,,,,,,,,,,,,,,,
App unresponsive?,应用若无响应，请尝试,,,,,,,,,,,,,,アプリが無反応？,,,,,,,,,,,,,,,,
Are you sure you want to remove all saved phrases?,您确定要删除所有已保存的短语吗？,,,,,,,,,,,,,,,,,,,,,,,,,,,,,,
as reflexive,反身形式,,,,,,,,,,,,,,反射的に,,,,,,,,,,,,,,,,
Ask ChatGPT,问问ChatGPT,,,,,,,,,,,,,,,,,,,,,,,,,,,,,,
Ask ChatGPT:,询问 ChatGPT：,,,,,,,,,,,,,,ChatGPTに質問します：,,,,,,,,,,,,,,,,
"Ask us questions, give us feedback, and network with other language learners.",向我们提问，给我们反馈，并与其他语言学习者交流。,,,,,,,,,,,,,,,,,,,,,,,,,,,,,,
"At the {level} level, we recommend using the following resources, products, or services",在 {level} 级别，我们建议使用以下资源、产品或服务,,,,,,,,,,,,,,{level}レベルでは、次のリソース、製品、またはサービスを使用することをお勧めします,,,,,,,,,,,,,,,,
Atlantic-Congo,大西洋-刚果语系,,,,,,,,,,,,,,,,,,,,,,,,,,,,,,
Audio-Visual,视听资源,,,,,,,,,,,,,,オーディオビジュアル,,,,,,,,,,,,,,,,
Audiobook,有声读物,,,,,,,,,,,,,,オーディオブック,오디오북,,,,,,,,,,,,,,,
Audiobooks,有声书,,,,,,,,,,,,,,オーディオブック,,,,,,,,,,,,,,,,
Austroasiatic,南亚语系,,,,,,,,,,,,,,,,,,,,,,,,,,,,,,
Austronesian,南岛语系,,,,,,,,,,,,,,,,,,,,,,,,,,,,,,
Auto Pronounce,单词自动发音,,,,,,,,,,,,,,単語の自動発音,단어 자동 발음,,,,,,,,,,,,,,,
Auto-Pause,自动暂停,,,,,,,,,,,,,,自動一時停止,자동 일시 중지,,,,,,,,,,,,,,,
Autos & Vehicles,汽车,,,,,,,,,,,,,,自動車と乗り物,자동차,,,,,,,,,,,,,,,
Available on iOS and Android.,在iOS和Android上可用。,,,,,,,,,,,,,,iOSとAndroidで利用できます。,iOS 및 Android에서 사용할 수 있습니다.,,,,,,,,,,,,,,,
Back,返回,,,,,,,,,,,,,,戻る,,,,,,,,,,,,,,,,
Back to Dashboard,返回仪表板,,,,,,,,,,,,,,ダッシュボードに戻る,대시보드로 돌아가기,,,,,,,,,,,,,,,
Baidu,百度,,,,,,,,,,,,,,百度,,,,,,,,,,,,,,,,
Bar graph shows number of speakers.,条形图显示发言者的数量。,,,,,,,,,,,,,,,,,,,,,,,,,,,,,,
"Before you get Pro, you need to create an account.",在获得Pro之前，您需要创建一个帐户。,,,,,,,,,,,,,,Proを入手する前にアカウントを作成する必要があります。,Pro를 받기 전에 계정을 만들어야 합니다.,,,,,,,,,,,,,,,
Beginner I,初级 I,,,,,,,,,,,,,,初級 I,초급 I,,,,,,,,,,,,,,,
Beginner II,初级 II,,,,,,,,,,,,,,初級 II,초급 II,,,,,,,,,,,,,,,
Beginner III,初级 III,,,,,,,,,,,,,,初級 III,초급 III,,,,,,,,,,,,,,,
Bigger text,放大文本,,,,,,,,,,,,,,テキストの拡大,더 큰 텍스트,,,,,,,,,,,,,,,
Billed annually,按年计费,,,,,,,,,,,,,,年額課金,,,,,,,,,,,,,,,,
Billed monthly,按月计费,,,,,,,,,,,,,,毎月課金される,,,,,,,,,,,,,,,,
Bing,必应,,,,,,,,,,,,,,ビン,,,,,,,,,,,,,,,,
Blog,博客,,,,,,,,,,,,,,ブログ,,,,,,,,,,,,,,,,
Books,书籍,,,,,,,,,,,,,,書籍,,,,,,,,,,,,,,,,
Books (Legacy),书籍（旧版本）,,,,,,,,,,,,,,書籍(レガシー),,,,,,,,,,,,,,,,
Bookshelf,书架,,,,,,,,,,,,,,本棚,책꽂이,,,,,,,,,,,,,,,
Browse Books,浏览书籍,,,,,,,,,,,,,,書籍の閲覧,,,,,,,,,,,,,,,,
Browse Videos,浏览影片,,,,,,,,,,,,,,ビデオの参照,,,,,,,,,,,,,,,,
by watching video clips containing the most common {l2} expressions.,播放含有这些短语的{l2}视频片段。,,,,,,,,,,,,,,最も一般的な{l2}式を含むビデオクリップを見ることができます。,,,,,,,,,,,,,,,,
Cambridge Dictionary,剑桥词典,,,,,,,,,,,,,,ケンブリッジ辞書,케임브리지 사전,,,,,,,,,,,,,,,
Cancel,取消,,,,,,,,,,,,,,,,,,,,,,,,,,,,,,
Cancel anytime by {emailing_us}.,可 {emailing_us} 随时退订。,,,,,,,,,,,,,,,,,,,,,,,,,,,,,,
Categories,类别,,,,,,,,,,,,,,カテゴリー,카테고리,,,,,,,,,,,,,,,
Channel,频道,,,,,,,,,,,,,,チャンネル,채널,,,,,,,,,,,,,,,
Channels,油管频道,,,,,,,,,,,,,,チャネル,,,,,,,,,,,,,,,,
Chapters,章节,,,,,,,,,,,,,,章,장절,,,,,,,,,,,,,,,
Character,汉字,,,,,,,,,,,,,,性格,,,,,,,,,,,,,,,,
Character Decomposition,汉字部件拆分,,,,,,,,,,,,,,文字の分解,,,,,,,,,,,,,,,,
Character Definitions,汉字定义,,,,,,,,,,,,,,文字の定義,,,,,,,,,,,,,,,,
Characters,汉字,,,,,,,,,,,,,,漢字,,,,,,,,,,,,,,,,
ChatGPT Settings,ChatGPT 设置,,,,,,,,,,,,,,ChatGPTの設定,,,,,,,,,,,,,,,,
Check All,全部选中,,,,,,,,,,,,,,すべてチェック,모두 확인,,,,,,,,,,,,,,,
Chinese Hànzì,汉语汉字,,,,,,,,,,,,,,中国語 Hìnzì,,,,,,,,,,,,,,,,
Choose a video ({formats}) to open:,选择要打开的视频（{formats}）：,,,,,,,,,,,,,,開くビデオ（{formats}）を選択します：,,,,,,,,,,,,,,,,
Choose Chapter,选章节,,,,,,,,,,,,,,章の選択,,,,,,,,,,,,,,,,
Choose Episode,选剧集,,,,,,,,,,,,,,エピソードの選択,,,,,,,,,,,,,,,,
Choose Song,选歌,,,,,,,,,,,,,,曲の選択,,,,,,,,,,,,,,,,
Choose Video,选视频,,,,,,,,,,,,,,ビデオの選択,,,,,,,,,,,,,,,,
Circle sizes correspond to speaker populations. Circles are colour-coded by language families.,圆圈大小对应于使用者的人群。 圆圈按语系进行颜色编码。,,,,,,,,,,,,,,,,,,,,,,,,,,,,,,
Classics,经典,,,,,,,,,,,,,,古典,경전,,,,,,,,,,,,,,,
Clear,清除,,,,,,,,,,,,,,クリア,,,,,,,,,,,,,,,,
Clear History,清除历史记录,,,,,,,,,,,,,,履歴のクリア,,,,,,,,,,,,,,,,
Click on any language to learn it.,单击任何语言打开学习界面。,,,,,,,,,,,,,,,,,,,,,,,,,,,,,,
Close,关闭,,,,,,,,,,,,,,,,,,,,,,,,,,,,,,
"Co-founder, Designer, Developer",联合创始人、设计师、开发员,,,,,,,,,,,,,,,,,,,,,,,,,,,,,,
Code,代码,,,,,,,,,,,,,,コード,,,,,,,,,,,,,,,,
Collapse,叠起,,,,,,,,,,,,,,,,,,,,,,,,,,,,,,
Collapse Menu,隐藏菜单,,,,,,,,,,,,,,メニューを隠す,메뉴 숨기기,,,,,,,,,,,,,,,
Collapse Video,隐藏视频,,,,,,,,,,,,,,ビデオの縮小,비디오 축소,,,,,,,,,,,,,,,
Collocations,搭配,,,,,,,,,,,,,,コロケーション,,,,,,,,,,,,,,,,
Collocations provided by,词语搭配提供方,,,,,,,,,,,,,,によって提供されるコラボレーション,,,,,,,,,,,,,,,,
Collocations with “{text}”,跟 “{text}” 的词语搭配,,,,,,,,,,,,,,「{text}」を使用したコロケーション,,,,,,,,,,,,,,,,
Comedy,喜剧,,,,,,,,,,,,,,コメディ,희극,,,,,,,,,,,,,,,
Common European Framework of Reference for Languages (CEFR),欧洲共同语言参考标准，即Common European Framework of Reference for Languages (CEFR),,,,,,,,,,,,,,欧州共通言語参照枠組み（CEFR）,,,,,,,,,,,,,,,,
Community,社群,,,,,,,,,,,,,,コミュニティ,,,,,,,,,,,,,,,,
Compare,比较,,,,,,,,,,,,,,比較,,,,,,,,,,,,,,,,
Compare AI Translators,对比AI翻译,,,,,,,,,,,,,,,,,,,,,,,,,,,,,,
Compare Langs,同词异语比较,,,,,,,,,,,,,,言語を比較する,,,,,,,,,,,,,,,,
Compare Languages,比较下不同语言这么说这个词,,,,,,,,,,,,,,言語を比較する,,,,,,,,,,,,,,,,
Compare with,比较,,,,,,,,,,,,,,で比較する,,,,,,,,,,,,,,,,
Contact,联系,,,,,,,,,,,,,,連絡先,,,,,,,,,,,,,,,,
Contact {l2} Zero to Hero,联系{l2}英雄,,,,,,,,,,,,,,{l2}ゼロからヒーローに連絡,,,,,,,,,,,,,,,,
Contact Jon with course-related questions.,有关课程内容的问题，请联系 Jon。,,,,,,,,,,,,,,コースに関する質問はジョンに連絡してください。,,,,,,,,,,,,,,,,
Contact Ken with general or business inquiries.,一般业务咨询，请联系 Ken。,,,,,,,,,,,,,,一般的なお問い合わせやビジネスに関するお問い合わせは、Kenにお問い合わせください。,,,,,,,,,,,,,,,,
Contact Language Player,联系 Language Player,,,,,,,,,,,,,,,,,,,,,,,,,,,,,,
Contact Us,联系我们,,,,,,,,,,,,,,お問い合わせ,,,,,,,,,,,,,,,,
Content Preferences,内容首选项,,,,,,,,,,,,,,コンテンツプリファレンス,콘텐츠 기본 설정,,,,,,,,,,,,,,,
content preferences,您的内容偏好,,,,,,,,,,,,,,コンテンツのプリファレンス,콘텐츠 기본 설정,,,,,,,,,,,,,,,
Continue,继续,,,,,,,,,,,,,,続く,계속,,,,,,,,,,,,,,,
Continue Studying,继续学习,,,,,,,,,,,,,,勉強を続ける,계속 공부하다,,,,,,,,,,,,,,,
Conversation Practice,会话练习,,,,,,,,,,,,,,会話の練習,,,,,,,,,,,,,,,,
Copy Text,复制文本,,,,,,,,,,,,,,テキストのコピー,,,,,,,,,,,,,,,,
Corpus,语料库,,,,,,,,,,,,,,コーパス,,,,,,,,,,,,,,,,
"Could you please give the following words in {l2} (also known as {otherNames}, ISO639-3 code {isoCode}, glottolog ID {glottologId}), along with IPA transcriptions and {l1} translations: hello, yes, no, I, you, this, that, good, what, why, thank you, please, sorry.",您能否能提供以下{l2}（也称为 {otherNames}，ISO639-3 代码 {isoCode}，glottolog ID {glottologId}）的单词，以及 IPA 转录和{l1}翻译：你好，是的，不， 我，你，这个，那个，好，什么，为什么，谢谢，请，对不起。,,,,,,,,,,,,,,,,,,,,,,,,,,,,,,
Course Textbooks,课程中使用的课本,,,,,,,,,,,,,,コースの教科書,,,,,,,,,,,,,,,,
Courses,课程,,,,,,,,,,,,,,コース,,,,,,,,,,,,,,,,
Courses that take your {l2} to the next level.,让您的{l2}步入新阶段的语言课程,,,,,,,,,,,,,,{l2}を次のレベルに移動するコースです。,,,,,,,,,,,,,,,,
Create a Free Account,注册免费账户,,,,,,,,,,,,,,無料アカウントの作成,,,,,,,,,,,,,,,,
Create an Account,创建帐户,,,,,,,,,,,,,,アカウントの作成,계정 만들기,,,,,,,,,,,,,,,
Creating a shareable URL...,创建一个可共享的 URL...,,,,,,,,,,,,,,,,,,,,,,,,,,,,,,
Creating...,创建中……,,,,,,,,,,,,,,作成中···,,,,,,,,,,,,,,,,
Credit Card,信用卡,,,,,,,,,,,,,,クレジットカード,신용카드,,,,,,,,,,,,,,,
Culture,文化,,,,,,,,,,,,,,,,,,,,,,,,,,,,,,
Custom Reading,自定义阅读,,,,,,,,,,,,,,カスタム読み取り,,,,,,,,,,,,,,,,
Danger Zone,危险区,,,,,,,,,,,,,,デンジャーゾーン,,,,,,,,,,,,,,,,
Dark Mode,深色模式,,,,,,,,,,,,,,,,,,,,,,,,,,,,,,
Dark Mode Off,深色模式关闭,,,,,,,,,,,,,,,,,,,,,,,,,,,,,,
Dark Mode On,深色模式开启,,,,,,,,,,,,,,,,,,,,,,,,,,,,,,
Dashboard,仪表盘,,,,,,,,,,,,,,ダッシュボード,,,,,,,,,,,,,,,,
DeepL,DeepL,,,,,,,,,,,,,,ディープ·エル,,,,,,,,,,,,,,,,
Definitions,释义,,,,,,,,,,,,,,定義,,,,,,,,,,,,,,,,
Delete,删除,,,,,,,,,,,,,,削除,,,,,,,,,,,,,,,,
Delete My Account,删除我的账户,,,,,,,,,,,,,,マイアカウントを削除する,,,,,,,,,,,,,,,,
Dialects of Chinese,中国方言,,,,,,,,,,,,,,,,,,,,,,,,,,,,,,
Dictionary,词典,,,,,,,,,,,,,,辞書,,,,,,,,,,,,,,,,
Direct-Object,,,,,,,,,,,,,,,直接オブジェクト,,,,,,,,,,,,,,,,
Direct-Object_of,,,,,,,,,,,,,,,Direct-Object_of,,,,,,,,,,,,,,,,
Direct-SentObject,,,,,,,,,,,,,,,直接送信オブジェクト,,,,,,,,,,,,,,,,
Disable popup dictionary,禁用弹出词典,,,,,,,,,,,,,,ポップアップディクショナリを無効にする,팝업 사전 사용 안 함,,,,,,,,,,,,,,,
Disambiguation,选择歧义,,,,,,,,,,,,,,,,,,,,,,,,,,,,,,
Discord is a chat and streaming app that allows groups to create separate chatrooms (channels) for different purposes.,Discord是一款聊天和流媒体应用程序，允许群组为不同目的创建单独的聊天室（频道）。,,,,,,,,,,,,,,Discordは、グループが異なる目的のために個別のチャットルーム（チャンネル）を作成できるようにするチャットおよびストリーミングアプリケーションです。,Discord는 채팅 및 스트리밍 응용 프로그램으로 그룹이 서로 다른 목적을 위해 별도의 채팅방(채널)을 만들 수 있습니다.,,,,,,,,,,,,,,,
Discord:,Discord:,,,,,,,,,,,,,,,,,,,,,,,,,,,,,,
Discover Shows,发现节目,,,,,,,,,,,,,,番組の検索,,,,,,,,,,,,,,,,
Discussions,讨论,,,,,,,,,,,,,,ディスカッション,,,,,,,,,,,,,,,,
Display furigana above words,在单词上方显示假名,,,,,,,,,,,,,,単語の上にふりがなを表示する,단어 위에 후리가나 표시,,,,,,,,,,,,,,,
Display pinyin above words,在单词上方显示拼音,,,,,,,,,,,,,,上記の単語でピンインを表示する,위의 단어로 병음 표시,,,,,,,,,,,,,,,
Display romanization above words,在单词上方显示罗马化,,,,,,,,,,,,,,単語の上にローマ字表記を表示する,단어 위에 로마자 표기 표시,,,,,,,,,,,,,,,
Do not auto pronounce words,单词自动发音关闭,,,,,,,,,,,,,,単語を自動発音しない,,,,,,,,,,,,,,,,
Documentary,纪录片,,,,,,,,,,,,,,ドキュメンタリー,다큐멘터리 영화,,,,,,,,,,,,,,,
Download CSV,下载 CSV,,,,,,,,,,,,,,CSV のダウンロード,,,,,,,,,,,,,,,,
"Download the WeChat app, scan Ken’s QR code below, leave him a message, and he will invite you into the group.",下载微信应用，扫描下面 Ken 的二维码，用微信给他发消息，他会邀请你加入群。,,,,,,,,,,,,,,WeChatアプリをダウンロードし、以下のKenのQRコードをスキャンしてメッセージを残せば、Kenはあなたをグループに招待するだろう。,,,,,,,,,,,,,,,,
Drama,戏,,,,,,,,,,,,,,ドラマ,희극,,,,,,,,,,,,,,,
Drastically improve your language skills by binge watching videos in the target language.,观看大量目标语言视频，大幅提高语言技能。,,,,,,,,,,,,,,ターゲット言語でビデオを大量に視聴することで、言語スキルを大幅に向上させます。,,,,,,,,,,,,,,,,
Dravidian,德拉威语系,,,,,,,,,,,,,,,,,,,,,,,,,,,,,,
Drop .srt or .ass files here to add subtitles,将 .srt 或 .ass 文件拖放到此处以添加字幕。,,,,,,,,,,,,,,.srtまたは.assファイルをここにドロップすると、字幕が追加されます。,,,,,,,,,,,,,,,,
Edit hours,修改小时数,,,,,,,,,,,,,,編集時間,,,,,,,,,,,,,,,,
Edit Text,编辑文本,,,,,,,,,,,,,,テキストの編集,,,,,,,,,,,,,,,,
Education,教育,,,,,,,,,,,,,,教育,교육,,,,,,,,,,,,,,,
Email,邮箱,,,,,,,,,,,,,,Eメール,,,,,,,,,,,,,,,,
Email:,电子邮件：,,,,,,,,,,,,,,,,,,,,,,,,,,,,,,
emailing us,给我们发电子邮件,,,,,,,,,,,,,,,,,,,,,,,,,,,,,,
English Zero to Hero,英语英雄,"Engels, Nul tot held","الإنجليزية,من الصفر الى البطل",,,"Αγγλικά, Μηδέν στον Ήρωα","Englanti, nolla sankarille","Anglais, Zéro à héro","Béarla, nialas go laoch","अंग्रेज़ी, जीरो से हीरो","Engleski, nula heroju","Angol, nulla hősnek",,"Inglese, zero all'eroe",イングランド·ゼロ·ツー·ヒーロー,,"Anglicus, nulla heros est",,"Engels, Nul naar Held",,"Angielski, zero do bohatera","Inglês, zero para o herói","Engleză, zero la erou","Aнглийский, ноль герою","Inglés, Cero al héroe","Енглеска, нула хероју","Kiingereza, sifuri kwa shujaa","Engelska, noll till hjälten",,"ingilizce, sıfırdan zirveye",
Enjoy!,享受,,,,,,,,,,,,,,楽しんで！,맛있게 드세요!,,,,,,,,,,,,,,,
Enter a search term in {l2}...,键入{l2}关键词……,,,,,,,,,,,,,,{l2}に検索用語を入力してください...,,,,,,,,,,,,,,,,
Enter Translation,输入翻译文本,,,,,,,,,,,,,,翻訳の入力,,,,,,,,,,,,,,,,
Enter two distinct phonetic segments:,输入两个不同的音段：,,,,,,,,,,,,,,,,,,,,,,,,,,,,,,
Enter your {l2} text here. Markdown and HTML also supported.,在此键入{l2}文本。同时支持 Markdown 和 HTML。,,,,,,,,,,,,,,ここに{l2}テキストを入力してください。 マークダウンとHTMLもサポートされています。,,,,,,,,,,,,,,,,
Enter your ChatGPT API token:,输入您的 ChatGPT API 令牌：,,,,,,,,,,,,,,ChatGPT API トークンを入力します：,,,,,,,,,,,,,,,,
Enter your email to recover your password:,输入您的电子邮件以恢复密码：,,,,,,,,,,,,,,,,,,,,,,,,,,,,,,
Entertainment,娱乐片,,,,,,,,,,,,,,エンターテインメント,오락 영화,,,,,,,,,,,,,,,
Episodes,选择剧集,,,,,,,,,,,,,,エピソード,에피소드,,,,,,,,,,,,,,,
ePub Reader (Annotator),ePub 阅读器（注释器）,,,,,,,,,,,,,,,,,,,,,,,,,,,,,,
Etymology Dictionary,词源词典,,,,,,,,,,,,,,語源辞典,어원 사전,,,,,,,,,,,,,,,
Example,例句,,,,,,,,,,,,,,例,,,,,,,,,,,,,,,,
Example Translation,例句翻译,,,,,,,,,,,,,,翻訳例,,,,,,,,,,,,,,,,
Examples,例句,,,,,,,,,,,,,,例,,,,,,,,,,,,,,,,
Export,导出,,,,,,,,,,,,,,エクスポート,,,,,,,,,,,,,,,,
Export CSV,导出 CSV 文件,,,,,,,,,,,,,,CSVのエクスポート,,,,,,,,,,,,,,,,
Face of the Language,语言的面孔,,,,,,,,,,,,,,言語の顔,말의 얼굴,,,,,,,,,,,,,,,
Family,家庭,,,,,,,,,,,,,,ファミリー映画,가정,,,,,,,,,,,,,,,
FAQ,常见问题,,,,,,,,,,,,,,よくある質問,,,,,,,,,,,,,,,,
Featured Word Lists,推荐单词集,,,,,,,,,,,,,,特集ワードリスト,,,,,,,,,,,,,,,,
Features,功能概括,,,,,,,,,,,,,,特徴,,,,,,,,,,,,,,,,
Feed,Feed流,,,,,,,,,,,,,,フィード,피드,,,,,,,,,,,,,,,
Feedback,意见反馈,,,,,,,,,,,,,,ご意見,피드백,,,,,,,,,,,,,,,
Film & Animation,电影动画,,,,,,,,,,,,,,映画とアニメ,영화 애니메이션,,,,,,,,,,,,,,,
Filter,筛选,,,,,,,,,,,,,,フィルタ,,,,,,,,,,,,,,,,
Filter {num} {l2} {type}...,筛选{num}个{l2}{type}……,,,,,,,,,,,,,,{l2}{type}{num}つを選別する...,{l2} {type} {num}개 선별...,,,,,,,,,,,,,,,
Filter {num} channels...,筛选{num}个频道……,,,,,,,,,,,,,,{num}チャネルをフィルタリング···,,,,,,,,,,,,,,,,
Filter by keywords,筛选关键字,,,,,,,,,,,,,,キーワードによるフィルタリング,,,,,,,,,,,,,,,,
Filter by language or country,按语言或国家过滤,,,,,,,,,,,,,,,,,,,,,,,,,,,,,,
"Filter by speaker, language or country",按语言使用者、语言或国家过滤,,,,,,,,,,,,,,,,,,,,,,,,,,,,,,
Filter by Topic,按主题过滤,,,,,,,,,,,,,,,,,,,,,,,,,,,,,,
Filter by Type,按类型筛选,,,,,,,,,,,,,,,,,,,,,,,,,,,,,,
Filter videos...,筛选视频……,,,,,,,,,,,,,,動画をフィルタリング···,,,,,,,,,,,,,,,,
Find Minimal Pairs,寻找最小对立体,,,,,,,,,,,,,,,,,,,,,,,,,,,,,,
First Name,名,,,,,,,,,,,,,,,,,,,,,,,,,,,,,,
Flashcards,闪卡,,,,,,,,,,,,,,フラッシュカード,,,,,,,,,,,,,,,,
Flip Flashcard,翻转闪卡,,,,,,,,,,,,,,,,,,,,,,,,,,,,,,
Follow our Twitter account {0} to keep yourself up-to-date with our latest features and announcements.,关注我们的 Twitter 帐户 {0}，随时了解我们的最新功能和公告。,,,,,,,,,,,,,,,,,,,,,,,,,,,,,,
"For more content, also try: {0}.",如需更多内容，请试试以下雷同语言：{0}。,,,,,,,,,,,,,,,,,,,,,,,,,,,,,,
For the love of {count} {l2} words.,只因酷爱{count}个{l2}词。,,,,,,,,,,,,,,{count}{l2}語の愛のために。,,,,,,,,,,,,,,,,
For the love of {l2} words.,只因酷爱{l2}词。,,,,,,,,,,,,,,{l2}語の愛のために。,,,,,,,,,,,,,,,,
For the love of the {l2} language.,只因酷爱{l2}。,,,,,,,,,,,,,,{l2}言語の愛のために。,,,,,,,,,,,,,,,,
Foreign,外国片,,,,,,,,,,,,,,外国映画,외국 영화,,,,,,,,,,,,,,,
Forgot Password?,忘记密码？,,,,,,,,,,,,,,パスワードをお忘れですか？,,,,,,,,,,,,,,,,
Forum,论坛,,,,,,,,,,,,,,フォーラム,논단,,,,,,,,,,,,,,,
Free Account,免费帐户,,,,,,,,,,,,,,無料アカウント,무료 계정,,,,,,,,,,,,,,,
from Chinese,中文界面,,,,,,,,,,,,,,中国語から,,,,,,,,,,,,,,,,
Fullscreen,全屏,,,,,,,,,,,,,,,,,,,,,,,,,,,,,,
furigana (Japanese syllabary) annotation,假名注解,,,,,,,,,,,,,,,,,,,,,,,,,,,,,,
G,语,,,,,,,,,,,,,,g,,,,,,,,,,,,,,,,
Games,游戏,,,,,,,,,,,,,,,,,,,,,,,,,,,,,,
Gaming,游戏,,,,,,,,,,,,,,ゲーム,게임,,,,,,,,,,,,,,,
General settings,常规设置,,,,,,,,,,,,,,一般設定,일반 설정,,,,,,,,,,,,,,,
Generate,生成,,,,,,,,,,,,,,生成,,,,,,,,,,,,,,,,
Get Translation,获取翻译,,,,,,,,,,,,,,翻訳の取得,,,,,,,,,,,,,,,,
Get unlimited access with a lifetime Pro account.,使用终身Pro帐户获得无限访问权限。,,,,,,,,,,,,,,終身Proアカウントを使用して無限アクセス権を取得します。,평생 Pro 계정을 사용하여 무제한 액세스 권한을 얻습니다.,,,,,,,,,,,,,,,
Get your ChatGPT API token {0}.,前往{0}获取您的 ChatGPT API 令牌。,,,,,,,,,,,,,,ChatGPTのAPIトークン{0}を取得します。,,,,,,,,,,,,,,,,
Getting response from ChatGPT...,正在从 ChatGPT 获取答复…,,,,,,,,,,,,,,ChatGPTから回答をもらう...,,,,,,,,,,,,,,,,
Getting shows...,正在获取节目……,,,,,,,,,,,,,,ショーを見る…,프로그램을 가져오는 중...,,,,,,,,,,,,,,,
Glottolog Family ID:,Glottolog 语系编码：,,,,,,,,,,,,,,,,,,,,,,,,,,,,,,
Glottolog ID:,Glottolog 编码：,,,,,,,,,,,,,,,,,,,,,,,,,,,,,,
Glottolog Parent ID,Glottolog 上级分类编码：,,,,,,,,,,,,,,,,,,,,,,,,,,,,,,
Go,前往,,,,,,,,,,,,,,行く,,,,,,,,,,,,,,,,
Go Pro,成为Pro,,,,,,,,,,,,,,Proになる,Pro가 되다,,,,,,,,,,,,,,,
Go to Dashboard,前往仪表盘,,,,,,,,,,,,,,ダッシュボードに移動,,,,,,,,,,,,,,,,
Go to settings,转到设置,,,,,,,,,,,,,,設定に移動する,설정으로 이동,,,,,,,,,,,,,,,
Google,谷歌,,,,,,,,,,,,,,グーグル,,,,,,,,,,,,,,,,
Google Translate,谷歌翻译,,,,,,,,,,,,,,Google翻訳,,,,,,,,,,,,,,,,
Grammar,语法,,,,,,,,,,,,,,文法,,,,,,,,,,,,,,,,
Grammar {level} {code},{level}语法点{code},,,,,,,,,,,,,,文法{level} {code},,,,,,,,,,,,,,,,
Grammar Note,语法注释,,,,,,,,,,,,,,文法ノート,,,,,,,,,,,,,,,,
Grammar Notes,语法注释,,,,,,,,,,,,,,文法上の注意,,,,,,,,,,,,,,,,
Guide,指南,,,,,,,,,,,,,,手引き,,,,,,,,,,,,,,,,
Guided Readers,阅读材料,,,,,,,,,,,,,,ガイド付き読者,,,,,,,,,,,,,,,,
Hán tự (Chinese character) annotation,Hán tự（越南语汉字）注解,,,,,,,,,,,,,,,,,,,,,,,,,,,,,,
Han Tự Off,越南语汉字关闭,,,,,,,,,,,,,,ハンターオフ,한터오프,,,,,,,,,,,,,,,
Han Tự On,越南语汉字开启,,,,,,,,,,,,,,ハンターオン,한터온,,,,,,,,,,,,,,,
Hanja byeonggi (Chinese character annotation),韩语汉字併记（在韩语词旁标注对应汉字）,,,,,,,,,,,,,,,,,,,,,,,,,,,,,,
Hanja Off,韩文汉字关闭,,,,,,,,,,,,,,ハンジャオフ,한자 오프,,,,,,,,,,,,,,,
Hanja On,韩文汉字开启,,,,,,,,,,,,,,ハンジャオン,한자온,,,,,,,,,,,,,,,
here,这里,,,,,,,,,,,,,,こちら,,,,,,,,,,,,,,,,
Here are your saved that appear in this text:',以下是在文本中出现的您保存过的单词：,,,,,,,,,,,,,,以下は、このテキストに表示される保存済みのものです:',,,,,,,,,,,,,,,,
Hide Defs,隐藏释义,,,,,,,,,,,,,,Defs を非表示にする,,,,,,,,,,,,,,,,
Hide Phonetics,隐藏语音,,,,,,,,,,,,,,音声学の非表示,,,,,,,,,,,,,,,,
Hide Word,隐藏词头,,,,,,,,,,,,,,単語の非表示,,,,,,,,,,,,,,,,
History,历史,,,,,,,,,,,,,,歴史,역사,,,,,,,,,,,,,,,
Home,首页,,,,,,,,,,,,,,ホーム,홈,,,,,,,,,,,,,,,
How do you say this word in other languages?,这个词用其它语言怎么说？,,,,,,,,,,,,,,この言葉は他の言語で何と言いますか。,이 단어를 다른 언어로 어떻게 말하나요?,,,,,,,,,,,,,,,
How-to & Style,指南与时尚,,,,,,,,,,,,,,ハウツーとスタイル,가이드와 패션,,,,,,,,,,,,,,,
HSK Standard Course,HSK标准教程,,,,,,,,,,,,,,HSK標準コース,,,,,,,,,,,,,,,,
"HSK stands for {0} (Chinese Proficiency Test). HSK 1, 2, 3 ... 6 refer to the levels of the test, level 6 being the highest.","“HSK” 是{0}的简写。 HSK 1, 2, 3 ... 6指的是考试的级别，6级为最高。",,,,,,,,,,,,,,HSKは{0}（中国語能力試験）の略です。 HSK 1、2、3 ... 6はテストのレベルを指し、レベル6が最も高い。,,,,,,,,,,,,,,,,
Words with this Character,包含此汉字的单词,,,,,,,,,,,,,,この文字を持つHSKの言葉,,,,,,,,,,,,,,,,
"I have an account, log me in.",我已有帐户，登陆。,,,,,,,,,,,,,,,,,,,,,,,,,,,,,,
ideographic,表意,,,,,,,,,,,,,,表意文字の,,,,,,,,,,,,,,,,
"If this video doesn't load, it means your connection to YouTube may be blocked. You may need a {0}.",如果视频无法加载，可能是因为您无法连接到 YouTube。你可能需要“{0}”。,,,,,,,,,,,,,,,,,,,,,,,,,,,,,,
"If you are taking our courses and have a question regarding any content, leave a comment in the comment area of the lecture.",如果您正在学习我们的课程，对任何课程内容有疑问，请在视频讲座的评论区留言。,,,,,,,,,,,,,,受講中で、内容について質問がある場合は、講義のコメント欄にコメントを残してください。,,,,,,,,,,,,,,,,
"If you have any questions or issues, please contact us.",如果您有任何疑问或问题，请联系我们。,,,,,,,,,,,,,,ご不明な点や問題がございましたら、お問い合わせください。,질문이나 문제가 있는 경우 당사로 문의하십시오.,,,,,,,,,,,,,,,
"If you have the subtitles file (.srt or .ass), you can add it by uploading it above.",如果您有字幕文件（.srt 或.ass），您可以在上方上传添加。,,,,,,,,,,,,,,字幕ファイル（.srt または .ass）をお持ちの場合は、ビデオ情報エリアにアップロードすることで追加することができます。ビデオ情報エリアは、{0}情報または{1}を押すことでアクセスできます。ビデオコントロールの「エピソード選択」ボタン,,,,,,,,,,,,,,,,
"If you know of a subreddit related to learning {l2}, please let us know so we can add it.",如果您知道与学习 {l2} 相关的 subreddit，请告诉我们，以便我们添加。,,,,,,,,,,,,,,,,,,,,,,,,,,,,,,
"If you need further assistance, please contact support",如果您需要进一步帮助，请联系支持人员,,,,,,,,,,,,,,さらにサポートが必要な場合は、サポートにお問い合わせください。,추가 지원이 필요한 경우 지원부에 문의하십시오,,,,,,,,,,,,,,,
Image search by,图片搜索提供方,,,,,,,,,,,,,,によるイメージ検索,,,,,,,,,,,,,,,,
Images,图片,,,,,,,,,,,,,,画像,,,,,,,,,,,,,,,,
Images of “{text}” on the Web,网上关于 “{text}” 的图片,,,,,,,,,,,,,,Web上の「{text}」のイメージ,,,,,,,,,,,,,,,,
Import,导入,,,,,,,,,,,,,,インポート,,,,,,,,,,,,,,,,
Import {l2} Videos from YouTube,从YouTube导入{l2}视频,,,,,,,,,,,,,,YouTubeから{l2}のビデオをインポート,,,,,,,,,,,,,,,,
Import from YouTube,从YouTube导入,,,,,,,,,,,,,,YouTubeからインポートする,유튜브에서 가져오기,,,,,,,,,,,,,,,
in passive,被动语态,,,,,,,,,,,,,,受け身で,,,,,,,,,,,,,,,,
"In the input field above, type in any YouTube video URL to open that video in Language Player. Alternatively, type in a playlist URL to browse that playlist in Language Player.",在上面的输入字段中，键入任何YouTube视频URL以在语言播放器中打开该视频。或者，键入播放列表URL以在语言播放器中浏览该播放列表。,,,,,,,,,,,,,,上記の入力フィールドに、YouTube ビデオ URL を入力して、そのビデオを Language Player で開きます。 または、再生リストの URL を入力して、その再生リストを Language Player で参照することもできます。,,,,,,,,,,,,,,,,
"Including constructed languages (Esperanto, Klingon), sign languages (ASL, KSL), ancient languages (Aramaic, Gothic, Classical Chinese), and dialects (Hakka, Min Nan).",包括构造语言（世界语、克林贡语）、手语（ASL、KSL）、古语言（亚兰语、哥特语、文言文）和方言（客家语、闽南语）。,,,,,,,,,,,,,,構造言語（エスペラント語、クリンゴン語）、手話（ASL、KSL）、古代言語（アラム語、ゴシック語、文語文）、方言（客家語、閩南語）が含まれます。,"구조어(세계어, 클린공어), 수화(ASL, KSL), 고어(아란어, 고딕어, 문어)와 방언(객가어, 민남어)을 포함한다.",,,,,,,,,,,,,,,
Indirect-Object,,,,,,,,,,,,,,,間接オブジェクト,,,,,,,,,,,,,,,,
Indirect-Object_of,,,,,,,,,,,,,,,間接オブジェクト_/,,,,,,,,,,,,,,,,
Indo-European,印欧语系,,,,,,,,,,,,,,,,,,,,,,,,,,,,,,
Inflections,词语变形,,,,,,,,,,,,,,屈折,,,,,,,,,,,,,,,,
Inlcude:,包括：,,,,,,,,,,,,,,インクルード:,,,,,,,,,,,,,,,,
Input by Audio & Text,通过试听和阅读获得语言输入,,,,,,,,,,,,,,オーディオおよびテキストによる入力,,,,,,,,,,,,,,,,
Input IPA symbols,输入国际音标 (IPA) 符号,,,,,,,,,,,,,,,,,,,,,,,,,,,,,,
Interactive transcripts with English translation,配备翻译的交互式字幕,,,,,,,,,,,,,,英語翻訳付きインタラクティブな受講実績,영어 번역이 포함된 대화형 성적표,,,,,,,,,,,,,,,
Intermediate I,中级 I,,,,,,,,,,,,,,中級 I・IELTS 4-5,중급 I · IELTS 4-5,,,,,,,,,,,,,,,
Intermediate II,中级 II,,,,,,,,,,,,,,中級 II・IELTS 5.5-6.5,중급 II · IELTS 5.5-6.5,,,,,,,,,,,,,,,
IPA keyboard,国际音标 (IPA) 键盘,,,,,,,,,,,,,,,,,,,,,,,,,,,,,,
"It seems like you've cancelled the checkout, please try again.",您似乎中断了付款过程，请重试。,,,,,,,,,,,,,,チェックアウトをキャンセルされたようですが、もう一度お試しください。,체크아웃을 취소한 것 같습니다. 다시 시도하십시오.,,,,,,,,,,,,,,,
iTalki Lessons,iTalki 课程,,,,,,,,,,,,,,iTalkiレッスン,,,,,,,,,,,,,,,,
Japanese Kanji,日语汉字,,,,,,,,,,,,,,日本語漢字,,,,,,,,,,,,,,,,
Japanese Song,日文歌曲,,,,,,,,,,,,,,日本の歌,,,,,,,,,,,,,,,,
Jiang (Jon) Long,龙江（Jon）,,,,,,,,,,,,,,,,,,,,,,,,,,,,,,
Join Our Discord Server,加入我们的 Discord 服务器,,,,,,,,,,,,,,,,,,,,,,,,,,,,,,
Join Our Discord Server to Chat,加入我们的 Discord 服务器聊天,,,,,,,,,,,,,,,,,,,,,,,,,,,,,,
Join our Discord* Server,加入我们的Discord*服务器,,,,,,,,,,,,,,デルのDiscord*サーバへの参加,Discord* 서버에 가입,,,,,,,,,,,,,,,
Join our WeChat discussion group,加入我们的微信聊天群。,,,,,,,,,,,,,,WeChatディスカッショングループに参加する,,,,,,,,,,,,,,,,
Jon’s Reddit:,Jon 的 Reddit,,,,,,,,,,,,,,ジョンズ·レディット:,,,,,,,,,,,,,,,,
Just started,刚刚开始,,,,,,,,,,,,,,たった今始まった,,,,,,,,,,,,,,,,
Ken’s Email:,Ken 的邮箱,,,,,,,,,,,,,,KenのEメール:,,,,,,,,,,,,,,,,
Ken’s WeChat:,Ken 的微信,,,,,,,,,,,,,,Ken’WeChat:,,,,,,,,,,,,,,,,
Keywords for search engines,搜索引擎的关键词,,,,,,,,,,,,,,,,,,,,,,,,,,,,,,
Kids,儿童,,,,,,,,,,,,,,子供向け,어린이,,,,,,,,,,,,,,,
Korean Hanja,韩语汉字,,,,,,,,,,,,,,韓国のハンジャ,,,,,,,,,,,,,,,,
Language,语言,,,,,,,,,,,,,,言語,,,,,,,,,,,,,,,,
Language (Code),语言（代码）,,,,,,,,,,,,,,,,,,,,,,,,,,,,,,
Language Courses,语言课程,,,,,,,,,,,,,,言語コース,,,,,,,,,,,,,,,,
Language Info,语言信息,,,,,,,,,,,,,,言語情報,언어 정보,,,,,,,,,,,,,,,
Language Map,语言地图,,,,,,,,,,,,,,言語マップ,,,,,,,,,,,,,,,,
Language Player {l2} Dictionary,Language Player {l2}词典,,,,,,,,,,,,,,言語プレイヤー{l2}辞書,,,,,,,,,,,,,,,,
Language Player Discord Server,语言播放器Discord服务器,,,,,,,,,,,,,,言語プレーヤーDiscordサーバ,언어 플레이어 Discord 서버,,,,,,,,,,,,,,,
Language Player Language ID:,Language Player 语言编码：,,,,,,,,,,,,,,,,,,,,,,,,,,,,,,
Language Type:,语言类型：,,,,,,,,,,,,,,,,,,,,,,,,,,,,,,
Language Users,语言使用者,,,,,,,,,,,,,,言語ユーザ,,,,,,,,,,,,,,,,
Languages,语言,,,,,,,,,,,,,,言語,,,,,,,,,,,,,,,,
"Languages include Chinese (Mandarin and Cantonese), Japanese, English, French, German, Spanish, Korean, Russian, Italian, and 207 other languages.",目标语言包括英语、日语、法语、德语、西班牙语、韩语、俄语、意大利语、汉语（普通话和粤语），以及其他 207 种语言。,,,,,,,,,,,,,,言語には、中国語（マンダリン語と広東語）、日本語、英語、フランス語、ドイツ語、スペイン語、韓国語、ロシア語、イタリア語、その他207の言語があります。,,,,,,,,,,,,,,,,
Last Name,姓,,,,,,,,,,,,,,,,,,,,,,,,,,,,,,
Learn (Legacy),学习（功能已淘汰）,,,,,,,,,,,,,,学ぶ（レガシー）,,,,,,,,,,,,,,,,
Learn another language,学习另一门语言,,,,,,,,,,,,,,別の言語を学ぶ,,,,,,,,,,,,,,,,
Learn English,学英语,Leer Engels,تعلم الإنجليزية,,,Μαθαίνω Αγγλικά,Opi englantia,Apprendre l’anglais,Foghlaim Béarla,अंग्रेजी सीखिये,Nauči engleski,Tanulj angolul,,Impara l’inglese,英語を学ぶ,,Discere Anglicus,,,,Uczyć się angielskiego,Aprender inglês,Invata engleza,Выучить английский язык,Aprende inglés,Учити енглески,Jifunze Kiingereza,Lär dig engelska,,İngilizce öğren,
Learn English through various languages:,让全世界学习英语：,,,,,,,,,,,,,,さまざまな言語で英語を学ぶ:,,,,,,,,,,,,,,,,
Learn languages with videos.,看视频，学外语。,,,,,,,,,,,,,,ビデオで言語を学ぶ。,,,,,,,,,,,,,,,,
Learn More,更多详情,,,,,,,,,,,,,,詳細,,,,,,,,,,,,,,,,
Learn More Languages,学习更多语言,,,,,,,,,,,,,,言語の詳細,,,,,,,,,,,,,,,,
Learn more on {0},在 {0} 上了解更多信息,,,,,,,,,,,,,,,,,,,,,,,,,,,,,,
Learn most common phrases in {l2},学习最常用的{l2}短语,,,,,,,,,,,,,,{l2}で最も一般的なフレーズを学習します,,,,,,,,,,,,,,,,
Learn on the go with our mobile apps.,使用我们的移动应用程序随时随地学习。,,,,,,,,,,,,,,モバイルアプリで外出先でも学習できます。,,,,,,,,,,,,,,,,
Learn Phrases,学习短语,,,,,,,,,,,,,,フレーズの学習,,,,,,,,,,,,,,,,
Learn useful phrases on {0},在 {0} 上学习有用的短语,,,,,,,,,,,,,,,,,,,,,,,,,,,,,,
Learn varous languages through English:,通过英语学习其他语言：,,,,,,,,,,,,,,さまざまな言語を英語で学ぶ:,,,,,,,,,,,,,,,,
Learn words by watching hundreds of video clips that contain this word.,通过观看数百个包含该单词的视频片段来学习单词。,,,,,,,,,,,,,,単語は、その単語を含む数百のビデオセグメントを見て学習される。,단어가 포함된 수백 개의 비디오 클립을 보면서 단어를 배웁니다.,,,,,,,,,,,,,,,
Learning Path,学习攻略,,,,,,,,,,,,,,学習パス,,,,,,,,,,,,,,,,
Learning Strategy,学习策略,,,,,,,,,,,,,,,,,,,,,,,,,,,,,,
Legacy Features,已淘汰功能,,,,,,,,,,,,,,レガシー機能,,,,,,,,,,,,,,,,
Legend.,图例。,,,,,,,,,,,,,,,,,,,,,,,,,,,,,,
Lemmatized:,词形还原：,,,,,,,,,,,,,,,,,,,,,,,,,,,,,,
Less words,少标些词,,,,,,,,,,,,,,口数が少ない,,,,,,,,,,,,,,,,
Lesson {num},第{num}课,,,,,,,,,,,,,,レッスン{num}。,,,,,,,,,,,,,,,,
Let ChatGPT explain “{text}”,让 ChatGPT 解释“{text}”,,,,,,,,,,,,,,"ChatGPTに""{text}""を説明させてください。",,,,,,,,,,,,,,,,
Levels,级别,,,,,,,,,,,,,,レベル,,,,,,,,,,,,,,,,
Library,阅览室,,,,,,,,,,,,,,図書館,,,,,,,,,,,,,,,,
lifetime,终生永久,,,,,,,,,,,,,,一括払い、生涯使用,"일시불, 평생 사용",,,,,,,,,,,,,,,
Light Mode,浅色模式,,,,,,,,,,,,,,,,,,,,,,,,,,,,,,
"Limit ""this word in TV Shows"" search result (faster)",限制“电视节目中的这个词”搜索结果（加载更快）,,,,,,,,,,,,,,「すべてのテレビ番組」の検索結果を限定する(高速化),TV 프로그램에서 이 단어 검색 결과 제한(더 빨리),,,,,,,,,,,,,,,
List,列表,,,,,,,,,,,,,,リスト,목록.,,,,,,,,,,,,,,,
Listen & Learn,边听边学,,,,,,,,,,,,,,聞き取りと学習,,,,,,,,,,,,,,,,
Listening,听力,,,,,,,,,,,,,,リスニング,,,,,,,,,,,,,,,,
Lists of Resources,资源列表,,,,,,,,,,,,,,,,,,,,,,,,,,,,,,
Literary Chinese,文言文,,,,,,,,,,,,,,漢文,한문,,,,,,,,,,,,,,,
Live TV,电视直播,,,,,,,,,,,,,,ライブTV,,,,,,,,,,,,,,,,
Loading app...,应用加载中……,,,,,,,,,,,,,,アプリを読み込む...,,,,,,,,,,,,,,,,
Loading books...,正在加载书籍...,,,,,,,,,,,,,,本の読み込み中...,책 로드 중...,,,,,,,,,,,,,,,
Loading categories...,正在加载类别……,,,,,,,,,,,,,,カテゴリをロード中...,범주 로드 중...,,,,,,,,,,,,,,,
Loading collocations...,正在加载搭配……,,,,,,,,,,,,,,コロケーションをロードしています...,조합을 로드하는 중...,,,,,,,,,,,,,,,
Loading common phrases…,正在加载常用短语…,,,,,,,,,,,,,,一般的なフレーズをロード中…,일반 구문을 로드하는 중...,,,,,,,,,,,,,,,
"Loading map, and plotting thousands of languages...",加载地图，绘制数千种语言……,,,,,,,,,,,,,,地図を読み込み、数千の言語をプロットしている...,지도를 로드하고 수천 개의 언어를 표시하는 중...,,,,,,,,,,,,,,,
Loading saved words...,正在加载您储存的生词……,,,,,,,,,,,,,,保存した単語を読み込んでいます···,,,,,,,,,,,,,,,,
Loading sentences...,正在加载句子……,,,,,,,,,,,,,,文章を読み込み中...,문장 로드 중...,,,,,,,,,,,,,,,
Loading student mistakes...,正在加载学生错误……,,,,,,,,,,,,,,学生のミスをロード中...,학생 실수 로드 중...,,,,,,,,,,,,,,,
Loading subtitles...,正在加载字幕……,,,,,,,,,,,,,,字幕をロード中...,자막 로드 중...,,,,,,,,,,,,,,,
Loading the dictionary...,正在加载词典……,,,,,,,,,,,,,,辞書をロードしています...,사전 로드 중...,,,,,,,,,,,,,,,
Loading videos in our library...,正在我们的库中加载视频……,,,,,,,,,,,,,,ライブラリにビデオをロード中...,라이브러리에 비디오를 로드하는 중...,,,,,,,,,,,,,,,
Loading videos...,正在加载视频…,,,,,,,,,,,,,,ビデオをロード中...,비디오 로드 중...,,,,,,,,,,,,,,,
Loading word book...,正在加载单词集...,,,,,,,,,,,,,,単語帳を読み込んでいます···,,,,,,,,,,,,,,,,
Loading word books...,正在加载单词集...,,,,,,,,,,,,,,単語帳を読み込んでいます···,,,,,,,,,,,,,,,,
Loading words...,正在加载单词……,,,,,,,,,,,,,,単語をロード中...,단어 로드 중...,,,,,,,,,,,,,,,
Loading words...<br/>Don't wait. View the video now.,正在加载单词<br/>无需等待，可立即查看视频。,,,,,,,,,,,,,,単語をロード中...<br/>待たないで。 ビデオを今すぐご覧ください。,단어 로드 중...<br/>기다리지 마세요. 지금 비디오를 보십시오.,,,,,,,,,,,,,,,
Loading your feed...,正在加载源……,,,,,,,,,,,,,,フィードをロード中...,피드 로드 중...,,,,,,,,,,,,,,,
Loading your learning progress and content preferences...,正在加载您的学习进度和内容偏好...,,,,,,,,,,,,,,学習の進捗とコンテンツのプリファレンスをロードしています···,,,,,,,,,,,,,,,,
Loading your learning progress...,正在加载您的学习进度...,,,,,,,,,,,,,,学習の進捗状況を読み込み中···,,,,,,,,,,,,,,,,
Loading your text...,正在加载文本……,,,,,,,,,,,,,,テキストをロード中...,텍스트 로드 중...,,,,,,,,,,,,,,,
Loading...,正在加载……,,,,,,,,,,,,,,ロード中...,로드하는 중...,,,,,,,,,,,,,,,
Local ePub,本地ePub,,,,,,,,,,,,,,,,,,,,,,,,,,,,,,
Local Video File,本地视频文件,,,,,,,,,,,,,,ローカルビデオファイル,,,,,,,,,,,,,,,,
"Location (lat, long):",位置（经纬度）：,,,,,,,,,,,,,,,,,,,,,,,,,,,,,,
Logging you out...,正在登出……,,,,,,,,,,,,,,ログアウト中···,,,,,,,,,,,,,,,,
Login,登陆,,,,,,,,,,,,,,ログイン,,,,,,,,,,,,,,,,
Logout,登出,,,,,,,,,,,,,,ログアウト,,,,,,,,,,,,,,,,
Look for {l2} music lyrics on Google.,在搜索引擎上查找{l2}的歌词。,,,,,,,,,,,,,,Googleで音楽の歌詞{l2}を探してください。,,,,,,,,,,,,,,,,
Look Up,查词,,,,,,,,,,,,,,ルックアップ,,,,,,,,,,,,,,,,
Look up “{0}” as a phrase,将“{0}”作为短语搜索,,,,,,,,,,,,,,,,,,,,,,,,,,,,,,
Look up {l2} words here...,输入{l2}单词……,,,,,,,,,,,,,,ここで{l2}単語を検索してください。,,,,,,,,,,,,,,,,
Look up in:,外部查找：,,,,,,,,,,,,,,検索対象:,,,,,,,,,,,,,,,,
Look Up Phrases,查短语,,,,,,,,,,,,,,フレーズの検索,,,,,,,,,,,,,,,,
Look Up Words,查词典,,,,,,,,,,,,,,検索ワード,,,,,,,,,,,,,,,,
Look up words here...,在这里查词……,,,,,,,,,,,,,,ここで単語を検索してみて。,,,,,,,,,,,,,,,,
Looking for minimal pairs...,正在查找最小对立体……,,,,,,,,,,,,,,最小ペアを探しています...,최소 쌍을 찾는 중...,,,,,,,,,,,,,,,
Looking for similar phrases in other languages,寻找其他语言中的类似短语,,,,,,,,,,,,,,他の言語でも同様のフレーズを探しています。,다른 언어에서 유사한 구문을 찾는 중,,,,,,,,,,,,,,,
Looking up the dictionary...,正在查字典……,,,,,,,,,,,,,,辞書を引くのは…,사전을 찾는 중...,,,,,,,,,,,,,,,
Looking up the thesaurus...,正在查找同义词库……,,,,,,,,,,,,,,シソーラスを見ながら···。,시소러스를 찾는 중...,,,,,,,,,,,,,,,
Lookup Phrases,查短语,,,,,,,,,,,,,,検索語句,,,,,,,,,,,,,,,,
Lookup Words,查词,,,,,,,,,,,,,,検索ワード,,,,,,,,,,,,,,,,
Made with ❤️ by language lovers like you.,由像你这样的语言爱好者用 ❤️ 制做。,,,,,,,,,,,,,,あなたのような言語愛好家が❤️ で作った。,당신 같은 언어 애호가들이 ❤️ 으로 만들어요.,,,,,,,,,,,,,,,
Mannually set your total time on {l2} to,手动将您学习{l2}的总时间设置为,,,,,,,,,,,,,,手動で合計時間を{l2}に設定します,,,,,,,,,,,,,,,,
Map,地图,,,,,,,,,,,,,,地図,,,,,,,,,,,,,,,,
Map of Languages,语言地图,,,,,,,,,,,,,,言語地図,언어 지도,,,,,,,,,,,,,,,
Map of World Languages,世界语言地图,,,,,,,,,,,,,,,,,,,,,,,,,,,,,,
Massive content library,海量内容库,,,,,,,,,,,,,,マスコンテンツライブラリ,대용량 콘텐츠 라이브러리,,,,,,,,,,,,,,,
Mastery,精通,,,,,,,,,,,,,,マスタリー,,,,,,,,,,,,,,,,
Me,我的,,,,,,,,,,,,,,アカウント,나의 것입니다,,,,,,,,,,,,,,,
Measure,,,,,,,,,,,,,,,測定,,,,,,,,,,,,,,,,
Media,影音,,,,,,,,,,,,,,メディア,,,,,,,,,,,,,,,,
Milestone,里程碑,,,,,,,,,,,,,,マイルストーン,,,,,,,,,,,,,,,,
Minimal Pairs,最小对立体,,,,,,,,,,,,,,最小ペア,,,,,,,,,,,,,,,,
Minimal phonological shared by {phonemes}:,{phonemes} 共有的最小音系学特征集：,,,,,,,,,,,,,,,,,,,,,,,,,,,,,,
Misc,未归类,,,,,,,,,,,,,,ミスク,,,,,,,,,,,,,,,,
Miscellaneous,其它,,,,,,,,,,,,,,,,,,,,,,,,,,,,,,
Mistakes,常见错误,,,,,,,,,,,,,,間違い,,,,,,,,,,,,,,,,
Mnemonic,助记,,,,,,,,,,,,,,ニーモニック,,,,,,,,,,,,,,,,
Modifier,,,,,,,,,,,,,,,修飾子,,,,,,,,,,,,,,,,
Modifies,,,,,,,,,,,,,,,変更する,,,,,,,,,,,,,,,,
money-back guarantee,退款保证,,,,,,,,,,,,,,の返金保証,환불 보증,,,,,,,,,,,,,,,
More,更多,,,,,,,,,,,,,,他,,,,,,,,,,,,,,,,
More about this {l2} Reader,关于这个{l2}阅读器,,,,,,,,,,,,,,,,,,,,,,,,,,,,,,
More Episodes,更多剧集,,,,,,,,,,,,,,その他のエピソード,,,,,,,,,,,,,,,,
More Info,更多信息,,,,,,,,,,,,,,詳細情報,추가 정보,,,,,,,,,,,,,,,
More info on:,更多资料:,,,,,,,,,,,,,,詳細:,자세한 내용:,,,,,,,,,,,,,,,
More Languages:,更多语言：,,,,,,,,,,,,,,その他の言語,,,,,,,,,,,,,,,,
More Settings,其他设置,,,,,,,,,,,,,,その他の設定,추가 설정,,,,,,,,,,,,,,,
More words,多标些词,,,,,,,,,,,,,,その他の言葉,,,,,,,,,,,,,,,,
Movie,电影,,,,,,,,,,,,,,映画,,,,,,,,,,,,,,,,
Movies,电影,,,,,,,,,,,,,,映画,,,,,,,,,,,,,,,,
Music,音乐,,,,,,,,,,,,,,音楽,,,,,,,,,,,,,,,,
My Bookshelf,我的书架,,,,,,,,,,,,,,私の本棚,,,,,,,,,,,,,,,,
My CCtalk Courses,我的CCtalk课程,,,,,,,,,,,,,,マイCCトークコース,,,,,,,,,,,,,,,,
My History,观看历史,,,,,,,,,,,,,,履歴,,,,,,,,,,,,,,,,
My Items,我的,,,,,,,,,,,,,,マイアイテム,,,,,,,,,,,,,,,,
My Phrases,我的短语,,,,,,,,,,,,,,わたしの句,나의 구절,,,,,,,,,,,,,,,
My Texts,我的文本,,,,,,,,,,,,,,マイテキスト,,,,,,,,,,,,,,,,
My Words,我的生词本,,,,,,,,,,,,,,マイ·ワード,,,,,,,,,,,,,,,,
N_Modifier,,,,,,,,,,,,,,,N_修飾子,,,,,,,,,,,,,,,,
Native to:,使用者所属地域：,,,,,,,,,,,,,,,,,,,,,,,,,,,,,,
native-like mastery,等同母语的流利程度,,,,,,,,,,,,,,土着のような習熟度,,,,,,,,,,,,,,,,
Naver Dictionary,NAVER词典,,,,,,,,,,,,,,ネイバー辞書,네이버 사전,,,,,,,,,,,,,,,
never expires,永不过期,,,,,,,,,,,,,,期限切れにならない,만료되지 않다,,,,,,,,,,,,,,,
New HSK {num},新HSK {num},,,,,,,,,,,,,,新しいHSK {num},,,,,,,,,,,,,,,,
New Text,新建文本,,,,,,,,,,,,,,新しいテキスト,,,,,,,,,,,,,,,,
New Videos,新视频,,,,,,,,,,,,,,新しい動画,,,,,,,,,,,,,,,,
Newly Added,最新内容,,,,,,,,,,,,,,新規追加,,,,,,,,,,,,,,,,
News,新闻,,,,,,,,,,,,,,ニュース,,,,,,,,,,,,,,,,
News & Politics,新闻与政治,,,,,,,,,,,,,,ニュースと政治,뉴스와 정치,,,,,,,,,,,,,,,
News Report,新闻报导,,,,,,,,,,,,,,ニュース·レポート,,,,,,,,,,,,,,,,
Next Line,下一行,,,,,,,,,,,,,,次の行,다음 줄,,,,,,,,,,,,,,,
Next Video,下一个视频,,,,,,,,,,,,,,次のビデオ,다음 비디오,,,,,,,,,,,,,,,
No {showType} found.,找不到{showType}。,,,,,,,,,,,,,,{show}なしタイプ}が見つかりました。,없음 {show}유형}을(를) 찾았습니다.,,,,,,,,,,,,,,,
No similar phrases found in other languages.,在其他语言中找不到类似的短语。,,,,,,,,,,,,,,他の言語でも同様のフレーズは見つかりませんでした。,다른 언어에서 유사한 구문을 찾을 수 없습니다.,,,,,,,,,,,,,,,
Non-profits & Activism,非盈利与积极主义,,,,,,,,,,,,,,非営利団体と社会活動,비영리 및 적극주의,,,,,,,,,,,,,,,
Not available,无,,,,,,,,,,,,,,,,,,,,,,,,,,,,,,
Not sure what to read?,不知道该读什么吗？,,,,,,,,,,,,,,何を読むべきかわかりませんか？,,,,,,,,,,,,,,,,
Note,备注,,,,,,,,,,,,,,メモ,,,,,,,,,,,,,,,,
Note:,注意：,,,,,,,,,,,,,,注意:,,,,,,,,,,,,,,,,
Nuclear Trans New Guinea,核跨新几内亚语系,,,,,,,,,,,,,,,,,,,,,,,,,,,,,,
Number of Speakers:,使用者人数：,,,,,,,,,,,,,,,,,,,,,,,,,,,,,,
OK,确认,,,,,,,,,,,,,,OK。,,,,,,,,,,,,,,,,
"Once saved, the video will be available for everyone to see. You can find it from Media > YouTube, then arrange the videos by date.",保存后，视频将可供所有人观看。 查看新储存的视频，可以前往媒体 > YouTube，然后按日期排列。,,,,,,,,,,,,,,保存されると、その動画は誰でも見ることができるようになります。メディア＞YouTubeから、動画を日付順に並べると見つけることができます。,,,,,,,,,,,,,,,,
"Once you log {num} hours, you'll most likely reach {goal}.",学习总时间达到{num}个小时后，您估计会达到 {goal}。,,,,,,,,,,,,,,{num}時間をログに記録すると、ほとんどの場合、{goal}に到達します。,,,,,,,,,,,,,,,,
"One-time payment, lifetime access.",一次付费，终身使用。,,,,,,,,,,,,,,1回払いで生涯利用可能です。,,,,,,,,,,,,,,,,
Online {l2} annotator,在线{l2}注释器,,,,,,,,,,,,,,,,,,,,,,,,,,,,,,
Online {l2} lemmatizer,在线{l2}词形还原器,,,,,,,,,,,,,,,,,,,,,,,,,,,,,,
Online {l2} NLP tool,在线{l2}NLP工具,,,,,,,,,,,,,,,,,,,,,,,,,,,,,,
Online {l2} reader,在线{l2}阅读器,,,,,,,,,,,,,,,,,,,,,,,,,,,,,,
Online {l2} tokenizer,在线{l2}分词器,,,,,,,,,,,,,,,,,,,,,,,,,,,,,,
Only the lifetime plan is available as an in-app purchase.,只有终生计划可通过应用商店购买。,,,,,,,,,,,,,,ライフタイムプランのみ、アプリ内課金で購入可能です。,,,,,,,,,,,,,,,,
Open Course,打开课程,,,,,,,,,,,,,,オープンコース,,,,,,,,,,,,,,,,
Open Full,完全打开,,,,,,,,,,,,,,完全に開く,전체 열기,,,,,,,,,,,,,,,
Open in Full Player,在播放器中打开完整视频,,,,,,,,,,,,,,フルプレイヤーで開く,,,,,,,,,,,,,,,,
Open in Language Player,在Language Player中打开,,,,,,,,,,,,,,言語プレーヤーで開く,,,,,,,,,,,,,,,,
Open in Reader,在阅读器中打开,,,,,,,,,,,,,,Readerで開く,,,,,,,,,,,,,,,,
Open iTalki,打开 iTalki,,,,,,,,,,,,,,iTalki を開く,,,,,,,,,,,,,,,,
Open Resource,打开资源,,,,,,,,,,,,,,,,,,,,,,,,,,,,,,
Or,或,,,,,,,,,,,,,,または,,,,,,,,,,,,,,,,
Or use a preset:,或者使用预设：,,,,,,,,,,,,,,,,,,,,,,,,,,,,,,
"Or, download the Android app as an",或者，下载 Android 应用程序的,,,,,,,,,,,,,,または、Androidアプリをダウンロードして,또는 로 Android 응용 프로그램을 다운로드합니다.,,,,,,,,,,,,,,,
Origin,汉字字源,,,,,,,,,,,,,,起源,,,,,,,,,,,,,,,,
Orthography Code:,书写代码：,,,,,,,,,,,,,,,,,,,,,,,,,,,,,,
Other countries,其他国家/地区,,,,,,,,,,,,,,その他の国,,,,,,,,,,,,,,,,
Other Videos,其他视频,,,,,,,,,,,,,,その他のビデオ,,,,,,,,,,,,,,,,
Others,其他语系,,,,,,,,,,,,,,,,,,,,,,,,,,,,,,
Page,页,,,,,,,,,,,,,,ページ,,,,,,,,,,,,,,,,
Page {i} / {num},第{i}页 共{num}页,,,,,,,,,,,,,,{i} / {num}ページ,,,,,,,,,,,,,,,,
Papago,Papago,,,,,,,,,,,,,,パパゴ,,,,,,,,,,,,,,,,
Part {num},第{num}部分,,,,,,,,,,,,,,パート{num}。,,,,,,,,,,,,,,,,
Pass the {0} exam,通过 {0} 考试,,,,,,,,,,,,,,{0}試験に合格します,,,,,,,,,,,,,,,,
Password,密码,,,,,,,,,,,,,,パスワード,,,,,,,,,,,,,,,,
Password reset email on its way,正在发送密码重置电子邮件,,,,,,,,,,,,,,パスワードリセットEメール送信中,암호 재설정 전자 메일 전송 중,,,,,,,,,,,,,,,
Paste {l1} translation here,,,,,,,,,,,,,,,{l1}変換をここに貼り付けます,,,,,,,,,,,,,,,,
Paste {l2} text here,在此处粘贴外语文本,,,,,,,,,,,,,,ここに{l2}テキストを貼り付け,,,,,,,,,,,,,,,,
Path,攻略,,,,,,,,,,,,,,パス,,,,,,,,,,,,,,,,
Pause,暂停,,,,,,,,,,,,,,一時停止,멈추다,,,,,,,,,,,,,,,
"Pay once, enjoy forever!",一次付费，终身享受！,,,,,,,,,,,,,,1回払い、永遠にお楽しみください！,,,,,,,,,,,,,,,,
"Payment successful, activating your Pro account...",付款成功，激活您的Pro帐户……,,,,,,,,,,,,,,支払いに成功しました。Proアカウントを有効にします...,"결제 성공, Pro 계정 활성화...",,,,,,,,,,,,,,,
People & Blogs,人物和博客,,,,,,,,,,,,,,ブログ,피플과 블로그,,,,,,,,,,,,,,,
Pets & Animals,宠物和动物,,,,,,,,,,,,,,ペット&動物,애완동물과 동물,,,,,,,,,,,,,,,
phonetic transcription,音标,,,,,,,,,,,,,,,,,,,,,,,,,,,,,,
Phonetics off,注音关闭,,,,,,,,,,,,,,発音表示オフ,음성학 꺼짐,,,,,,,,,,,,,,,
Phonetics on,注音开启,,,,,,,,,,,,,,発音表示オン,음성학 켜기,,,,,,,,,,,,,,,
Phonological Features,音系学特征,,,,,,,,,,,,,,弁別的素性,음계학적 특징,,,,,,,,,,,,,,,
Phrasebooks,短语集,,,,,,,,,,,,,,フレーズブック,,,,,,,,,,,,,,,,
Phrases,短语,,,,,,,,,,,,,,フレーズ,,,,,,,,,,,,,,,,
Phrases that include “{word}”,包含“{word}”的短语,,,,,,,,,,,,,,"""{ワード}""を含むフレーズ",,,,,,,,,,,,,,,,
pictographic,象形,,,,,,,,,,,,,,絵文字の,,,,,,,,,,,,,,,,
pictophonetic,形声,,,,,,,,,,,,,,絵音の,,,,,,,,,,,,,,,,
pinyin annotation,拼音注解,,,,,,,,,,,,,,,,,,,,,,,,,,,,,,
Play,播放,,,,,,,,,,,,,,再生,재생,,,,,,,,,,,,,,,
Play & Learn,观看学习,,,,,,,,,,,,,,再生する,,,,,,,,,,,,,,,,
Playlists,播放列表,,,,,,,,,,,,,,プレイリスト,,,,,,,,,,,,,,,,
Please choose your method of payment.,请选择付款方式。,,,,,,,,,,,,,,お支払い方法をお選びください。,결제 방법을 선택하십시오.,,,,,,,,,,,,,,,
Please choose your plan.,请选择您的会员类型。,,,,,,,,,,,,,,プランをお選びください。,,,,,,,,,,,,,,,,
Please explain how the {l2} word “{word}”{pronunciation} differs from other similar words in {l2}.,请解释{l2}单词“{word}”{pronunciation}与{l2}中其他类似单词的区别。,,,,,,,,,,,,,,"l2}の単語""{word}""{pronunciation}が{l2}の他の類似の単語とどのように異なるかを説明してください。",,,,,,,,,,,,,,,,
"Please explain the {l2} word “{word}” ({pronunciation}), give its morphological breakdown, and some examples with {l1} translations, and a sample dialogue with {l1} translations.",请解释{l2}词“{word}”（{pronunciation}），给出其构词分解，以及一些带有{l1}翻译的例句，以及一段带有{l1}翻译的对话示例。,,,,,,,,,,,,,,l2}の単語「{word}」（{pronunciation}）の説明、形態素解析、{l1}訳付きの例文、{l1}訳付きの対話例を教えてください。,,,,,,,,,,,,,,,,
"Please explain the {l2} word “{word}”{pronunciation}, give its morphological breakdown, and some examples with {l1} translations, and a sample dialogue with {l1} translations.",请解释{l2}词“{word}”{pronunciation}，给出其构词分解，以及一些带有{l1}翻译的例句，或是生成一段对话及其翻译。,,,,,,,,,,,,,,l2}の単語「{word}」{pronunciation}を説明し、その形態素解析と{l1}訳付きの例文、{l1}訳付きのダイアログサンプルを提示してください。,,,,,,,,,,,,,,,,
"Please give a list of printed and online materials for learning the {l2} language (also known as {otherNames}, ISO639-3 code {isoCode}, glottolog ID {glottologId}).",请列出一些学习{l2}这门语言（也称为 {otherNames}、ISO639-3 代码 {isoCode}、glottolog ID {glottologId}）的出版物和在线资源。,,,,,,,,,,,,,,,,,,,,,,,,,,,,,,
Please include a {l1} translation after every paragraph.,请在每个自然段后附上{l1}翻译。,,,,,,,,,,,,,,各段落の後に{l1}訳語を記載してください。,,,,,,,,,,,,,,,,
Please login,请登录,,,,,,,,,,,,,,ログインしてください,로그인하세요,,,,,,,,,,,,,,,
"Please make a {l2} story that illustrates the use of the {l2} word “{word}”{pronunciation}, with a {l1} translation after each paragraph.",请写一个{l2}故事，说明“{word}”{pronunciation}这个{l2}单词的用法，并在每个段落后加上{l1}翻译。,,,,,,,,,,,,,,"l2}の単語""{word}""{pronunciation}の使い方を説明する{l2}ストーリーを作成し、各段落の後に{l1}訳を付けてください。",,,,,,,,,,,,,,,,
Please write an interesting {l2} story with the following {l2} word(s): {words}.,请用以下{l2}单词写一个有趣的{l2}故事：{words}。,,,,,,,,,,,,,,次の{l2}単語を使った面白い{l2}ストーリーを書いてください：{words}。,,,,,,,,,,,,,,,,
Possession,,,,,,,,,,,,,,,占有,,,,,,,,,,,,,,,,
Possessor,,,,,,,,,,,,,,,占有者,,,,,,,,,,,,,,,,
PP_与,,,,,,,,,,,,,,,PP_与,,,,,,,,,,,,,,,,
PP_为,,,,,,,,,,,,,,,PP_为,,,,,,,,,,,,,,,,
PP_于,,,,,,,,,,,,,,,PP_于,,,,,,,,,,,,,,,,
PP_以,,,,,,,,,,,,,,,PP_以,,,,,,,,,,,,,,,,
PP_向,,,,,,,,,,,,,,,PP_向,,,,,,,,,,,,,,,,
PP_因,,,,,,,,,,,,,,,PP_因,,,,,,,,,,,,,,,,
PP_在,,,,,,,,,,,,,,,PP_在,,,,,,,,,,,,,,,,
PP_如,,,,,,,,,,,,,,,PP_如,,,,,,,,,,,,,,,,
PP_对,,,,,,,,,,,,,,,PP_对,,,,,,,,,,,,,,,,
PP_将,,,,,,,,,,,,,,,PP_将,,,,,,,,,,,,,,,,
PP_就,,,,,,,,,,,,,,,PP_就,,,,,,,,,,,,,,,,
PP_把,,,,,,,,,,,,,,,PP_把,,,,,,,,,,,,,,,,
PP_给,,,,,,,,,,,,,,,PP_给,,,,,,,,,,,,,,,,
Practice Drills,听说法练习,,,,,,,,,,,,,,練習訓練,,,,,,,,,,,,,,,,
Pre-A1,未达A1,,,,,,,,,,,,,,A1 以前,,,,,,,,,,,,,,,,
Pre-N5,未达N5,,,,,,,,,,,,,,N5 以前,,,,,,,,,,,,,,,,
Pre-TOPIK 1,未达TOPIK 1,,,,,,,,,,,,,,TOPIK 1 以前,,,,,,,,,,,,,,,,
Preparing video and transcript...,正在准备视频和转录文本……,,,,,,,,,,,,,,ビデオとトランスクリプトの準備中...,비디오 및 스크립트를 준비하는 중...,,,,,,,,,,,,,,,
prepositional phrases,介词短语,,,,,,,,,,,,,,前置詞句,,,,,,,,,,,,,,,,
Previous Line,上一行,,,,,,,,,,,,,,前の行,이전 라인,,,,,,,,,,,,,,,
Previous Video,上一个视频,,,,,,,,,,,,,,前のビデオ,이전 비디오,,,,,,,,,,,,,,,
Pricing,价格,,,,,,,,,,,,,,価格設定,,,,,,,,,,,,,,,,
Pricing Chart,价格一览表,,,,,,,,,,,,,,価格表,,,,,,,,,,,,,,,,
Pricing Options,定价选项,,,,,,,,,,,,,,価格設定オプション,가격 옵션,,,,,,,,,,,,,,,
Privacy Policy,隐私政策,,,,,,,,,,,,,,プライバシーポリシー,프라이버시 정책,,,,,,,,,,,,,,,
Pro Account,Pro账户,,,,,,,,,,,,,,Proアカウント,Pro 계정,,,,,,,,,,,,,,,
Profile & Progress,我的档案与进度,,,,,,,,,,,,,,プロファイルと進捗状況,,,,,,,,,,,,,,,,
Pronounce word when opening popup,使用弹出词典时自动发音,,,,,,,,,,,,,,ポップアップを開くときに単語を発音する,팝업을 열 때 단어 발음,,,,,,,,,,,,,,,
Pronunciation,发音,,,,,,,,,,,,,,発音,,,,,,,,,,,,,,,,
Quick Gloss off,简易释疑关闭,,,,,,,,,,,,,,クイックグロスオフ,,,,,,,,,,,,,,,,
Quick Gloss on,简易释疑开启,,,,,,,,,,,,,,のクイックグロス,,,,,,,,,,,,,,,,
Quick Settings,常用设置,,,,,,,,,,,,,,共通設定,자주 사용하는 설정,,,,,,,,,,,,,,,
Quiz Mode Off,测验模式关闭,,,,,,,,,,,,,,クイズモードオフ,,,,,,,,,,,,,,,,
Quiz Mode On,测验模式开启,,,,,,,,,,,,,,クイズモードオン,,,,,,,,,,,,,,,,
Random,随机,,,,,,,,,,,,,,ランダム,,,,,,,,,,,,,,,,
Read,阅读,,,,,,,,,,,,,,,,,,,,,,,,,,,,,,
Read {l2} epubs with phonetic annotation dictionary lookup.,使用注音字典查找阅读 {l2} epub。,,,,,,,,,,,,,,,,,,,,,,,,,,,,,,
Read {l2} text with phonetic annotation dictionary lookup. Save new words for review.,使用注音字典查找阅读 {l2} 文本。 保存新单词以供复习。,,,,,,,,,,,,,,,,,,,,,,,,,,,,,,
Read & Listen,边听边读,,,,,,,,,,,,,,読み取りと聞き取り,,,,,,,,,,,,,,,,
Read a {l2} web page,阅读{l2}网页,,,,,,,,,,,,,,,,,,,,,,,,,,,,,,
Read a story with these words,读一则包括以下单词的故事,,,,,,,,,,,,,,この言葉を使った物語を読む,,,,,,,,,,,,,,,,
Read Aloud,朗读,,,,,,,,,,,,,,音読,,,,,,,,,,,,,,,,
Read any online document by pasting the URL.,粘贴网址，阅读任意网上文章。,,,,,,,,,,,,,,URLを貼り付けてオンラインドキュメントを読みます。,,,,,,,,,,,,,,,,
Read books and text in {l2} with the help of our popup dictionary.,借助我们的弹出式词典阅读{l2}书籍和文本。,,,,,,,,,,,,,,ポップアップ辞書の助けを借りて、{l2}で本とテキストを読んでください。,,,,,,,,,,,,,,,,
"Read books, web pages or your own text with a popup dictionary",使用弹出式词典阅读书籍、网页或您自己的文本,,,,,,,,,,,,,,ポップアップディクショナリを使用して、本、Webページ、または自分のテキストを読む,"팝업 사전을 사용하여 책, 웹 페이지 또는 자신의 텍스트 읽기",,,,,,,,,,,,,,,
Read on Gutenberg,在 Gutenberg 上阅读,,,,,,,,,,,,,,グーテンベルクで読む,,,,,,,,,,,,,,,,
Read various {l2} documents directly on the “Books” page.,在 “书籍” 页面直接阅读各式{l2}文献。,,,,,,,,,,,,,,ライブラリの導入,,,,,,,,,,,,,,,,
Reader,阅读器,,,,,,,,,,,,,,リーダー,리더,,,,,,,,,,,,,,,
Reading,阅读,,,,,,,,,,,,,,読書,,,,,,,,,,,,,,,,
Ready to give it a try?,准备好试一试了吗？,,,,,,,,,,,,,,準備はできていますか。,해볼 준비 되셨나요?,,,,,,,,,,,,,,,
Ready to upgrade to Pro?,准备好升级到Pro了吗？,,,,,,,,,,,,,,Proへのアップグレードの準備はできていますか?,Pro로 업그레이드할 준비가 되셨습니까?,,,,,,,,,,,,,,,
Recommendation based on your,推荐内容依据:,,,,,,,,,,,,,,推奨事項の根拠:,권장 기준:,,,,,,,,,,,,,,,
Recommendations based on your {0}.,基于{0}的推荐,,,,,,,,,,,,,,{0}に基づく推奨事項です。,,,,,,,,,,,,,,,,
Recommended,推荐,,,,,,,,,,,,,,おすすめ,,,,,,,,,,,,,,,,
Recommended Channels,推荐频道,,,,,,,,,,,,,,おすすめのチャネル,,,,,,,,,,,,,,,,
Reddit,Reddit 论坛标注版,,,,,,,,,,,,,,レディット,,,,,,,,,,,,,,,,
Reddit Articles,Reddit论坛文章,,,,,,,,,,,,,,記事の編集,,,,,,,,,,,,,,,,
Reddit Posts under {0},Reddit 子论坛 {0} 的帖子,,,,,,,,,,,,,,,,,,,,,,,,,,,,,,
Refresh,刷新,,,,,,,,,,,,,,リフレッシュ,새로 고침,,,,,,,,,,,,,,,
Regenerate,重新生成,,,,,,,,,,,,,,再生する,,,,,,,,,,,,,,,,
Register,注册,,,,,,,,,,,,,,登録,,,,,,,,,,,,,,,,
Related,相关词语,,,,,,,,,,,,,,関連,,,,,,,,,,,,,,,,
Related words provided by {0},相关单词由 {0} 提供,,,,,,,,,,,,,,{0}が提供する関連語,,,,,,,,,,,,,,,,
Remove {l2},删除{l2},,,,,,,,,,,,,,削除{l2}。,,,,,,,,,,,,,,,,
Remove All,全部删除,,,,,,,,,,,,,,すべて削除,,,,,,,,,,,,,,,,
Remove All Saved Phrases,删除所有保存的短语,,,,,,,,,,,,,,,,,,,,,,,,,,,,,,
Remove from Saved Words,从保存的单词中删除,,,,,,,,,,,,,,保存した単語から削除,저장된 단어에서 제거,,,,,,,,,,,,,,,
Remove Phrase,删除短语,,,,,,,,,,,,,,フレーズの削除,,,,,,,,,,,,,,,,
Reset filters,重置筛选器,,,,,,,,,,,,,,フィルタのリセット,필터 재설정,,,,,,,,,,,,,,,
Resources,资源,,,,,,,,,,,,,,リソース,,,,,,,,,,,,,,,,
Resources for learning {l2},{l2}学习资源,,,,,,,,,,,,,,,,,,,,,,,,,,,,,,
Rewind to Beginning,回到开头,,,,,,,,,,,,,,最初に巻き戻します,시작으로 되감기,,,,,,,,,,,,,,,
Save All,全部保存,,,,,,,,,,,,,,すべて保存,,,,,,,,,,,,,,,,
Save all the above words so they will be highlighted in the video.,请保存以上所有单词，以便在视频中高亮。,,,,,,,,,,,,,,,,,,,,,,,,,,,,,,
Save as Phrase,保存为短语,,,,,,,,,,,,,,フレーズとして保存,,,,,,,,,,,,,,,,
Save Phrase,保存短语,,,,,,,,,,,,,,フレーズの保存,,,,,,,,,,,,,,,,
Save Video for Everyone,保存视频（所有人可见）,,,,,,,,,,,,,,みんなの動画保存,,,,,,,,,,,,,,,,
SAVE WORD,保存单词,,,,,,,,,,,,,,単語を保存,단어 저장,,,,,,,,,,,,,,,
SAVED,已保存,,,,,,,,,,,,,,保存した,저장된,,,,,,,,,,,,,,,
Saved,已保存,,,,,,,,,,,,,,保存済み,,,,,,,,,,,,,,,,
Saved {l2} Phrases,已保存的{l2}短语,,,,,,,,,,,,,,,,,,,,,,,,,,,,,,
Saved Phrases,我的短语本,,,,,,,,,,,,,,保存したフレーズ,,,,,,,,,,,,,,,,
Saved Words,我的生词本,,,,,,,,,,,,,,保存した単語,,,,,,,,,,,,,,,,
Schedule,发布计划表,,,,,,,,,,,,,,スケジュール,,,,,,,,,,,,,,,,
Sci-Fi/Fantasy,科幻/幻想,,,,,,,,,,,,,,SF/ファンタジー,공상 과학/판타지,,,,,,,,,,,,,,,
Science & Technology,科学技术,,,,,,,,,,,,,,科学と技術,과학 기술,,,,,,,,,,,,,,,
Search,搜索,,,,,,,,,,,,,,検索,,,,,,,,,,,,,,,,
Search {l2} Content,搜索{l2}内容,,,,,,,,,,,,,,{l2}コンテンツ検索,{l2} 컨텐츠 검색,,,,,,,,,,,,,,,
Search {l2} YouTube,搜索YouTube的{l2}视频,,,,,,,,,,,,,,{l2}YouTube検索,,,,,,,,,,,,,,,,
Search {stats} {l2} videos,搜索{stats}个{l2}视频,,,,,,,,,,,,,,{stats}本の{l2}のビデオ検索,{l2} 비디오 {stats}개를 검색,,,,,,,,,,,,,,,
Search for “Language Player 2” in the iOS App Store.,在iOS应用商店中搜索“Language Player 2”。,,,,,,,,,,,,,,iOSアプリストアで「Language Player 2」を検索します。,iOS 앱스토어에서 “Language Player 2”를 검색합니다.,,,,,,,,,,,,,,,
Search for {0} ...,搜索{0}……,,,,,,,,,,,,,,,,,,,,,,,,,,,,,,
Search for more sentences at,用其他服务搜索更多例句,,,,,,,,,,,,,,次のページでさらに文章を検索します。,,,,,,,,,,,,,,,,
Search in:,搜索范围：,,,,,,,,,,,,,,検索対象:,검색 위치:,,,,,,,,,,,,,,,
Search in...,搜索范围……,,,,,,,,,,,,,,検索する...,검색...,,,,,,,,,,,,,,,
Search inside this collection ({num} videos),在此集合中搜索（{num}个视频）,,,,,,,,,,,,,,このコレクション内の検索（{num}ビデオ）,,,,,,,,,,,,,,,,
Search languages,搜索语言,,,,,,,,,,,,,,言語の検索,,,,,,,,,,,,,,,,
Search languages...,搜索语言...,,,,,,,,,,,,,,,,,,,,,,,,,,,,,,
Search the entire YouTube for {l2} videos with CC,在整个YouTube搜索有{l2}字幕的视频,,,,,,,,,,,,,,CCで{l2}個のビデオをYouTube全体で検索,,,,,,,,,,,,,,,,
Search YouTube,搜索 YouTube,,,,,,,,,,,,,,YouTubeの検索,,,,,,,,,,,,,,,,
Searching for word forms...,正在搜索单词形式……,,,,,,,,,,,,,,単語帳を検索中...,단어 형식을 검색하는 중...,,,,,,,,,,,,,,,
"Searching through 7,669,735 words across 3,752 languages",搜索3752种语言的7669735个单词,,,,,,,,,,,,,,"3,752言語の7,669,735語を検索","3,752개 언어에 걸쳐 7,669,735개 단어 검색",,,,,,,,,,,,,,,
Searching through video captions...,正在搜索视频字幕……,,,,,,,,,,,,,,ビデオキャプションを検索中...,비디오 캡션을 검색하는 중...,,,,,,,,,,,,,,,
See All,查看全部,,,,,,,,,,,,,,すべて見る,,,,,,,,,,,,,,,,
See all {num} search results with a Pro account,使用Pro帐户查看所有{num}个搜索结果,,,,,,,,,,,,,,Proアカウントですべての{num}の検索結果を見る,Pro 계정으로 모든 {num} 검색 결과 보기,,,,,,,,,,,,,,,
See All {wordCount},查看全部{wordCount}个,,,,,,,,,,,,,,すべて見る {wordCount},,,,,,,,,,,,,,,,
"See collocations, example sentences, verb inflections and Chinese character decomposition in the dictionary",参见词典中的搭配、例句、动词变形和汉字分解,,,,,,,,,,,,,,辞書の連語、例文、動詞の変形、漢字の分解を見る,"사전에서 조합, 예문, 동사 굴절 및 한자 분해 참조",,,,,,,,,,,,,,,
See complete interactive transcripts with English translation,查看完整的配有翻译的交互式字幕,,,,,,,,,,,,,,英語翻訳を使用したインタラクティブなトランスクリプトを参照してください。,영어 번역과 함께 대화형 전체 대본 보기,,,,,,,,,,,,,,,
See complete subtitles with Pro.,使用 Pro 查看完整字幕。,,,,,,,,,,,,,,Pro の完全な字幕を参照してください。,,,,,,,,,,,,,,,,
See examples of words in videos,查看视频中的单词例句,,,,,,,,,,,,,,ビデオ内の単語の例を表示する,비디오에서 단어 예제 보기,,,,,,,,,,,,,,,
"See hundreds of examples of words in videos, or in particular TV shows",看到单词的所有视频例句（含电视节目例句）,,,,,,,,,,,,,,ビデオ、または特にテレビ番組で何百もの単語の例を見る,비디오 또는 특히 TV 프로그램에서 수백 개의 단어 예제 보기,,,,,,,,,,,,,,,
See latest stats.,查看最新统计数据。,,,,,,,,,,,,,,最新の統計を表示します。,최신 통계를 검토합니다.,,,,,,,,,,,,,,,
See more images of of “{0}” on {1},查看更多“{0}”的图片，请前往 {1},,,,,,,,,,,,,,{1}の「{0}」の画像をもっと見る,,,,,,,,,,,,,,,,
See more languages on a map,在地图上查看更多语言,,,,,,,,,,,,,,地図に言語の分布を見る,지도에서 더 많은 언어 보기,,,,,,,,,,,,,,,
See only 2 examples of words in videos,只看到单词的两个视频例句,,,,,,,,,,,,,,動画で単語の例を2つだけ見る,동영상에서 단어의 예 2개만 보기,,,,,,,,,,,,,,,
See only first 10 lines of interactive transcripts with English translation,仅查看前10行配备翻译的交互式字幕,,,,,,,,,,,,,,英語翻訳を使用したインタラクティブなトランスクリプトの最初の10行だけを表示,영어 번역이 포함된 대화형 대본의 처음 10줄만 보기,,,,,,,,,,,,,,,
See them on a Map,在地图上看到它们,,,,,,,,,,,,,,地図で見る,지도에서 보기,,,,,,,,,,,,,,,
Send us an email,向我们发送电子邮件,,,,,,,,,,,,,,Eメールを送信する,이메일을 보내주세요,,,,,,,,,,,,,,,
Sending password reset email...,正在发送密码重置电子邮件……,,,,,,,,,,,,,,パスワードリセットEメールを送信しています...,암호 재설정 전자 메일을 보내는 중...,,,,,,,,,,,,,,,
Sentences provided by,例句提供方,,,,,,,,,,,,,,提供する文,,,,,,,,,,,,,,,,
Sentences with “{text}”,有 “{text}” 的句子,,,,,,,,,,,,,,「{text}」の例文,,,,,,,,,,,,,,,,
SentObject,,,,,,,,,,,,,,,送信オブジェクト,,,,,,,,,,,,,,,,
SentObject_of,,,,,,,,,,,,,,,SentObject_of,,,,,,,,,,,,,,,,
Settings,设置,,,,,,,,,,,,,,設定,,,,,,,,,,,,,,,,
Settings specific to {l2},特定于{l2}的设置,,,,,,,,,,,,,,{l2}に固有の設定,{l2} 관련 설정,,,,,,,,,,,,,,,
Share Annotated Text,分享带注释的文本,,,,,,,,,,,,,,,,,,,,,,,,,,,,,,
Shareable via link:,可通过链接共享：,,,,,,,,,,,,,,,,,,,,,,,,,,,,,,
Short Movies,微电影,,,,,,,,,,,,,,短編映画,마이크로필름,,,,,,,,,,,,,,,
Shorts,短视频,,,,,,,,,,,,,,ショート,쇼트 클립,,,,,,,,,,,,,,,
Show {count} More,显示另外 {count} 项,,,,,,,,,,,,,,{count}追加表示,,,,,,,,,,,,,,,,
Show definition above words,在单词上方显示定义,,,,,,,,,,,,,,単語の上に定義を表示する,단어 위에 정의 표시,,,,,,,,,,,,,,,
Show Defs,显示释义,,,,,,,,,,,,,,Defs の表示,,,,,,,,,,,,,,,,
Show Hán tự next to Sino-Vietnamese words,在中越语单词旁边显示对应汉字,,,,,,,,,,,,,,中ベトナム語の単語の横に漢字を表示する,중국어-베트남어 옆에 한터 표시,,,,,,,,,,,,,,,
Show hanja next to hanguel (byeonggi),在韩文旁边显示汉字（并记）,,,,,,,,,,,,,,ハンゲルの横に漢字を見せてください。,한글 옆에 한자 표시하기 (병기),,,,,,,,,,,,,,,
Show Legend,显示图例,,,,,,,,,,,,,,,,,,,,,,,,,,,,,,
Show Phonetics,显示语音,,,,,,,,,,,,,,音声学の表示,,,,,,,,,,,,,,,,
Show pop quiz,显示小测验,,,,,,,,,,,,,,クイズを表示する,퀴즈 보이기,,,,,,,,,,,,,,,
Show Quick Gloss,显示简易释义,,,,,,,,,,,,,,クイックグロスを表示する,,,,,,,,,,,,,,,,
Show Transcript & Quizzes,显示文字转录与小测验,,,,,,,,,,,,,,トランスクリプトとクイズを表示する,대본 및 퀴즈 표시,,,,,,,,,,,,,,,
Show translation,显示翻译,,,,,,,,,,,,,,翻訳の表示,번역 표시,,,,,,,,,,,,,,,
Show Vocabulary List ({num}),显示词汇列表（{num}个）,,,,,,,,,,,,,,語彙リストの表示（{num}）,,,,,,,,,,,,,,,,
Show Word,显示词头,,,,,,,,,,,,,,単語の表示,,,,,,,,,,,,,,,,
Show Words,显示单词,,,,,,,,,,,,,,単語の表示,,,,,,,,,,,,,,,,
Shows,电视剧,,,,,,,,,,,,,,番組,드라마,,,,,,,,,,,,,,,
Sign Up,注册,,,,,,,,,,,,,,サインアップ,,,,,,,,,,,,,,,,
Simplified characters,简化的字符,,,,,,,,,,,,,,簡体字,간체자,,,,,,,,,,,,,,,
Sino-Tibetan,傣卡岱语系,,,,,,,,,,,,,,,,,,,,,,,,,,,,,,
Smaller text,缩小文本,,,,,,,,,,,,,,テキストの縮小,작은 텍스트,,,,,,,,,,,,,,,
Smooth Scrolling,平滑滚动,,,,,,,,,,,,,,スムーズなスクロール,부드러운 스크롤,,,,,,,,,,,,,,,
Software,软件,,,,,,,,,,,,,,,,,,,,,,,,,,,,,,
Some information about lesser-known languages may not be accurate.,一些关于鲜为人知的语言的信息可能并不准确。,,,,,,,,,,,,,,,,,,,,,,,,,,,,,,
Song,歌曲,,,,,,,,,,,,,,歌,,,,,,,,,,,,,,,,
Songs,音乐,,,,,,,,,,,,,,歌,,,,,,,,,,,,,,,,
"Sorry, no books are currently available for {l2}.",很抱歉，目前尚无{l2}书籍可供阅读。,,,,,,,,,,,,,,申し訳ありません。現在{l2}に使用できる本がありません。,,,,,,,,,,,,,,,,
"Sorry, no definition found.",抱歉，找不到定义。,,,,,,,,,,,,,,申し訳ありませんが、定義が見つかりません。,죄송합니다. 정의를 찾을 수 없습니다.,,,,,,,,,,,,,,,
"Sorry, no hits found.",抱歉，找不到匹配项。,,,,,,,,,,,,,,申し訳ありませんが、ヒットは見つかりません。,죄송합니다. 히트를 찾을 수 없습니다.,,,,,,,,,,,,,,,
"Sorry, we could not find any {l2} books matching your search term.",抱歉，我们找不到与您的搜索词匹配的{l2}书籍。,,,,,,,,,,,,,,,,,,,,,,,,,,,,,,
"Sorry, we could not find any collocations with “{term}” in this corpus.",抱歉，我们在此语料库中找不到任何 “{term}” 的搭配。,,,,,,,,,,,,,,申し訳ありませんが、このコーパスには「{term}」を含むコロケーションが見つかりませんでした。,,,,,,,,,,,,,,,,
"Sorry, we could not find any phrasebooks for {l2}.",抱歉，我们还没有{l2}单词集。,,,,,,,,,,,,,,申し訳ありません。{l2}のフレーズブックが見つかりませんでした。,,,,,,,,,,,,,,,,
"Sorry, we could not find any sentences with “{term}” in this corpus.",很抱歉，我们在此语料库中找不到任何带有 “{term}” 的句子。,,,,,,,,,,,,,,申し訳ありませんが、このコーパスには「{term}」のある文章が見つかりませんでした。,,,,,,,,,,,,,,,,
"Sorry, we could not find any words related to “{term}” in this corpus.",抱歉，我们在此语料库中找不到任何与 “{term}” 相关的单词。,,,,,,,,,,,,,,申し訳ありませんが、このコーパスには「{term}」に関連する単語が見つかりませんでした。,,,,,,,,,,,,,,,,
Sort,排序,,,,,,,,,,,,,,ソート,,,,,,,,,,,,,,,,
Sort by Date,按日期排序,,,,,,,,,,,,,,日付順にソート,,,,,,,,,,,,,,,,
Sort by Date Added,按添加日期排序,,,,,,,,,,,,,,追加日順にソート,,,,,,,,,,,,,,,,
Sort by Date Uploaded,按上传日期排序,,,,,,,,,,,,,,アップロード日順にソート,,,,,,,,,,,,,,,,
Sort By Length,按长度排序,,,,,,,,,,,,,,長さ順にソート,길이순 정렬,,,,,,,,,,,,,,,
Sort by Recommended,按推荐排序,,,,,,,,,,,,,,推奨順にソート,권장 기준으로 정렬,,,,,,,,,,,,,,,
Sort by Title,按标题排序,,,,,,,,,,,,,,タイトル別にソート,제목별 정렬,,,,,,,,,,,,,,,
Sort by Views,按点击量排序,,,,,,,,,,,,,,ビュー別にソート,보기별 정렬,,,,,,,,,,,,,,,
Sort Left,向左排序,,,,,,,,,,,,,,左揃え,왼쪽 정렬,,,,,,,,,,,,,,,
Sort Right,向右排序,,,,,,,,,,,,,,右揃え,오른쪽 정렬,,,,,,,,,,,,,,,
Sports,体育,,,,,,,,,,,,,,スポーツ,스포츠,,,,,,,,,,,,,,,
"Start by creating a free account, and explore our content library.",从创建一个免费帐户开始，探索我们的内容库。,,,,,,,,,,,,,,無料アカウントを作成することから、コンテンツライブラリを探索します。,무료 계정을 만드는 것부터 시작하여 콘텐츠 라이브러리를 탐색하십시오.,,,,,,,,,,,,,,,
Start from,开始于,,,,,,,,,,,,,,最初から,,,,,,,,,,,,,,,,
Start Learning,开始学习,,,,,,,,,,,,,,勉強を始める,,,,,,,,,,,,,,,,
Start Using Pro,开始使用Pro,,,,,,,,,,,,,,Proの使用開始,Pro 사용 시작,,,,,,,,,,,,,,,
Start Watching,开始观看,,,,,,,,,,,,,,視聴を開始,,,,,,,,,,,,,,,,
Stroke Order,笔划顺序,,,,,,,,,,,,,,ストローク順,,,,,,,,,,,,,,,,
Structure,结构,,,,,,,,,,,,,,構造,,,,,,,,,,,,,,,,
Studied on {date}:,{date}您学习了：,,,,,,,,,,,,,,{date}で勉強しました:,,,,,,,,,,,,,,,,
Study,学习,,,,,,,,,,,,,,調査,,,,,,,,,,,,,,,,
Study Aid,学习,,,,,,,,,,,,,,学習支援資料,,,,,,,,,,,,,,,,
Study any YouTube video that has {l2} subtitles.,学习任何有{l2}字幕的 YouTube 视频。,,,,,,,,,,,,,,{l2}の字幕があるYouTubeビデオを検討してください。,,,,,,,,,,,,,,,,
Study Sheet,学习材料生成器,,,,,,,,,,,,,,スタディシート,,,,,,,,,,,,,,,,
Study Sheet Creator,学习材料生成器,,,,,,,,,,,,,,スタディシートの作成者,,,,,,,,,,,,,,,,
Study YouTube Subtitles,学习 YouTube 字幕,,,,,,,,,,,,,,YouTube字幕の勉強,,,,,,,,,,,,,,,,
Subject,,,,,,,,,,,,,,,件名,,,,,,,,,,,,,,,,
Subject_of,,,,,,,,,,,,,,,件名_/,,,,,,,,,,,,,,,,
Support and Contact,支持与联系,,,,,,,,,,,,,,,,,,,,,,,,,,,,,,
Switch languages,切换语言,,,,,,,,,,,,,,言語の切り替え,언어 전환,,,,,,,,,,,,,,,
Table of Contents,目录,,,,,,,,,,,,,,,,,,,,,,,,,,,,,,
Tai-Kadai,壮侗语系,,,,,,,,,,,,,,,,,,,,,,,,,,,,,,
Take one-on-one online {l2} conversation practice sessions at iTalki.,使用 iTalki 进行一对一的在线 {l2}对话练习。,,,,,,,,,,,,,,iTalkiで1対1のオンライン{l2}会話練習セッションを受講します。,,,,,,,,,,,,,,,,
Talks,演说,,,,,,,,,,,,,,会談,,,,,,,,,,,,,,,,
Tap any line in the transcript to play that line. Tap on any word to look up.,点击转录文本中的任何一行，播放该行。点击任何单词进行查找。,,,,,,,,,,,,,,トランスクリプトのいずれかの行をクリックして、その行を再生します。単語をクリックして検索します。,녹취재 중 한 줄을 클릭하여 해당 줄을 재생합니다.원하는 단어를 클릭하여 찾습니다.,,,,,,,,,,,,,,,
"Tap on any language label to learn the language! Live TV channels, TV shows with subtitles, music with lyrics, phrasebooks with video examples... everything that can help you to learn a language “by osmosis.”",点击任何语言标签来学习语言，包括带字幕的视频、直播电视、常用语手册……帮助您自然习得各门语言。,,,,,,,,,,,,,,,,,,,,,,,,,,,,,,
Tap on any word for a popup dictionary.,点击任意单词，即可显示弹出词典。,,,,,,,,,,,,,,,,,,,,,,,,,,,,,,
Tap on any word to view details and page through them.,点击单词查看详情，并使用前进/后退挨个学习。,,,,,,,,,,,,,,任意の単語をタップすると詳細が表示され、ページが表示されます。,,,,,,,,,,,,,,,,
"Tap on the three dots ""..."" next to each line for translation.",点击每行旁边的三个点“...”进行翻译。,,,,,,,,,,,,,,,,,,,,,,,,,,,,,,
Text Corpus Settings,语料库设置,,,,,,,,,,,,,,テキストコーパスの設定,,,,,,,,,,,,,,,,
Text Reader,文本阅读器,,,,,,,,,,,,,,テキストリーダー,,,,,,,,,,,,,,,,
Text Reader (Annotator),文本阅读器（注释器）,,,,,,,,,,,,,,,,,,,,,,,,,,,,,,
Textbooks,课本,,,,,,,,,,,,,,教科書,,,,,,,,,,,,,,,,
the next level,更高的水平,,,,,,,,,,,,,,次のレベル,,,,,,,,,,,,,,,,
the TV Show “{title}”,电视节目《{title}》,,,,,,,,,,,,,,テレビ番組「{title}」,"TV 쇼 ""{title}""",,,,,,,,,,,,,,,
The word “{word}” seems to only take on one form.,“{word}”这个词似乎只有一种形式。,,,,,,,,,,,,,,,,,,,,,,,,,,,,,,
There has been an error.,出现错误。,,,,,,,,,,,,,,エラーが発生しました。,,,,,,,,,,,,,,,,
"These words are stored in your browser's local storage, which persists unless you clear your browsing data.",这些单词将存储于浏览器的本地存储（local storage）中。除非您清除浏览数据，否则该存储会持续保留。,,,,,,,,,,,,,,これらの単語はブラウザのローカルストレージに保存されます。ブラウザのローカルストレージは、ブラウジングデータをクリアしない限り保持されます。,,,,,,,,,,,,,,,,
This {l2} dictionary has <b>{num} words</b>,此{l2}词典包含<b>{num}个单词</b>,,,,,,,,,,,,,,この{l2}辞書に<b>{num}語があります。</b>,,,,,,,,,,,,,,,,
"This is a {l2} text reading tool (a.k.a annotator, tokenizer, lemmatizer)",这是一个 {l2} 文本阅读工具（又称注释器、标记器、词性分析器）,,,,,,,,,,,,,,,,,,,,,,,,,,,,,,
"This is a community for people studying or teaching {0} - or just interested in the language. Please post interesting links, language learning advice, or questions about the {0} language. To participate and create new content, visit the community on Reddit.",这是一个供学习或教学 {0} 或仅对语言感兴趣的人的社区。 请张贴有趣的链接、语言学习建议或有关 {0} 语言的问题。 要参与和创建新内容，请访问 Reddit 上的社区。,,,,,,,,,,,,,,,,,,,,,,,,,,,,,,
"This is an interactive map of {numLanguages} languages of the world, including {livingLanguages} living languages, {historicLanguages} historic languages, {extinctLanguages} extinct languages, and {constructedLanguages} constructed languages.",这是一张包含 {numLanguages} 种世界语言的交互式地图，包括 {livingLanguages} 种现存语言、{historicLanguages} 种历史语言、{extinctLanguages} 种已灭绝语言和 {constructedLanguages} 种人工语言。,,,,,,,,,,,,,,,,,,,,,,,,,,,,,,
"This is an interactive map of 7,268 languages of the world, including 6,924 living languages, 105 historic languages, 220 extinct languages, and 5 constructed languages.","这是一张包含 7,268 种世界语言的交互式地图，其中包括 6,924 种现存语言、105 种历史语言、220 种已灭绝语言和 5 种人工语言。",,,,,,,,,,,,,,,,,,,,,,,,,,,,,,
This is where you can enjoy reading a variety of {l2} books with the help of hover dictionary and the ability to save words.,在这里，你可以借助光标取词词典阅读各种{l2}书籍。点击任何{l2}单词，将其存入生词本，之后可前往“词典 > 生词本”查看。,,,,,,,,,,,,,,ここでは、ホバー辞書と単語を保存する機能により、様々な{l2}冊の本を楽しく読むことができます。,,,,,,,,,,,,,,,,
This tool will annotate {l2} text with {transliteration} and a popup dictionary.,此工具可将{l2}文本进行标注，显示{transliteration}，并实现取词功能。,,,,,,,,,,,,,,,,,,,,,,,,,,,,,,
This video does not have closed captions (CC) in {l2}.,此视频没有{l2}的隐藏式字幕 (CC)。,,,,,,,,,,,,,,このビデオには{l2}のクローズドキャプション(CC)がありません。,,,,,,,,,,,,,,,,
This will permanently remove your Language Player account. There is no undo.,这将永久删除您的 Language Player 帐户，一旦删除无法恢复。,,,,,,,,,,,,,,これにより、Language Playerのアカウントは永久に削除されます。元に戻すことはできません。,,,,,,,,,,,,,,,,
"This will remove your logged time for {l2}, and remove {l2} from your home screen Dashboard.",这将删除您记录的{l2}学习记录，并从您的主屏幕仪表板中删除{l2}。,,,,,,,,,,,,,,これにより、{l2}の記録時間が削除され、ホーム画面のダッシュボードから{l2}が削除されます。,,,,,,,,,,,,,,,,
Thriller,惊悚片,,,,,,,,,,,,,,スリラー,스릴러 영화,,,,,,,,,,,,,,,
Time investment,所需时间,,,,,,,,,,,,,,時間投資,,,,,,,,,,,,,,,,
"To create new texts, please login.",要创建新文本，请登录。,,,,,,,,,,,,,,新しいテキストを作成するには、ログインしてください。,,,,,,,,,,,,,,,,
"To get started, create a new Text.",开始之前，请先创建一个新的文本。,,,,,,,,,,,,,,,,,,,,,,,,,,,,,,
"To sync words across devices, please login.",要跨设备同步单词，请登录。,,,,,,,,,,,,,,デバイス間で単語を同期するには、ログインしてください。,,,,,,,,,,,,,,,,
"To track your learning progress, please login.",要跟踪您的学习进度，请登录。,,,,,,,,,,,,,,学習の進捗状況を確認するには、ログインしてください。,,,,,,,,,,,,,,,,
Tools for linguists,语言学工具,,,,,,,,,,,,,,言語学者向けツール,언어학 도구,,,,,,,,,,,,,,,
Top Phrases in {type},{type}中最常见的短语,,,,,,,,,,,,,,{type}の上位句,,,,,,,,,,,,,,,,
Topics,更多分类,,,,,,,,,,,,,,トピック,,,,,,,,,,,,,,,,
Total time from zero to {l2} mastery,从零基础到精通{l2}的时间投入总数,,,,,,,,,,,,,,0から{l2}マスターまでの合計時間,,,,,,,,,,,,,,,,
Traditional characters,繁体字,,,,,,,,,,,,,,繁体字,번체자,,,,,,,,,,,,,,,
Trailers,拖车,,,,,,,,,,,,,,トレーラー,트레일러,,,,,,,,,,,,,,,
Transcript,文字转录,,,,,,,,,,,,,,トランスクリプト,스크립트,,,,,,,,,,,,,,,
Transfer Purchases,平台兑换码,,,,,,,,,,,,,,振替購入,,,,,,,,,,,,,,,,
Translate,翻译,,,,,,,,,,,,,,翻訳,,,,,,,,,,,,,,,,
Translate with:,外部翻译：,,,,,,,,,,,,,,翻訳対象:,,,,,,,,,,,,,,,,
Translation,翻译,,,,,,,,,,,,,,翻訳,,,,,,,,,,,,,,,,
"Translation failed, please try again.",翻译失败，请重试。,,,,,,,,,,,,,,翻訳に失敗しました、もう一度やり直してください。,,,,,,,,,,,,,,,,
Translation off,翻译关闭,,,,,,,,,,,,,,翻訳オフ,번역 오프,,,,,,,,,,,,,,,
Translation on,翻译开启,,,,,,,,,,,,,,上の翻訳日,번역 대상,,,,,,,,,,,,,,,
Travel & Events,旅行与活动,,,,,,,,,,,,,,旅行とイベント,여행과 활동,,,,,,,,,,,,,,,
Try these resources:,试试以下资源,,,,,,,,,,,,,,次のリソースを試します。,,,,,,,,,,,,,,,,
Try turning off ‘Limit “this word in TV Shows” search result (faster)’ in Settings.,尝试在“设置”中关闭“限制”电视节目中的“搜索结果（更快）”。,,,,,,,,,,,,,,「設定」で『「すべてのテレビ番組」の検索結果を限定する(高速化)』をオフにしてみてください。,설정에서 'TV 프로그램에서 이 단어 제한' 검색 결과(더 빠름)를 해제해 보십시오.,,,,,,,,,,,,,,,
Turkic,突厥语系,,,,,,,,,,,,,,,,,,,,,,,,,,,,,,
Tutoring Kit,一对一学习课件,,,,,,,,,,,,,,チュートリアルキット,,,,,,,,,,,,,,,,
TV Show,电视节目,,,,,,,,,,,,,,テレビ番組,텔레비전 프로그램,,,,,,,,,,,,,,,
TV Show Episode,电视节目集,,,,,,,,,,,,,,テレビ番組のエピソード,,,,,,,,,,,,,,,,
TV Shows,电视节目,,,,,,,,,,,,,,テレビ番組,,,,,,,,,,,,,,,,
Tweets by {handle},{handle} 的推文,,,,,,,,,,,,,,,,,,,,,,,,,,,,,,
Twitter:,推特：,,,,,,,,,,,,,,,,,,,,,,,,,,,,,,
"Typically, {l1} speakers need {num} hours from {level} to {goal}.",通常，母语是{l1}的学习者从 {level} 到 {goal} 需要 {num} 个小时。,,,,,,,,,,,,,,一般的に{l1}スピーカーは、{level}から{goal}までの{num}時間が必要です。,,,,,,,,,,,,,,,,
Ultimate {l2} Grammar Cheatsheet,{l2}语法速查表,,,,,,,,,,,,,,究極の{l2}文法チートシート,,,,,,,,,,,,,,,,
Uncheck All,全部取消选中,,,,,,,,,,,,,,すべてチェックボックスをオフにします。,모두 선택 취소,,,,,,,,,,,,,,,
Undergrad student at SFU (Linguistics),Simon Fraser University 语言学系,,,,,,,,,,,,,,,,,,,,,,,,,,,,,,
Updates,动态更新,,,,,,,,,,,,,,アップデート,,,,,,,,,,,,,,,,
Upgrade to Pro,升级到 Pro,,,,,,,,,,,,,,Pro へのアップグレード,,,,,,,,,,,,,,,,
Upload Subs,上传订阅,,,,,,,,,,,,,,サブをアップロードする,,,,,,,,,,,,,,,,
Upload subtitles (.srt or .ass),上传字幕（.srt 或 .ass）,,,,,,,,,,,,,,字幕（.srtまたは.ass）のアップロード,,,,,,,,,,,,,,,,
URL of a YouTube video or playlist...,YouTube视频或播放列表的URL……,,,,,,,,,,,,,,YouTube ビデオまたは再生リストの URL···,,,,,,,,,,,,,,,,
US$,美元$,,,,,,,,,,,,,,US$,,,,,,,,,,,,,,,,
usage patterns,使用模式,,,,,,,,,,,,,,使用パターン,,,,,,,,,,,,,,,,
Usage Trends,词频趋势,,,,,,,,,,,,,,語彙トレンド,단어 빈도 추세,,,,,,,,,,,,,,,
Use <code>_</code> underscore to match one character,使用<code>_</code>下划线匹配一个字符,,,,,,,,,,,,,,<code>_</code> アンダースコアを使用して 1 文字を照合します,,,,,,,,,,,,,,,,
Use <code>*</code> asterisk to match one or more characters,使用<code>*</code>星号匹配一个或多个字符,,,,,,,,,,,,,,<code>*</code>アスタリスクを使用して、1 つ以上の文字を照合します,,,,,,,,,,,,,,,,
Use Sans-Serif,使用黑体,,,,,,,,,,,,,,サンセリフの使用,산세리프 사용,,,,,,,,,,,,,,,
Use Serif,使用宋体,,,,,,,,,,,,,,セリフの使用,세리프 사용,,,,,,,,,,,,,,,
Use Simplified,使用简化版,,,,,,,,,,,,,,簡体字を使用,간체자 사용,,,,,,,,,,,,,,,
Use Traditional,使用传统,,,,,,,,,,,,,,繁体字を使用,번체자 사용,,,,,,,,,,,,,,,
{name} SALE!,{name}促销活动！,,,,,,,,,,,,,,バレンタインデーセール!,발렌타인 데이 세일!,,,,,,,,,,,,,,,
SUMMER,夏季,,,,,,,,,,,,,,,,,,,,,,,,,,,,,,
Video Caption Search Results,视频字幕搜索结果,,,,,,,,,,,,,,ビデオキャプションの検索結果,비디오 캡션 검색 결과,,,,,,,,,,,,,,,
Video Count,视频总数,,,,,,,,,,,,,,ビデオ数,,,,,,,,,,,,,,,,
Video Information,视频信息,,,,,,,,,,,,,,ビデオ情報,,,,,,,,,,,,,,,,
Video Options,视频选项,,,,,,,,,,,,,,ビデオオプション,,,,,,,,,,,,,,,,
VIDEO SOURCE,视频源,,,,,,,,,,,,,,ビデオソース,비디오 소스,,,,,,,,,,,,,,,
Videoblogging,视频博客,,,,,,,,,,,,,,ブイログ,비디오 블로그,,,,,,,,,,,,,,,
Videos,视频,,,,,,,,,,,,,,ビデオ,,,,,,,,,,,,,,,,
Videos in playlists may not have subtitles.,播放列表中的某些视频可能没有字幕。,,,,,,,,,,,,,,プレイリスト内のビデオには字幕が付いていない場合があります。,,,,,,,,,,,,,,,,
Videos with Subs,带字幕的视频,,,,,,,,,,,,,,字幕付きビデオ,자막 영상,,,,,,,,,,,,,,,
View all of our courses on,查看所有课程，前往,,,,,,,,,,,,,,に関するデルの全コースをご覧ください。,,,,,,,,,,,,,,,,
Vocabulary,词汇,,,,,,,,,,,,,,ボキャブラリー,,,,,,,,,,,,,,,,
Vocabulary & Syntax,词汇和句法,,,,,,,,,,,,,,語彙と構文,,,,,,,,,,,,,,,,
Voice,选择人声,,,,,,,,,,,,,,声,,,,,,,,,,,,,,,,
VPN,科学上网,,,,,,,,,,,,,,,,,,,,,,,,,,,,,,
Watch Full,观看完整版,,,,,,,,,,,,,,フル機能搭載,,,,,,,,,,,,,,,,
Watch History,观看历史,,,,,,,,,,,,,,視聴履歴,,,,,,,,,,,,,,,,
Watch live TV in the target language,用目标语言观看电视直播,,,,,,,,,,,,,,ターゲット言語でテレビの生放送を視聴する,대상 언어로 생방송 TV 시청,,,,,,,,,,,,,,,
Watch videos in {l2},观看{l2}视频,,,,,,,,,,,,,,{l2}でビデオを見る,,,,,,,,,,,,,,,,
Watched earlier:,更久前您学习了：,,,,,,,,,,,,,,以前に見た:,,,,,,,,,,,,,,,,
We could not find any Chinese words with the (traditional) Chinese characters “{text}.”,我们找不到任何带有（繁体）汉字 “{text}” 的汉语单词。,,,,,,,,,,,,,,中国語の「(伝統的な)漢字」は見つかりませんでした,,,,,,,,,,,,,,,,
We could not find any Japanese words with the kanji “{text}.”,我们找不到任何带有日语汉字 “{text}” 的日语单词。,,,,,,,,,,,,,,「text」という漢字の日本語は見つかりませんでした,,,,,,,,,,,,,,,,
We could not find any Korean words with the hanja “{text}.”,我们找不到任何带有韩语汉字 “{text}” 的韩语单词。,,,,,,,,,,,,,,韓国語で「(文章)」という単語は見つかりませんでした,,,,,,,,,,,,,,,,
We don’t know about a subreddit for learning {l2} yet.,我们还不知道用于学习 {l2} 的 subreddit。,,,,,,,,,,,,,,,,,,,,,,,,,,,,,,
We support 217 languages,我们支持217种语言,,,,,,,,,,,,,,217言語をサポート,217개 언어를 지원합니다.,,,,,,,,,,,,,,,
We're sending a password reset email which can take up to a minute to arrive. Please check your spam inbox just to make sure.,我们正在发送一封密码重置电子邮件，可能需要一分钟才能到达。请检查您的垃圾邮件收件箱，以确保。,,,,,,,,,,,,,,パスワードリセットのメールをお送りしますので、到着までに1分ほどお時間をいただきます。 念のためスパムメールボックスを確認してください。,도착까지 1분 정도 걸릴 수 있는 비밀번호 재설정 이메일을 보냅니다. 만약을 위해 스팸 받은 편지함을 확인하십시오.,,,,,,,,,,,,,,,
"We're sorry, your payment didn't work this time, please try again.",很抱歉，您的付款尚未完成，请重试。,,,,,,,,,,,,,,申し訳ありませんが、今回はお支払いできませんでした。もう一度お試しください。,죄송합니다. 이번에는 결제가 되지 않았습니다. 다시 시도하십시오.,,,,,,,,,,,,,,,
Web Reader,网页阅读器,,,,,,,,,,,,,,Webリーダー,,,,,,,,,,,,,,,,
Web Translators,翻译器比较,,,,,,,,,,,,,,オンライン翻訳,,,,,,,,,,,,,,,,
WeChat Pay,微信支付,,,,,,,,,,,,,,ウィチャット決済,위챗 결제,,,,,,,,,,,,,,,
"Weekly goal: If you log {numHours} a week, you can reach {goal} in {numWeeks} weeks (about {period} ).",每周目标：如果您每周记录{numHours}，您可以在{numWeeks}周内（约{period}内）达到 {goal}。,,,,,,,,,,,,,,週間目標：1週間に{numHours}を記録すると、{numWeeks}週（約{period}）で{goal}に到達することができます。,,,,,,,,,,,,,,,,
"Welcome {name}, you now enjoy the benefit of a Pro account across all languages.",欢迎 {name}，您现在可以享受 Pro 帐户的功能，学习所有语言。,,,,,,,,,,,,,,,,,,,,,,,,,,,,,,
Welcome back,欢迎再次光临,,,,,,,,,,,,,,おかえりなさい,,,,,,,,,,,,,,,,
"Welcome back, {name}!",欢迎{name}回来！,,,,,,,,,,,,,,おかえりなさい、{name}！,,,,,,,,,,,,,,,,
What do the numbers mean?,这些数字代表着什么？,,,,,,,,,,,,,,数字はどういう意味ですか？,,,,,,,,,,,,,,,,
"What is byeonggi (병기, 倂記)?",什么是并记(병기)?,,,,,,,,,,,,,,ビョンギとは何ですか？,"병기(兵器, 兵器)가 무엇인가요?",,,,,,,,,,,,,,,
What is Hán tự?,什么是越南语汉字?,,,,,,,,,,,,,,ベトナム漢字とは何ですか？,한테가 뭐야?,,,,,,,,,,,,,,,
"What is the {l2} language (also known as {otherNames}, ISO639-3 code {isoCode}, glottolog ID {glottologId})? Could you give a few common phrases in the language, along with IPA transcriptions and {l1} translations?",什么是{l2}这门语言（也称为 {otherNames}、ISO639-3 代码 {isoCode}、glottolog ID {glottologId}）？ 你能提供一些该语言的常用短语，加上国际音标和{l1}翻译吗？,,,,,,,,,,,,,,,,,,,,,,,,,,,,,,
What is your mother tongue (first/native language)?,你的母语（第一语言）是？,,,,,,,,,,,,,,母国語は何ですか?,,,,,,,,,,,,,,,,
What our users say about us,用户对我们的评价,,,,,,,,,,,,,,ユーザーが私たちについて言うこと,사용자가 우리에 대해 말하는 것,,,,,,,,,,,,,,,
What’s New,最新内容,,,,,,,,,,,,,,新着情報,,,,,,,,,,,,,,,,
What’s Popular,流行资讯,,,,,,,,,,,,,,人気の内容,인기 있는 것,,,,,,,,,,,,,,,
What’s your level of {l2}?,您的{l2}水平如何？,,,,,,,,,,,,,,あなたの{l2}熟練度はどのくらいですか。,당신의 {l2} 실력은 어떻습니까?,,,,,,,,,,,,,,,
Which categories of content interest you?,您感兴趣的内容类别是什么？,,,,,,,,,,,,,,どのカテゴリーに興味がありますか,관심 있는 콘텐츠 카테고리가 어떻게 되시나요?,,,,,,,,,,,,,,,
Which language would you like to learn?,你想学哪门语言？,,,,,,,,,,,,,,どの言語を学びたいですか？,,,,,,,,,,,,,,,,
Wiki,维基,,,,,,,,,,,,,,Wiki,,,,,,,,,,,,,,,,
Wikipedia,维基百科,,,,,,,,,,,,,,ウィキペディア,위키백과,,,,,,,,,,,,,,,
Wiktionary,维基词典,,,,,,,,,,,,,,ウィクショナリー,위키백과,,,,,,,,,,,,,,,
Will increase to $119 on Apr 10.,将于4月10日调整为119美元。,,,,,,,,,,,,,,,,,,,,,,,,,,,,,,
"With 600,000 videos in over 200 languages, you will always find something interesting to watch.",有超过200种语言的60万个视频，您总能找到有趣的内容。,,,,,,,,,,,,,,200言語以上の60万本のビデオがあり、いつも面白いコンテンツを見つけることができます。,200 개 이상의 언어로 60 만 개의 비디오가 있으며 항상 재미있는 콘텐츠를 찾을 수 있습니다.,,,,,,,,,,,,,,,
Word Books,单词集,,,,,,,,,,,,,,単語帳,,,,,,,,,,,,,,,,
Word List,单词表,,,,,,,,,,,,,,単語リスト,,,,,,,,,,,,,,,,
Word Lists,单词列表,,,,,,,,,,,,,,単語一覧,단어 목록,,,,,,,,,,,,,,,
Words,单词数,,,,,,,,,,,,,,言葉,,,,,,,,,,,,,,,,
Words related to “{0}”,与 “{0}” 相关的单词,,,,,,,,,,,,,,「{0}」に関連する言葉,,,,,,,,,,,,,,,,
World Language Map,世界语言地图,,,,,,,,,,,,,,,,,,,,,,,,,,,,,,
"Write or paste in some {l2} text, and annotated text will show up below the textbox. You can also use <b>Markdown or HTML tags</b>. Everything is autosaved to your browser’s <code>localStorage</code>, so even if you refresh your browser everything you entered is still here.",在一些英文文本中书写或粘贴，带注释的文本将显示在文本框下方。您也可以使用<b>Markdown</b>或<b>HTML</b>标签。所有内容都会自动保存到浏览器的 <code>localstorage</code> 里，因此即使刷新浏览器，输入的所有内容仍会保留在此。,,,,,,,,,,,,,,一部の{l2}テキストに書き込むか、貼り付けると、テキストボックスの下に注釈が表示されます。 <b>マークダウンまたはHTMLタグ</b>も使用できます。 すべてがブラウザの<code>localStorage</code>に自動保存されているため、ブラウザを更新しても入力した内容はすべてここにあります。,,,,,,,,,,,,,,,,
Yandex,Yandex,,,,,,,,,,,,,,ヤンデックス,,,,,,,,,,,,,,,,
You are already Pro!,你已经是Pro了！,,,,,,,,,,,,,,あなたはもうプロです！,넌 이미 프로야!,,,,,,,,,,,,,,,
You are not Pro yet.,您还不是 Pro。,,,,,,,,,,,,,,あなたはまだProではありません。,,,,,,,,,,,,,,,,
"You can also do this with a bookmarklet: (1) drag this {0} bookmarklet to your bookmarks bar; (2) navigate to a YouTube video page, and click on the bookmarklet to directly import that video into Language Player.",您也可以使用bookmarklet执行此操作：（1）将此{0} bookmarklet拖动到书签栏；（2） 导航到YouTube视频页面，然后单击书签将视频直接导入到Language Player。,,,,,,,,,,,,,,ブックマークレットを使用してこれを行うこともできます。 (1) この{0}ブックマークレットをブックマークバーにドラッグします。 (2) YouTubeビデオページに移動し、ブックマークレットをクリックすると、そのビデオが言語プレーヤーに直接インポートされます。,,,,,,,,,,,,,,,,
You can customize the output in {settings}.,您可以在 {settings} 中自定义输出样式。,,,,,,,,,,,,,,,,,,,,,,,,,,,,,,
You can do power search for patterns with <b>wild cards</b>,您可以使用<b>通配符</b>进行高级样式搜索,,,,,,,,,,,,,,<b>ワイルドカード</b>でパターンのパワーサーチができる,,,,,,,,,,,,,,,,
You can set a different corpus in {0}.,您可以在{0}中选择其它语料库。,,,,,,,,,,,,,,{0}で他のコーパスを設定することができます。,,,,,,,,,,,,,,,,
"You don’t have any words saved yet. Save words by tapping on the ""⭐️ SAVE"" button next to it.",您还没有保存任何字词。 通过点击旁边的“⭐️保存”按钮来保存单词。,,,,,,,,,,,,,,まだ単語が保存されていません。単語の横にある「⭐️ SAVE」ボタンをタップして、単語を保存してください。,,,,,,,,,,,,,,,,
You have been logged out.,您已登出。,,,,,,,,,,,,,,ログアウトされました。,,,,,,,,,,,,,,,,
You have lifetime access to Pro.,您可以终生使用 Pro。,,,,,,,,,,,,,,あなたはProに生涯アクセスできます。,,,,,,,,,,,,,,,,
You have not created any text yet.,您尚未创建任何文本。,,,,,,,,,,,,,,あなたはまだテキストを作成していません。,,,,,,,,,,,,,,,,
You haven't watched any {l2} videos yet.,您尚未观看任何{l2}视频。,,,,,,,,,,,,,,まだ{l2}の動画は見ていません。,,,,,,,,,,,,,,,,
You've spent {time} in Language Player learning {l2}.,您已在Language Player中花了{time}学习{l2}。,,,,,,,,,,,,,,あなたはLanguage Playerで{時間}を費やして{l2}を学習しています。,,,,,,,,,,,,,,,,
Youdao,有道词典,,,,,,,,,,,,,,ユダオ,,,,,,,,,,,,,,,,
Your {l2} Words,你的{l2}单词,,,,,,,,,,,,,,あなたの{l2}。言葉,,,,,,,,,,,,,,,,
Your browser does not support the video tag.,您的浏览器不支持视频标签。,,,,,,,,,,,,,,お使いのブラウザはビデオタグをサポートしていません。,,,,,,,,,,,,,,,,
Your current level,您现在的水平,,,,,,,,,,,,,,あなたの現在のレベル,,,,,,,,,,,,,,,,
Your next goal,您的下一个目标,,,,,,,,,,,,,,あなたの次の目標,,,,,,,,,,,,,,,,
Your Pro has expired on {date}.,您的 Pro 已于{date}过期。,,,,,,,,,,,,,,あなたのプロは{date}で期限切れになりました。,,,,,,,,,,,,,,,,
Your Pro will auto-renew on {date}.,您的 Pro 将在{date}自动续订。,,,,,,,,,,,,,,,,,,,,,,,,,,,,,,
Your Pro will expire on {date}.,您的 Pro 将于{date}到期。,,,,,,,,,,,,,,お客様のProの有効期限は{date}になります。,,,,,,,,,,,,,,,,
YouTube Channel,油管频道,,,,,,,,,,,,,,YouTubeチャンネル,,,,,,,,,,,,,,,,
YouTube Channels,油管频道,,,,,,,,,,,,,,YouTubeチャネル,,,,,,,,,,,,,,,,
YouTube Transcript,学习 YouTube 字幕,,,,,,,,,,,,,,YouTubeのトランスクリプト,,,,,,,,,,,,,,,,
Zero to Hero,英雄,,,,,,,,,,,,,,ゼロ·トゥ·ヒーロー,,,,,,,,,,Cero al héroe,,,,,,
Quiz Mode,测验模式,,,,,,,,,,,,,,,,,,,,,,,,,,,,,,
Show Definition,显示定义,,,,,,,,,,,,,,,,,,,,,,,,,,,,,,
Show Translation,显示翻译,,,,,,,,,,,,,,,,,,,,,,,,,,,,,,
Show Gloss for Saved,显示已保存单词释义,,,,,,,,,,,,,,,,,,,,,,,,,,,,,,
Smaller,更小,,,,,,,,,,,,,,,,,,,,,,,,,,,,,,
Bigger,更大,,,,,,,,,,,,,,,,,,,,,,,,,,,,,,
SPACE BAR,空格,,,,,,,,,,,,,,,,,,,,,,,,,,,,,,
Playback Speed: {speed}x,播放倍速：{speed}x,,,,,,,,,,,,,,,,,,,,,,,,,,,,,,
Previous,上一个,,,,,,,,,,,,,,,,,,,,,,,,,,,,,,
Next,下一个,,,,,,,,,,,,,,,,,,,,,,,,,,,,,,
Previous Chapter,上一章,,,,,,,,,,,,,,,,,,,,,,,,,,,,,,
Next Chapter,下一章,,,,,,,,,,,,,,,,,,,,,,,,,,,,,,
Previous Sentence,上一句,,,,,,,,,,,,,,,,,,,,,,,,,,,,,,
Next Sentence,下一句,,,,,,,,,,,,,,,,,,,,,,,,,,,,,,
Previous Page,上一页,,,,,,,,,,,,,,,,,,,,,,,,,,,,,,
Next Page,下一页,,,,,,,,,,,,,,,,,,,,,,,,,,,,,,
We currently do not have any blog articles on {l2}.,我们目前没有关于{l2}的博客文章。,,,,,,,,,,,,,,,,,,,,,,,,,,,,,,
"We warmly welcome your contributions. If you would like to submit an article, please contact us. Thank you for your support!",我们非常欢迎您提供投稿。如果想提交文章，请与我们联系。谢谢您的支持！,,,,,,,,,,,,,,,,,,,,,,,,,,,,,,
Choose an ebook (.epub) to open:,选择要打开的电子书 (.epub)：,,,,,,,,,,,,,,,,,,,,,,,,,,,,,,
Language Player Video Stats by Language,Language Player 按语言分类视频统计,,,,,,,,,,,,,,,,,,,,,,,,,,,,,,
Show Hanja,显示韩语汉字,,,,,,,,,,,,,,,,,,,,,,,,,,,,,,
Show Han Tự,显示越南语汉字,,,,,,,,,,,,,,,,,,,,,,,,,,,,,,
Hide Hanja,隐藏韩语汉字,,,,,,,,,,,,,,,,,,,,,,,,,,,,,,
Hide Han Tự,隐藏越南语汉字,,,,,,,,,,,,,,,,,,,,,,,,,,,,,,
Word forms of “{word}”,“{word}” 的变形,,,,,,,,,,,,,,,,,,,,,,,,,,,,,,
Choose Search Terms,选择搜索关键词,,,,,,,,,,,,,,,,,,,,,,,,,,,,,,
"Registration successful. Welcome aboard, {name}!",注册成功。 欢迎加入，{name}！,,,,,,,,,,,,,,,,,,,,,,,,,,,,,,
"Your email {email} has already been registered, please login.",您的邮箱 {email} 已经注册过了，请登录。,,,,,,,,,,,,,,,,,,,,,,,,,,,,,,
Learn anywhere with our native apps.,使用我们的原生应用程序随时随地学习。,,,,,,,,,,,,,,,,,,,,,,,,,,,,,,
"Available on iOS, iPadOS, Android, macOS and Windows.",适用于 iOS、iPadOS、Android、macOS 和 Windows。,,,,,,,,,,,,,,,,,,,,,,,,,,,,,,
Download the desktop app for macOS.,下载适用于 macOS 的桌面应用程序。,,,,,,,,,,,,,,,,,,,,,,,,,,,,,,
Download the desktop app for Windows.,下载适用于 Windows 的桌面应用程序。,,,,,,,,,,,,,,,,,,,,,,,,,,,,,,
Download on the App Store.,在 App Store 下载。,,,,,,,,,,,,,,,,,,,,,,,,,,,,,,
Download on Google Play.,在 Google Play 下载。,,,,,,,,,,,,,,,,,,,,,,,,,,,,,,
You’re now Pro!,你现在是 Pro 了！,,,,,,,,,,,,,,,,,,,,,,,,,,,,,,
Your upgrade was successful. Please login again to activate your Pro features.,您的升级已成功。 请重新登录以激活您的 Pro 功能。,,,,,,,,,,,,,,,,,,,,,,,,,,,,,,
Login with Pro,使用 Pro 登录,,,,,,,,,,,,,,,,,,,,,,,,,,,,,,
Email verified.,电子邮件已验证。,,,,,,,,,,,,,,,,,,,,,,,,,,,,,,
Enter your new password:,输入您的新密码：,,,,,,,,,,,,,,,,,,,,,,,,,,,,,,
Reset Password,重设密码,,,,,,,,,,,,,,,,,,,,,,,,,,,,,,
Changing your password...,正在更改密码……,,,,,,,,,,,,,,,,,,,,,,,,,,,,,,
"Your password has been updated, please login.",您的密码已更新，请登录。,,,,,,,,,,,,,,,,,,,,,,,,,,,,,,
Password reset token is missing.,密码重置令牌缺失。,,,,,,,,,,,,,,,,,,,,,,,,,,,,,,
Only showing content made for kids.,仅显示面向儿童的内容。,,,,,,,,,,,,,,,,,,,,,,,,,,,,,,
No resource found in this category. Contact us if you have any to suggest.,在此类别中找不到资源。 如果您有任何建议，请联系我们。,,,,,,,,,,,,,,,,,,,,,,,,,,,,,,
You don't have any books on your bookshelf.,你的书架上没有任何书。,,,,,,,,,,,,,,,,,,,,,,,,,,,,,,
Search my bookshelf,搜索我的书架,,,,,,,,,,,,,,,,,,,,,,,,,,,,,,
Remove from Bookshelf,从书架上移除,,,,,,,,,,,,,,,,,,,,,,,,,,,,,,
Browse books,浏览书籍,,,,,,,,,,,,,,,,,,,,,,,,,,,,,,
Popular search terms in {l2}:,热门{l2}关键词：,,,,,,,,,,,,,,,,,,,,,,,,,,,,,,
"Search for ""{term}"" in video subtitles",在视频字幕中搜索“{term}”,,,,,,,,,,,,,,,,,,,,,,,,,,,,,,
You haven't studied any {l2} videos yet.,您还没有学习过任何{l2}视频。,,,,,,,,,,,,,,,,,,,,,,,,,,,,,,
Please login to verify your Pro status.,请登录以确认您的 Pro 状态。,,,,,,,,,,,,,,,,,,,,,,,,,,,,,,
"If you’ve purchased Pro but the system did not update your account, please contact us:",如果您购买了 Pro 但系统为将您的账户升级，请联系我们：,,,,,,,,,,,,,,,,,,,,,,,,,,,,,,
Checking your Pro subscription...,正在检查您的 Pro 订阅...,,,,,,,,,,,,,,,,,,,,,,,,,,,,,,
Do Pop Quiz ({n}),做小测验（{n}个）,,,,,,,,,,,,,,,,,,,,,,,,,,,,,,
Prev Question,上个问题,,,,,,,,,,,,,,,,,,,,,,,,,,,,,,
Next Question,下个问题,,,,,,,,,,,,,,,,,,,,,,,,,,,,,,
"Sorry, but you need to login again.",抱歉，您需要重新登录。,,,,,,,,,,,,,,,,,,,,,,,,,,,,,,
Collocations with “{term}” and “{compareTerm}”,与“{term}”和“{compareTerm}”的搭配,,,,,,,,,,,,,,,,,,,,,,,,,,,,,,
(no common definitions),（没有共同的定义）,,,,,,,,,,,,,,,,,,,,,,,,,,,,,,
"Language Player is an innovative language learning platform designed to help you master a new language through engaging video content. With its unique subtitle-based learning approach, Language Player immerses you in authentic videos that cater to your interests and skill level. Our platform offers an extensive library of TV shows, movies, and talks to make language learning not just effective, but also fun and enjoyable.",Language Player 是一个创新的语言学习平台，旨在帮助您通过吸引人的视频内容掌握一门新语言。通过独特的基于字幕的学习方法，Language Player 让您沉浸在符合您兴趣和技能水平的真实视频中。我们的平台提供了丰富的电视节目、电影和演讲库，使语言学习不仅有效，而且有趣、愉快。,,,,,,,,,,,,,,,,,,,,,,,,,,,,,,
Version Information,版本信息,,,,,,,,,,,,,,,,,,,,,,,,,,,,,,
NO SUBS,无字幕,,,,,,,,,,,,,,,,,,,,,,,,,,,,,,
Hanja,显示汉字,,,,,,,,,,,,,,,,,,,,,,,,,,,,,,
Enter words separated by commas or new lines,输入以逗号或换行符分隔的单词,,,,,,,,,,,,,,,,,,,,,,,,,,,,,,
Add to Playlist,添加到播放列表,,,,,,,,,,,,,,,,,,,,,,,,,,,,,,
New Playlist ...,新播放列表...,,,,,,,,,,,,,,,,,,,,,,,,,,,,,,
New Playlist Name,新播放列表名称,,,,,,,,,,,,,,,,,,,,,,,,,,,,,,
Enter a name for the playlist,输入播放列表的名称,,,,,,,,,,,,,,,,,,,,,,,,,,,,,,
Add,添加,,,,,,,,,,,,,,,,,,,,,,,,,,,,,,
Cancel,取消,,,,,,,,,,,,,,,,,,,,,,,,,,,,,,
Select a Playlist:,选择一个播放列表：,,,,,,,,,,,,,,,,,,,,,,,,,,,,,,
My Playlists,我的播放列表,,,,,,,,,,,,,,,,,,,,,,,,,,,,,,
{num} Videos,{num} 个视频,,,,,,,,,,,,,,,,,,,,,,,,,,,,,,
You have not created any playlists for {l2}.,您还没有创建任何{l2}的播放列表。,,,,,,,,,,,,,,,,,,,,,,,,,,,,,,
Loading Playlists...,正在加载播放列表...,,,,,,,,,,,,,,,,,,,,,,,,,,,,,,
Playlist added.,已添加播放列表。,,,,,,,,,,,,,,,,,,,,,,,,,,,,,,
Playlist deleted.,播放列表已删除。,,,,,,,,,,,,,,,,,,,,,,,,,,,,,,
"Sorry, there was an error deleting the playlist.",抱歉，删除播放列表时出错。,,,,,,,,,,,,,,,,,,,,,,,,,,,,,,
Are you sure you want to delete this playlist?,您确定要删除此播放列表吗？,,,,,,,,,,,,,,,,,,,,,,,,,,,,,,
Delete Playlist,删除播放列表,,,,,,,,,,,,,,,,,,,,,,,,,,,,,,
Playlist: {title},播放列表：{title},,,,,,,,,,,,,,,,,,,,,,,,,,,,,,
Open Playlist ,打开播放列表,,,,,,,,,,,,,,,,,,,,,,,,,,,,,,
Playlist updated.,播放列表已更新。,,,,,,,,,,,,,,,,,,,,,,,,,,,,,,
Remove,消除,,,,,,,,,,,,,,,,,,,,,,,,,,,,,,
Are you sure you want to delete this video from the playlist?,您确定要从播放列表中删除该视频吗？,,,,,,,,,,,,,,,,,,,,,,,,,,,,,,
hours,小时,,,,,,,,,,,,,,,,,,,,,,,,,,,,,,
Set,设定,,,,,,,,,,,,,,,,,,,,,,,,,,,,,,
You have changed your proficiency level. Would you like to reset your {l2} learning hours to zero?,您已经改变了您的语言级别。 想将您的{l2}学习时间重置为零吗？,,,,,,,,,,,,,,,,,,,,,,,,,,,,,,
Proficiency Level Changed,语言级别已更改,,,,,,,,,,,,,,,,,,,,,,,,,,,,,,
Reset Hours to Zero,将小时数重置为零,,,,,,,,,,,,,,,,,,,,,,,,,,,,,,
Keep Current Hours,保持当前小时数,,,,,,,,,,,,,,,,,,,,,,,,,,,,,,
Download Subs,下载字幕,,,,,,,,,,,,,,,,,,,,,,,,,,,,,,
Subtitles,字幕,,,,,,,,,,,,,,,,,,,,,,,,,,,,,,
"Enter {l2} keywords to search, or a YouTube ID or URL to import",输入{l2}关键字进行搜索，或输入 YouTube ID 或 URL 进行导入,,,,,,,,,,,,,,,,,,,,,,,,,,,,,,
Redirecting to video...,正在重定向到视频...,,,,,,,,,,,,,,,,,,,,,,,,,,,,,,
Redirecting to playlist...,正在重定向到播放列表...,,,,,,,,,,,,,,,,,,,,,,,,,,,,,,
Pay & Upgrade to Pro Now,付费并升级到 Pro,,,,,,,,,,,,,,,,,,,,,,,,,,,,,,
Look up as Phrase,以短语查找,,,,,,,,,,,,,,,,,,,,,,,,,,,,,,
Your account is not logged in. Please log in to purchase.,您的帐户未登录。请登录后购买。,,,,,,,,,,,,,,,,,,,,,,,,,,,,,,
Copied!,已复制！,,,,,,,,,,,,,,,,,,,,,,,,,,,,,,
{num} words found:,已找到{num}个词：,,,,,,,,,,,,,,,,,,,,,,,,,,,,,,
"{name}, your iOS in-app purchase was successful.",{name}，您的 iOS 应用内购买成功。,,,,,,,,,,,,,,,,,,,,,,,,,,,,,,
Show Previous {n} Phrases,显示上{n}个短语,,,,,,,,,,,,,,,,,,,,,,,,,,,,,,