eng,zho,afr,ara,cat,deu,ell,fin,fra,gle,hin,hrv,hun,ind,ita,jpn,kor,nld,nor,pol,por,ron,rus,spa,srp,swa,swe,tha,tur,vie,amh,asm,aze,bul,ben,bod,bos,ces,cym,dan,dsb,div,est,eus,fas,fil,fij,fao,glg,gom,guj,hau,heb,hsb,hat,hye,ibo,ikt,isl,iku,kat,kaz,khm,kmr,kan,kur,kir,lin,lao,lit,lav,lzh,mai,mlg,mri,mkd,mon,mar,msa,mlt,mww,mya,nob,nep,nso,ori,otq,pan,prs,pus,kin,snd,sin,slk,slv,smo,sna,som,sqi,sot,tam,tel,tir,tuk,tlh,tsn,ton,tat,tah,uig,ukr,uzb,xho,yor,yua,yue,zul
en,zh,af,ar,ca,de,el,fi,fr,ga,hi,hr,hu,id,it,ja,ko,nl,no,pl,pt,ro,ru,es,sr,sw,sv,th,tr,vi,am,as,az,bg,bn,bo,bs,cs,cy,da,dsb,dv,et,eu,fa,fil,fj,fo,gl,gom,gu,ha,he,hsb,ht,hy,ig,ikt,is,iu,ka,kk,km,kmr,kn,ku,ky,ln,lo,lt,lv,lzh,mai,mg,mi,mk,mn,mr,ms,mt,mww,my,nb,ne,nso,or,otq,pa,prs,ps,rw,sd,si,sk,sl,sm,sn,so,sq,st,ta,te,ti,tk,tlh,tn,to,tt,ty,ug,uk,uz,xh,yo,yua,yue,zu
6 Best Loved Spanish Literary Classics,六大最受欢迎的西班牙文学经典,6 Beste geliefde Spaanse literêre klassieke,6 أفضل كلاسيكيات أدبية إسبانية محبوبة,6 clàssics literaris espanyols més estimats,Die 6 beliebtesten spanischen Literaturklassiker,6 πιο αγαπημένα ισπανικά λογοτεχνικά κλασικά,6 rakastetuinta espanjalaista kirjallisuuden klassikkoa,6 classiques littéraires espagnols les plus appréciés,6 Clasaicí Liteartha na Spáinne is Fearr Grá,6 सर्वश्रेष्ठ पसंदीदा स्पेनिश साहित्यिक क्लासिक्स,6 najomiljenijih španjolskih književnih klasika,6 legkedveltebb spanyol irodalmi klasszikus,6 Sastra Klasik Spanyol yang Paling Dicintai,I 6 classici della letteratura spagnola più amati,最も愛されているスペイン文学の古典6選,가장 사랑받는 스페인 문학 고전 6선,6 meest geliefde Spaanse literaire klassiekers,6 best elskede spanske litterære klassikere,6 najbardziej lubianych hiszpańskich klasyków literatury,6 Clássicos Literários Espanhóis Mais Amados,6 cei mai iubiți clasici literari spanioli,6 самых любимых классических произведений испанской литературы,Los 6 clásicos literarios españoles más queridos,6 najomiljenijih španskih književnih klasika,6 Classics bora za fasihi ya Kihispania,6 mest älskade spanska litterära klassiker,6 วรรณกรรมคลาสสิกสเปนที่รักที่สุด,En Sevilen 6 İspanyol Edebi Klasiği,6 tác phẩm văn học kinh điển Tây Ban Nha được yêu thích nhất,,,,,,,,,,,,,,,,,,,,,,,,,,,,,,,,,,,,,,,,,,,,,,,,,,,,,,,,,,,,,,,,,,,,,,,,,,,,,,,,,,,,,,,
Adventure,冒险,Avontuur,مغامرة,Aventura,Abenteuer,Περιπέτεια,Seikkailu,Aventure,Eachtraíocht,साहसिक कार्य,Pustolovina,Kaland,Petualangan,Avventura,冒険,모험,Avontuur,Eventyr,Przygoda,Aventura,Aventură,Приключение,Aventura,Avantura,Adventure,Äventyr,การผจญภัย,Macera,Mạo hiểm,,,,,,,,,,,,,,,,,,,,,,,,,,,,,,,,,,,,,,,,,,,,,,,,,,,,,,,,,,,,,,,,,,,,,,,,,,,,,,,,,,,,,,,
Africa,非洲,Afrika,أفريقيا,Àfrica,Afrika,Αφρική,Afrikka,Afrique,An Afraic,अफ़्रीका,Afrika,Afrika,Afrika,Africa,アフリカ,아프리카,Afrika,Afrika,Afryka,África,Africa,Африка,África,Africi,Afrika,Afrika,แอฟริกา,Afrika,Châu Phi,,,,,,,,,,,,,,,,,,,,,,,,,,,,,,,,,,,,,,,,,,,,,,,,,,,,,,,,,,,,,,,,,,,,,,,,,,,,,,,,,,,,,,,
African American Writers,非洲裔美国作家,Afro -Amerikaanse skrywers,الكتاب الأمريكيون من أصل أفريقي,Escriptors afroamericans,Afroamerikanische Schriftsteller,Αφροαμερικανοί συγγραφείς,Afrikkalaisamerikkalaiset kirjailijat,Écrivains afro-américains,Scríbhneoirí Afracacha Meiriceánacha,अफ्रीकी अमेरिकी लेखक,Afroamerički pisci,Afroamerikai írók,Penulis Afrika-Amerika,Scrittori afroamericani,アフリカ系アメリカ人の作家,아프리카계 미국인 작가,Afro-Amerikaanse schrijvers,Afroamerikanske forfattere,Pisarze afroamerykańscy,Escritores afro-americanos,Scriitori afro-americani,Афроамериканские писатели,Escritores afroamericanos,Afroamerički pisci,Waandishi wa Kiafrika wa Amerika,Afroamerikanska författare,นักเขียนแอฟริกันอเมริกัน,Afro-Amerikan Yazarlar,Nhà văn người Mỹ gốc Phi,,,,,,,,,,,,,,,,,,,,,,,,,,,,,,,,,,,,,,,,,,,,,,,,,,,,,,,,,,,,,,,,,,,,,,,,,,,,,,,,,,,,,,,
Animal,动物,Dier,,Animal,Tier,Ζώο,Eläin,Animal,Ainmhí,जानवर,Životinja,Állat,Binatang,Animale,動物,동물,Dier,Dyr,Zwierzę,Animal,Animal,Животное,Animal,Životinja,Wanyama,Djur,,Hayvan,Con vật,,,,,,,,,,,,,,,,,,,,,,,,,,,,,,,,,,,,,,,,,,,,,,,,,,,,,,,,,,,,,,,,,,,,,,,,,,,,,,,,,,,,,,,
Animals-Domestic,家养动物,Diere-huishoudelike,الداجنة,Animals-Domèstics,Tiere-Haustiere,Ζώα-Κατοικίδια,Eläimet-kotieläimet,Animaux domestiques,Ainmhithe-Baile,पशु-घरेलू,Životinje-domaće,Állatok-Házi,Hewan-Domestik,Animali-Domestici,動物-家畜,동물-국내,Dieren-Huishoudelijk,Dyr-Husdyr,Zwierzęta-Domowe,Animais-Domésticos,Animale-domestice,Животные-Домашние,Animales-Domésticos,Životinje-Domaće,Wanyama-Domestic,Djur-Hushåll,สัตว์-ในประเทศ,Hayvanlar-Evcil,Động vật-Trong nước,,,,,,,,,,,,,,,,,,,,,,,,,,,,,,,,,,,,,,,,,,,,,,,,,,,,,,,,,,,,,,,,,,,,,,,,,,,,,,,,,,,,,,,
Animals-Wild-Birds,野生鸟类,Diere-wilde-voëls,البرية الطيور,Animals-Ocells-Salvatges,Tiere-Wildvögel,Ζώα-Άγρια-Πουλιά,Eläimet-luonnonvaraiset linnut,Animaux-Oiseaux-Sauvages,Ainmhithe-Éin Fhiáine,पशु-जंगली-पक्षी,Životinje-divlje ptice,Állatok-Vadon élő madarak,Hewan-Liar-Burung,Animali-Uccelli-selvatici,動物-野-鳥,동물-야생-조류,Dieren-Wilde-Vogels,Dyr-villfugler,Zwierzęta-Dzikie-Ptaki,Animais-Pássaros-Selvagens,Animale-Păsări sălbatice,Животные-Дикие-Птицы,Animales-Aves Silvestres,Životinje-divlje ptice,Wanyama-Wanyama-Birds,Djur-Vilda-Fåglar,สัตว์-นกป่า,Hayvanlar-Yabani-Kuşlar,Động vật-Hoang dã-Chim,,,,,,,,,,,,,,,,,,,,,,,,,,,,,,,,,,,,,,,,,,,,,,,,,,,,,,,,,,,,,,,,,,,,,,,,,,,,,,,,,,,,,,,
Architecture,建筑,Argitektuur,معمار,Arquitectura,Architektur,Αρχιτεκτονική,Arkkitehtuuri,Architecture,Ailtireacht,स्‍थापत्‍यशैली,Arhitektura,Építészet,Arsitektur,Architettura,建築,건축학,Architectuur,Arkitektur,Architektura,Arquitetura,Arhitectură,Архитектура,Arquitectura,Arhitektura,Usanifu,Arkitektur,สถาปัตยกรรม,Mimarlık,Kiến trúc,,,,,,,,,,,,,,,,,,,,,,,,,,,,,,,,,,,,,,,,,,,,,,,,,,,,,,,,,,,,,,,,,,,,,,,,,,,,,,,,,,,,,,,
Art,艺术,Kuns,فن,Art,Kunst,Τέχνη,Taide,Art,Ealaín,कला,Umjetnost,Művészet,Seni,Arte,芸術,예술,Kunst,Kunst,Sztuka,Arte,Artă,Искусство,Arte,Umetnost,Sanaa,Konst,ศิลป์,Sanat,Thuật,,,,,,,,,,,,,,,,,,,,,,,,,,,,,,,,,,,,,,,,,,,,,,,,,,,,,,,,,,,,,,,,,,,,,,,,,,,,,,,,,,,,,,,
Arthurian Legends,亚瑟王传奇,Arthur-legendes,أساطير آرثر,Llegendes artúriques,Artus-Legenden,Θρύλοι του Αρθούρου,Arthurin legendat,Légendes arthuriennes,Finscéalta Arthurian,आर्थरियन महापुरूष,Arthurske legende,Artúri legendák,Legenda Arthurian,Leggende arturiane,アーサー王伝説,아서왕 전설,Arthur-legendes,Legender om kong Arthur,Legendy arturiańskie,Lendas Arturianas,Legendele arthuriene,Легенды о короле Артуре,Leyendas artúricas,Arturijske legende,Hadithi ya Arthurian,Arthurs legender,ตํานานอาเธอร์,Arthur Efsaneleri,Truyền thuyết Arthur,,,,,,,,,,,,,,,,,,,,,,,,,,,,,,,,,,,,,,,,,,,,,,,,,,,,,,,,,,,,,,,,,,,,,,,,,,,,,,,,,,,,,,,
Atheism,无神论,Ateïsme,إلحاد,Ateisme,Atheismus,Αθεϊσμός,Ateismi,Athéisme,Aindiachas,निरीश्‍वरवाद,Ateizam,Ateizmus,Ateisme,Ateismo,無神論,무신론,Atheïsme,Ateisme,Ateizm,Ateísmo,Ateism,Атеизм,Ateísmo,Ateizam,Ukanaji Mungu,Ateism,อเทวนิยม,Ateizm,Thuyết vô thần,,,,,,,,,,,,,,,,,,,,,,,,,,,,,,,,,,,,,,,,,,,,,,,,,,,,,,,,,,,,,,,,,,,,,,,,,,,,,,,,,,,,,,,
Banned Books from Anne Haight's list,安妮·海特禁书列表,Verbode boeke uit Anne Haight se lys,الكتب المحظورة من قائمة آن هايت,Llibres prohibits de la llista d'Anne Haight,Verbotene Bücher von Anne Haights Liste,Απαγορευμένα βιβλία από τη λίστα της Anne Haight,Kielletyt kirjat Anne Haightin listalta,Livres interdits de la liste d’Anne Haight,Leabhair toirmiscthe ó liosta Anne Haight,ऐनी हाईट की सूची से प्रतिबंधित पुस्तकें,Zabranjene knjige s popisa Anne Haight,Kitiltott könyvek Anne Haight listájáról,Buku Terlarang dari daftar Anne Haight,Libri banditi dalla lista di Anne Haight,Anne Haight's listの禁止図書,Anne Haight의 목록에서 금지 된 책,Verbannen boeken van de lijst van Anne Haight,Forbudte bøker fra Anne Haights liste,Zakazane książki z listy Anne Haight,Livros banidos da lista de Anne Haight,Cărți interzise de pe lista Annei Haight,Запрещенные книги из списка Энн Хейт,Libros prohibidos de la lista de Anne Haight,Zabranjene knjige sa liste En Hejt,Vitabu vilivyopigwa marufuku kutoka kwenye orodha ya Anne Haight,Förbjudna böcker från Anne Haights lista,หนังสือต้องห้ามจากรายการของ Anne Haight,Anne Haight'ın Listesinden Yasaklı Kitaplar,Sách bị cấm trong danh sách của Anne Haight,,,,,,,,,,,,,,,,,,,,,,,,,,,,,,,,,,,,,,,,,,,,,,,,,,,,,,,,,,,,,,,,,,,,,,,,,,,,,,,,,,,,,,,
Banned Books List from the American Library Association,美国图书馆协会禁书列表,Lys van verbode boeke van die American Library Association,قائمة الكتب المحظورة من جمعية المكتبات الأمريكية,Llista de llibres prohibits de l'American Library Association,Liste verbotener Bücher der American Library Association,Κατάλογος απαγορευμένων βιβλίων από την Αμερικανική Ένωση Βιβλιοθηκών,American Library Associationin kiellettyjen kirjojen luettelo,Liste des livres interdits de l’American Library Association,Liosta Leabhar Toirmiscthe ón American Library Association,अमेरिकन लाइब्रेरी एसोसिएशन से प्रतिबंधित पुस्तकों की सूची,Popis zabranjenih knjiga Američkog udruženja knjižnica,Az Amerikai Könyvtárszövetség tiltott könyveinek listája,Daftar Buku Terlarang dari American Library Association,Elenco dei libri vietati dall'American Library Association,アメリカ図書館協会の禁止図書リスト,미국 도서관 협회(American Library Association)의 금지 도서 목록,Lijst met verboden boeken van de American Library Association,Liste over forbudte bøker fra American Library Association,Lista zakazanych książek od Amerykańskiego Stowarzyszenia Bibliotek,Lista de livros proibidos da Associação Americana de Bibliotecas,Lista cărților interzise de la Asociația Bibliotecilor Americane,Список запрещенных книг Американской библиотечной ассоциации,Lista de libros prohibidos de la Asociación Americana de Bibliotecas,Lista zabranjenih knjiga iz Udruženja američkih biblioteka,Orodha ya Vitabu vilivyopigwa marufuku kutoka Jumuiya ya Maktaba ya Amerika,Lista över förbjudna böcker från American Library Association,รายชื่อหนังสือต้องห้ามจากสมาคมห้องสมุดอเมริกัน,Amerikan Kütüphane Derneği'nden Yasaklı Kitaplar Listesi,Danh sách sách bị cấm từ Hiệp hội Thư viện Hoa Kỳ,,,,,,,,,,,,,,,,,,,,,,,,,,,,,,,,,,,,,,,,,,,,,,,,,,,,,,,,,,,,,,,,,,,,,,,,,,,,,,,,,,,,,,,
Best Books Ever Listings,有史以来最佳图书排行,Beste boeke ooit lyste,أفضل قوائم الكتب على الإطلاق,Els millors llibres de la història de la llista,Die besten Bücher aller Zeiten,Καλύτερες καταχωρήσεις βιβλίων ποτέ,Kaikkien aikojen parhaat kirjaluettelot,Liste des meilleurs livres de tous les temps,Na Leabhair is Fearr Riamh Liostaí,सर्वश्रेष्ठ पुस्तकें कभी लिस्टिंग,Najbolji popisi knjiga ikad,A valaha volt legjobb könyvek listája,Daftar Buku Terbaik yang Pernah Ada,I migliori libri di sempre,史上最高の書籍リスト,최고의 책 목록,Beste Boeken Ooit Listings,Beste bøker noensinne oppføringer,Najlepsze oferty książek w historii,Melhores Livros de Todos os Tempos,Cele mai bune listări de cărți vreodată,Списки лучших книг всех времен,Listados de los mejores libros de todos los tiempos,Najbolji rasporedi knjiga ikada,Vitabu Bora Zaidi Orodha ya Vitabu,Listor över de bästa böckerna någonsin,รายชื่อหนังสือที่ดีที่สุดเท่าที่เคยมีมา,Şimdiye Kadarki En İyi Kitaplar Listeleri,Sách hay nhất từ trước đến nay Danh sách,,,,,,,,,,,,,,,,,,,,,,,,,,,,,,,,,,,,,,,,,,,,,,,,,,,,,,,,,,,,,,,,,,,,,,,,,,,,,,,,,,,,,,,
"Bestsellers, American, 1895-1923",美国畅销书，1895-1923,"Topverkopers, Amerikaans, 1895-1923",الكتب الأكثر مبيعا، أمريكية، 1895-1923,"Best-sellers, americà, 1895-1923","Bestseller, amerikanisch, 1895-1923","Μπεστ σέλερ, Αμερικανός, 1895-1923","Bestsellerit, amerikkalainen, 1895-1923","Best-sellers, américains, 1895-1923","Bestsellers, Meiriceánach, 1895-1923","बेस्टसेलर, अमेरिकन, 1895-1923","Bestseleri, američki, 1895-1923","Bestsellerek, amerikai, 1895-1923","Buku terlaris, Amerika, 1895-1923","Bestseller, Americano, 1895-1923",ベストセラー、アメリカ、1895-1923,"베스트셀러, 미국, 1895-1923","Bestsellers, Amerikaans, 1895-1923","Bestselgere, amerikansk, 1895-1923","Bestsellery, amerykańskie, 1895-1923","Mais vendidos, Americano, 1895-1923","Bestselleruri, american, 1895-1923","Бестселлеры, американские, 1895-1923 гг.","Bestsellers, americanos, 1895-1923","Bestseleri, Amerikanac, 1895-1923","Wafanyabiashara wa Marekani, 1895-1923","Bästsäljare, amerikanska, 1895-1923","สินค้าขายดี, อเมริกัน, 1895-1923","En çok satanlar, Amerikan, 1895-1923","Bán chạy nhất, Mỹ, 1895-1923",,,,,,,,,,,,,,,,,,,,,,,,,,,,,,,,,,,,,,,,,,,,,,,,,,,,,,,,,,,,,,,,,,,,,,,,,,,,,,,,,,,,,,,
Bibliomania,藏书癖,Bibliomania,هوس الكتب,Bibliomania,Bibliomanie,Βιβλιομανία,Bibliomania,Bibliomanie,Bibliomania,बिब्लियोमेनिया,Bibliomanija,Bibliománia,Bibliomania,Bibliomania,ビブリオマニア,장서벽,Bibliomanie,Bibliomani,Bibliomania,Bibliomania,Bibliomania,Библиомания,Bibliomanía,Bibliomanija,Bibliomania,Bibliomani,บรรณานุกรม,Bibliyomani,Tài liệu tham khảo,,,,,,,,,,,,,,,,,,,,,,,,,,,,,,,,,,,,,,,,,,,,,,,,,,,,,,,,,,,,,,,,,,,,,,,,,,,,,,,,,,,,,,,
Biology,生物学,Biologie,بيولوجيا,Biologia,Biologie,Βιολογία,Biologia,Biologie,Bitheolaíocht,जीवविज्ञान,Biologija,Biológia,Biologi,Biologia,生物学,생물학,Biologie,Biologi,Biologia,Biologia,Biologie,Биология,Biología,Biologija,Biolojia,Biologi,ชีววิทยา,Biyoloji,Sinh học,,,,,,,,,,,,,,,,,,,,,,,,,,,,,,,,,,,,,,,,,,,,,,,,,,,,,,,,,,,,,,,,,,,,,,,,,,,,,,,,,,,,,,,
Canada,加拿大,Kanada,كندا,Canadà,Kanada,Καναδάς,Kanada,Canada,Ceanada,कनाडा,Kanada,Kanada,Kanada,Canada,カナダ,캐나다,Canada,Canada,Kanada,Canadá,Canada,Канада,Canadá,Kanada,Kanada,Kanada,แคนาดา,Kanada,Canada,,,,,,,,,,,,,,,,,,,,,,,,,,,,,,,,,,,,,,,,,,,,,,,,,,,,,,,,,,,,,,,,,,,,,,,,,,,,,,,,,,,,,,,
Children's Fiction,儿童小说,Kinderfiksie,أدب الأطفال,Ficció infantil,Kinderliteratur,Παιδική Λογοτεχνία,Lasten kaunokirjallisuus,Fiction pour enfants,Ficsean do Pháistí,बच्चों की कथा,Dječja fikcija,Gyermekirodalom,Fiksi Anak-Anak,Narrativa per bambini,子供向けフィクション,아동 소설,Fictie voor kinderen,Skjønnlitteratur for barn,Literatura dziecięca,Ficção Infantil,Ficțiune pentru copii,Детская художественная литература,Ficción infantil,Dečija fantastika,Fiction ya watoto,Skönlitteratur för barn,นิยายเด็ก,Çocuk Kurgu,Tiểu thuyết thiếu nhi,,,,,,,,,,,,,,,,,,,,,,,,,,,,,,,,,,,,,,,,,,,,,,,,,,,,,,,,,,,,,,,,,,,,,,,,,,,,,,,,,,,,,,,
Children's History,儿童历史,Kinders se geskiedenis,تاريخ الأطفال,Història dels nens,Kindergeschichte,Ιστορία των παιδιών,Lasten historia,Histoire des enfants,Stair na bPáistí,बच्चों का इतिहास,Dječja povijest,Gyermektörténet,Sejarah Anak,Storia dei bambini,子供の歴史,어린이의 역사,Geschiedenis van kinderen,Barnas historie,Historia dzieci,História das Crianças,Istoria copiilor,История детей,Historia de los niños,Dečija istorija,Historia ya watoto,Barnens historia,ประวัติเด็ก,Çocuk Tarihi,Lịch sử trẻ em,,,,,,,,,,,,,,,,,,,,,,,,,,,,,,,,,,,,,,,,,,,,,,,,,,,,,,,,,,,,,,,,,,,,,,,,,,,,,,,,,,,,,,,
Children's Literature,儿童文学,Kinderliteratuur,أدب الأطفال,Literatura infantil,Kinderliteratur,Παιδική Λογοτεχνία,Lastenkirjallisuus,Littérature pour enfants,Litríocht do Pháistí,बाल साहित्य,Dječja književnost,Gyermekirodalom,Sastra Anak,Letteratura per l'infanzia,児童文学,아동문학,Kinderliteratuur,Barnelitteratur,Literatura dziecięca,Literatura Infantil,Literatură pentru copii,Детская литература,Literatura Infantil,Dečija književnost,Fasihi ya watoto,Barnlitteratur,วรรณกรรมเด็ก,Çocuk Edebiyatı,Văn học thiếu nhi,,,,,,,,,,,,,,,,,,,,,,,,,,,,,,,,,,,,,,,,,,,,,,,,,,,,,,,,,,,,,,,,,,,,,,,,,,,,,,,,,,,,,,,
"Children's Myths, Fairy Tales, etc.",儿童神话、童话等,"Kindermites, sprokies, ens.",أساطير الأطفال ، حكايات خرافية ، إلخ.,"Mites infantils, contes de fades, etc.","Kindermythen, Märchen usw.","Παιδικοί Μύθοι, Παραμύθια κ.α.","Lasten myytit, sadut jne.","Mythes pour enfants, contes de fées, etc.","Miotais na bPáistí, Síscéalta, srl.","बच्चों के मिथक, परियों की कहानियां, आदि।","Dječji mitovi, bajke itd.","Gyermek mítoszok, mesék stb.","Mitos Anak-Anak, Dongeng, dll.","Miti per bambini, fiabe, ecc.",童話、童話など,"어린이 신화, 동화 등","Kindermythen, sprookjes, enz.","Barnas myter, eventyr, etc.","Mity dla dzieci, bajki itp.","Mitos Infantis, Contos de Fadas, etc.","Mituri pentru copii, basme etc.","Детские мифы, сказки и т.д.","Mitos infantiles, cuentos de hadas, etc.","Dečiji mitovi, bajke itd.","Hadithi za Watoto, Hadithi za Fairy, nk.","Myter för barn, sagor m.m.",ตํานานเด็ก เทพนิยาย ฯลฯ,"Çocuk Mitleri, Peri Masalları vb.","Thần thoại thiếu nhi, truyện cổ tích, v.v.",,,,,,,,,,,,,,,,,,,,,,,,,,,,,,,,,,,,,,,,,,,,,,,,,,,,,,,,,,,,,,,,,,,,,,,,,,,,,,,,,,,,,,,
Children's Picture Books,儿童图画书,Kinders se prenteboeke,كتب مصورة للأطفال,Àlbums il·lustrats infantils,Bilderbücher für Kinder,Παιδικά εικονογραφημένα βιβλία,Lasten kuvakirjat,Livres d’images pour enfants,Leabhair Pictiúr do Pháistí,बच्चों की चित्र पुस्तकें,Dječje slikovnice,Gyermek képeskönyvek,Buku Bergambar Anak-Anak,Libri illustrati per bambini,子供向け絵本,어린이 그림책,Prentenboeken voor kinderen,Bildebøker for barn,Książki z obrazkami dla dzieci,Livros Ilustrados Infantis,Cărți ilustrate pentru copii,Детские книжки с картинками,Libros ilustrados para niños,Dečije slikovnice,Kids Photo Books,Bilderböcker för barn,หนังสือภาพสําหรับเด็ก,Resimli Çocuk Kitapları,Sách ảnh thiếu nhi,,,,,,,,,,,,,,,,,,,,,,,,,,,,,,,,,,,,,,,,,,,,,,,,,,,,,,,,,,,,,,,,,,,,,,,,,,,,,,,,,,,,,,,
Christianity,基督教,Christendom,مسيحية,Cristianisme,Christentum,Χριστιανισμός,Kristinusko,Christianisme,Críostaíocht,ईसाई धर्म,Kršćanstvo,Kereszténység,Agama Kristen,Cristianesimo,キリスト教,기독교,Christendom,Kristendom,Chrześcijaństwo,Cristianismo,Creștinism,Христианство,Cristianismo,Hriљжanstvo,Ukristo,Kristendom,ศาสนาคริสต์,Hıristiyanlık,Kitô giáo,,,,,,,,,,,,,,,,,,,,,,,,,,,,,,,,,,,,,,,,,,,,,,,,,,,,,,,,,,,,,,,,,,,,,,,,,,,,,,,,,,,,,,,
Christmas,圣诞节,Kersfees,عيد الميلاد,Nadal,Weihnachten,Χριστούγεννα,Joulu,Noël,An Nollaig,क्रिसमस,Božić,Karácsony,Natal,Natale,クリスマス,크리스마스,Kerstmis,Jul,Boże Narodzenie,Natal,Crăciun,Рождество,Navidad,Božić,Krismasi,Jul,คริสต์มาส,Noel,Giáng sinh,,,,,,,,,,,,,,,,,,,,,,,,,,,,,,,,,,,,,,,,,,,,,,,,,,,,,,,,,,,,,,,,,,,,,,,,,,,,,,,,,,,,,,,
Classical Antiquity,古典时代,Klassieke Oudheid,العصور القديمة الكلاسيكية,Antiguitat clàssica,Antike,Κλασική Αρχαιότητα,Klassinen antiikki,Antiquité classique,Seanchas Clasaiceach,शास्त्रीय पुरातनता,Klasična antika,Klasszikus ókor,Zaman Kuno Klasik,Antichità Classica,古典古代,고전 고대,Klassieke Oudheid,Klassisk antikk,Starożytność klasyczna,Antiguidade Clássica,Antichitatea clasică,Классическая античность,Antigüedad clásica,Klasična antika,Mambo ya kale ya kawaida,Antiken,สมัยโบราณคลาสสิก,Klasik Antik Çağ,Cổ đại cổ điển,,,,,,,,,,,,,,,,,,,,,,,,,,,,,,,,,,,,,,,,,,,,,,,,,,,,,,,,,,,,,,,,,,,,,,,,,,,,,,,,,,,,,,,
Contemporary Reviews,现代评论,Kontemporêre resensies,مراجعات معاصرة,Ressenyes contemporànies,Zeitgenössische Rezensionen,Σύγχρονες κριτικές,Nykyaikaiset arvostelut,Critiques contemporaines,Léirmheasanna Comhaimseartha,समकालीन समीक्षा,Suvremene recenzije,Kortárs vélemények,Ulasan Kontemporer,Recensioni contemporanee,コンテンポラリーレビュー,컨템포러리 리뷰,Hedendaagse beoordelingen,Contemporary Anmeldelser,Współczesne recenzje,Comentários Contemporâneos,Recenzii contemporane,Современные обзоры,Reseñas contemporáneas,Savremene recenzije,Mapitio ya kisasa,Samtida recensioner,บทวิจารณ์ร่วมสมัย,Çağdaş İncelemeler,Đánh giá đương đại,,,,,,,,,,,,,,,,,,,,,,,,,,,,,,,,,,,,,,,,,,,,,,,,,,,,,,,,,,,,,,,,,,,,,,,,,,,,,,,,,,,,,,,
Cookbooks and Cooking,烹饪书和烹饪,Kookboeke en kookkuns,كتب الطبخ والطبخ,Llibres de cuina i cuina,Kochbücher und Kochen,Βιβλία μαγειρικής και μαγειρική,Keittokirjat ja ruoanlaitto,Livres de cuisine et cuisine,Leabhair Chócaireachta agus Cócaireacht,कुकबुक और कुकिंग,Kuharice i kuhanje,Szakácskönyvek és főzés,Buku Masak dan Memasak,Libri di cucina e cucina,クックブックとクッキング,요리책과 요리,Kookboeken en koken,Kokebøker og matlaging,Książki kucharskie i gotowanie,Livros de receitas e culinária,Cărți de bucate și gătit,Кулинарные книги и кулинария,Libros de cocina y cocina,Kuvari i kuvanje,Vitabu vya kupikia na kupikia,Kokböcker och matlagning,ตําราอาหารและการทําอาหาร,Yemek Kitapları ve Yemek Pişirme,Sách dạy nấu ăn và nấu ăn,,,,,,,,,,,,,,,,,,,,,,,,,,,,,,,,,,,,,,,,,,,,,,,,,,,,,,,,,,,,,,,,,,,,,,,,,,,,,,,,,,,,,,,
Crime Fiction,犯罪小说,Misdaadfiksie,خيال الجريمة,Novel·la negra,Kriminalliteratur,Αστυνομική λογοτεχνία,Rikoskirjallisuus,Fiction policière,Ficsean Coireachta,क्राइम फिक्शन,Kriminalistička fantastika,Krimi,Fiksi Kriminal,Narrativa poliziesca,犯罪小説,범죄 소설,Misdaad fictie,Kriminallitteratur,Literatura kryminalna,Ficção Policial,Ficțiune polițistă,Криминальное чтиво,Novela negra,Kriminalna izmišljotina,Udanganyifu wa Uhalifu,Kriminallitteratur,นิยายอาชญากรรม,Polisiye Kurgu,Tiểu thuyết tội phạm,,,,,,,,,,,,,,,,,,,,,,,,,,,,,,,,,,,,,,,,,,,,,,,,,,,,,,,,,,,,,,,,,,,,,,,,,,,,,,,,,,,,,,,
Crime Nonfiction,犯罪非小说,Misdaad niefiksie,جريمة غير روائية,Crim No ficció,Krimi-Sachbücher,Αστυνομική Μη Μυθοπλασία,Rikos-tietokirjallisuus,Non-fiction policière,Nonfiction Coireachta,क्राइम नॉनफिक्शन,Nefikcija kriminala,Bűnügyi ismeretterjesztő irodalom,Nonfiksi Kejahatan,Saggistica poliziesca,犯罪ノンフィクション,범죄 논픽션,Misdaad non-fictie,Krim sakprosa,Kryminał Literatura faktu,Crime de não-ficção,Crimă Nonficțiune,Криминал Нон-фикшн,No ficción criminal,Nefikcionalnost kriminala,Uasi wa Uhalifu,Facklitteratur om kriminalitet,สารคดีอาชญากรรม,Kurgusal Olmayan Suç,Phi hư cấu tội phạm,,,,,,,,,,,,,,,,,,,,,,,,,,,,,,,,,,,,,,,,,,,,,,,,,,,,,,,,,,,,,,,,,,,,,,,,,,,,,,,,,,,,,,,
Detective Fiction,侦探小说,Speurfiksie,الخيال البوليسي,Ficció detectivesca,Kriminalromane,Αστυνομική μυθοπλασία,Etsivä fiktio,Fiction policière,Ficsean Bleachtaireachta,जासूसी कथा,Detektivska fikcija,Detektív fikció,Fiksi Detektif,Giallo,探偵小説,탐정 소설,Detective fictie,Detektiv fiksjon,Powieść detektywistyczna,Ficção Policial,Ficțiune polițistă,Детективная литература,Ficción detectivesca,Detektivska fikcija,Fiction ya Kugundua,Detektiv Fiktion,นิยายนักสืบ,Polisiye Kurgu,Tiểu thuyết trinh thám,,,,,,,,,,,,,,,,,,,,,,,,,,,,,,,,,,,,,,,,,,,,,,,,,,,,,,,,,,,,,,,,,,,,,,,,,,,,,,,,,,,,,,,
Erotic Fiction,情色小说,Erotiese fiksie,الخيال المثيرة,Ficció eròtica,Erotische Fiktion,Ερωτική μυθοπλασία,Eroottinen fiktio,Fiction érotique,Ficsean Erotic,कामुक कथा,Erotska fikcija,Erotikus fikció,Fiksi Erotis,Narrativa erotica,エロティックフィクション,에로 소설,Erotische fictie,Erotisk fiksjon,Fikcja erotyczna,Ficção Erótica,Ficțiune erotică,Эротическая фантастика,Ficción erótica,Erotska fantastika,Erotic Fiction,Erotisk fiktion,นิยายอีโรติก,Erotik Kurgu,Tiểu thuyết khiêu dâm,,,,,,,,,,,,,,,,,,,,,,,,,,,,,,,,,,,,,,,,,,,,,,,,,,,,,,,,,,,,,,,,,,,,,,,,,,,,,,,,,,,,,,,
Fantasy,奇幻,Fantasie,خيال,Fantasia,Hirngespinst,Φαντασία,Fantasia,Fantaisie,Fantaisíocht,कल्पना,Fantazija,Fantázia,Fantasi,Fantasia,ファンタジー,환상,Fantasie,Fantasi,Fantasy,Fantasia,Fantezie,Фантазия,Fantasía,Fantazija,Ndoto,Fantasi,ความเพ้อฝัน,Fantezi,Tưởng tượng,,,,,,,,,,,,,,,,,,,,,,,,,,,,,,,,,,,,,,,,,,,,,,,,,,,,,,,,,,,,,,,,,,,,,,,,,,,,,,,,,,,,,,,
Folklore,民间传说,Folklore,فلكلور,Folklore,Folklore,Λαογραφία,Kansanperinne,Folklore,Béaloideas,लोक कथाएँ,Folklor,Folklór,Folklore,Folclore,民話,민속,Folklore,Folklore,Folklor,Folclore,Folclor,Фольклор,Folclore,Folklor,Watu,Folklore,คติชาวบ้าน,Folklor,Văn hóa dân gian,,,,,,,,,,,,,,,,,,,,,,,,,,,,,,,,,,,,,,,,,,,,,,,,,,,,,,,,,,,,,,,,,,,,,,,,,,,,,,,,,,,,,,,
France,法国,Frankryk,فرنسا,França,Frankreich,Γαλλία,Ranska,France,An Fhrainc,फ़्रांस,Francuska,Franciaország,Prancis,Francia,フランス,프랑스,Frankrijk,Frankrike,Francja,França,Franţa,Франция,Francia,Francuska,Ufaransa,Frankrike,ฝรั่งเศส,Fransa,Pháp,,,,,,,,,,,,,,,,,,,,,,,,,,,,,,,,,,,,,,,,,,,,,,,,,,,,,,,,,,,,,,,,,,,,,,,,,,,,,,,,,,,,,,,
Gothic Fiction,哥特小说,Gotiese fiksie,الخيال القوطي,Ficció gòtica,Gothic Fiction,Γοτθική μυθοπλασία,Goottilainen fiktio,Fiction gothique,Ficsean Gotach,गॉथिक फिक्शन,Gotička fikcija,Gótikus fikció,Fiksi Gothic,Narrativa gotica,ゴシック小説,고딕 소설,Gotische fictie,Gotisk fiksjon,Fikcja gotycka,Ficção Gótica,Ficțiune gotică,Готическая фантастика,Ficción gótica,Gotska fantastika,Gothic Fiction,Gotisk fiktion,นิยายกอธิค,Gotik Kurgu,Tiểu thuyết Gothic,,,,,,,,,,,,,,,,,,,,,,,,,,,,,,,,,,,,,,,,,,,,,,,,,,,,,,,,,,,,,,,,,,,,,,,,,,,,,,,,,,,,,,,
Greece,希腊,Griekeland,اليونان,Grècia,Griechenland,Ελλάδα,Kreikka,Grèce,An Ghréig,यूनान,Grčka,Görögország,Yunani,Grecia,ギリシャ,그리스,Griekenland,Hellas,Grecja,Grécia,Grecia,Греция,Grecia,Grčka,Ugiriki,Grekland,กรีซ,Yunanistan,Hy Lạp,,,,,,,,,,,,,,,,,,,,,,,,,,,,,,,,,,,,,,,,,,,,,,,,,,,,,,,,,,,,,,,,,,,,,,,,,,,,,,,,,,,,,,,
Harvard Classics,哈佛经典,Harvard Classics,كلاسيكيات هارفارد,Clàssics de Harvard,Harvard-Klassiker,Κλασικές σπουδές του Χάρβαρντ,Harvardin klassikot,Classiques de Harvard,Clasaicí Harvard,हार्वर्ड क्लासिक्स,Harvardska klasika,Harvard klasszikusok,Klasik Harvard,Classici di Harvard,ハーバードクラシックス,하버드 클래식,Harvard-klassiekers,Harvard-klassikere,Klasyka Harvardu,Clássicos de Harvard,Harvard Classics,Гарвардская классика,Clásicos de Harvard,Harvard Classics,Harvard Classics,Harvard Classics,ฮาร์วาร์ดคลาสสิก,Harvard Klasikleri,Kinh điển Harvard,,,,,,,,,,,,,,,,,,,,,,,,,,,,,,,,,,,,,,,,,,,,,,,,,,,,,,,,,,,,,,,,,,,,,,,,,,,,,,,,,,,,,,,
Hinduism,印度教,Hindoeïsme,هندوسية,Hinduisme,Hinduismus,Ινδουισμός,Hindulaisuus,Hindouisme,Hiondúchas,हिंदूवाद,Hinduizam,Hinduizmus,Hindu,Induismo,ヒンズー教,힌두교,Hindoeïsme,Hinduisme,Hinduizm,Hinduísmo,Hinduism,Индуизм,Hinduismo,Hinduizam,Uhindu,Hinduism,ศาสนาฮินดู,Hinduizm,Ấn Độ giáo,,,,,,,,,,,,,,,,,,,,,,,,,,,,,,,,,,,,,,,,,,,,,,,,,,,,,,,,,,,,,,,,,,,,,,,,,,,,,,,,,,,,,,,
Historical Fiction,历史小说,Historiese fiksie,الخيال التاريخي,Ficció històrica,Historischer Roman,Ιστορικό μυθιστόρημα,Historiallinen fiktio,Fiction historique,Ficsean Stairiúil,ऐतिहासिक कथा,Povijesna fikcija,Történelmi fikció,Fiksi Sejarah,Romanzo storico,歴史小説,역사 소설,Historische fictie,Historisk fiksjon,Fikcja historyczna,Ficção Histórica,Ficțiune istorică,Историческая беллетристика,Ficción histórica,Istorijska fikcija,Fiction ya kihistoria,Historisk fiktion,นิยายอิงประวัติศาสตร์,Tarihsel Kurgu,Tiểu thuyết lịch sử,,,,,,,,,,,,,,,,,,,,,,,,,,,,,,,,,,,,,,,,,,,,,,,,,,,,,,,,,,,,,,,,,,,,,,,,,,,,,,,,,,,,,,,
Horror,恐怖,Afgryse,رعب,Horror,Entsetzen,Φρίκη,Kauhu,Horreur,Uafás,त्रासदायक वस्‍तु,Užas,Horror,Horor,Orrore,ホラー,공포,Verschrikking,Redsel,Horror,Horror,Groază,Ужас,Horror,Horor,Horror,Skräck,สยอง ขวัญ,Korku,Sự ghê rợn,,,,,,,,,,,,,,,,,,,,,,,,,,,,,,,,,,,,,,,,,,,,,,,,,,,,,,,,,,,,,,,,,,,,,,,,,,,,,,,,,,,,,,,
Humor,幽默,Humor,الفكاهه,Humor,Humor,Χιούμορ,Huumori,Humour,Greann,हास्य,Humor,Humor,Humor,Umore,ユーモア,유머,Humor,Humor,Humor,Humor,Umor,Юмор,Humor,Humor,Ucheshi,Humor,อารมณ์ขัน,Mizah,Hài hước,,,,,,,,,,,,,,,,,,,,,,,,,,,,,,,,,,,,,,,,,,,,,,,,,,,,,,,,,,,,,,,,,,,,,,,,,,,,,,,,,,,,,,,
India,印度,Indië,الهند,L'Índia,Indien,Ινδία,Intia,Inde,An India,भारत,Indija,India,India,India,インド,인도,India,India,Indie,Índia,India,Индия,India,Indija,India,Indien,อินเดีย,Hindistan,Ấn Độ,,,,,,,,,,,,,,,,,,,,,,,,,,,,,,,,,,,,,,,,,,,,,,,,,,,,,,,,,,,,,,,,,,,,,,,,,,,,,,,,,,,,,,,
Italy,意大利,Italië,إيطاليا,Itàlia,Italien,Ιταλία,Italia,Italie,An Iodáil,इटली,Italija,Olaszország,Italia,Italia,イタリア,이탈리아,Italië,Italia,Włochy,Itália,Italia,Италия,Italia,Italija,Uitalia,Italien,อิตาลี,İtalya,Ý,,,,,,,,,,,,,,,,,,,,,,,,,,,,,,,,,,,,,,,,,,,,,,,,,,,,,,,,,,,,,,,,,,,,,,,,,,,,,,,,,,,,,,,
Judaism,犹太教,Judaïsme,يهودية,Judaisme,Judentum,Ιουδαϊσμός,Juutalaisuus,Judaïsme,Giúdachas,यहूदीवाद,Judaizam,Judaizmus,Agama Yahudi,Ebraismo,ユダヤ教,유대교,Jodendom,Jødedom,Judaizm,Judaísmo,Iudaism,Иудаизм,Judaísmo,Judaizam,Uyahudi,Judendom,ศาสนายูดาย,Musevilik,Do Thái giáo,,,,,,,,,,,,,,,,,,,,,,,,,,,,,,,,,,,,,,,,,,,,,,,,,,,,,,,,,,,,,,,,,,,,,,,,,,,,,,,,,,,,,,,
Language Education,语言教育,Taalonderrig,تعليم اللغات,Educació lingüística,Sprachunterricht,Γλωσσική Εκπαίδευση,Kielten opetus,Enseignement des langues,Oideachas Teanga,भाषा शिक्षा,Jezično obrazovanje,Nyelvoktatás,Pendidikan Bahasa,Educazione linguistica,言語教育,어학교육,Taalonderwijs,Språkopplæring,Edukacja językowa,Ensino de Idiomas,Educație lingvistică,Языковое образование,Educación Lingüística,Jezičko obrazovanje,Elimu ya Lugha,Språkutbildning,การศึกษาภาษา,Dil Eğitimi,Giáo dục ngôn ngữ,,,,,,,,,,,,,,,,,,,,,,,,,,,,,,,,,,,,,,,,,,,,,,,,,,,,,,,,,,,,,,,,,,,,,,,,,,,,,,,,,,,,,,,
Mathematics,数学,Wiskunde,رياضيات,Matemàtiques,Mathematik,Μαθηματικά,Matematiikka,Mathématiques,Matamaitic,गणितशास्‍त्र,Matematika,Matematika,Matematika,Matematica,数学,수학,Wiskunde,Matematikk,Matematyka,Matemática,Matematică,Математика,Matemáticas,Matematika,Hisabati,Matematik,คณิตศาสตร์,Matematik,Toán học,,,,,,,,,,,,,,,,,,,,,,,,,,,,,,,,,,,,,,,,,,,,,,,,,,,,,,,,,,,,,,,,,,,,,,,,,,,,,,,,,,,,,,,
Movie Books,电影书籍,Fliek Boeke,كتب الأفلام,Llibres de pel·lícules,Filmbücher,Βιβλία ταινιών,Elokuvakirjat,Livres de cinéma,Leabhair Scannáin,मूवी की किताबें,Filmske knjige,Filmkönyvek,Buku Film,Libri di film,映画の本,영화 책,Filmboeken,Film Bøker,Książki filmowe,Livros de Filmes,Cărți de filme,Книги о фильмах,Libros de películas,Filmske knjige,Vitabu vya Sinema,Filmböcker,หนังสือภาพยนตร์,Film Kitapları,Sách phim,,,,,,,,,,,,,,,,,,,,,,,,,,,,,,,,,,,,,,,,,,,,,,,,,,,,,,,,,,,,,,,,,,,,,,,,,,,,,,,,,,,,,,,
Mystery Fiction,悬疑小说,Raaiselfiksie,الخيال الغامض,Ficció de misteri,Kriminalliteratur,Μυθοπλασία μυστηρίου,Mysteerinen fiktio,Fiction policière,Ficsean Mistéire,मिस्ट्री फिक्शन,Misteriozna fikcija,Rejtélyes fikció,Fiksi Misteri,Narrativa del mistero,ミステリーフィクション,미스터리 소설,Mysterie fictie,Mystery Fiction,Fikcja kryminalna,Ficção de Mistério,Ficțiune polițistă,Мистическая фантастика,Ficción de misterio,Misteriozna fikcija,Fiction ya Siri,Mysterier,นิยายลึกลับ,Gizem Kurgu,Tiểu thuyết bí ẩn,,,,,,,,,,,,,,,,,,,,,,,,,,,,,,,,,,,,,,,,,,,,,,,,,,,,,,,,,,,,,,,,,,,,,,,,,,,,,,,,,,,,,,,
Mythology,神话,Mitologie,ميثولوجيا,Mitologia,Mythologie,Μυθολογία,Mytologia,Mythologie,Miotaseolaíocht,पौराणिक कथाओं,Mitologija,Mitológia,Mitologi,Mitologia,神話,신화학,Mythologie,Mytologi,Mitologia,Mitologia,Mitologie,Мифология,Mitología,Mitologiji,Hadithi ya mythology,Mytologi,เทพนิยาย,Mitoloji,Thần thoại,,,,,,,,,,,,,,,,,,,,,,,,,,,,,,,,,,,,,,,,,,,,,,,,,,,,,,,,,,,,,,,,,,,,,,,,,,,,,,,,,,,,,,,
Napoleonic(Bookshelf),拿破仑（书架）,Napoleonties(Boekrak),نابليون (رف كتب),Napoleònic(Prestatgeria),Napoleonic(Bücherregal),Napoleonic(Ράφι),Napoleonic(Kirjahylly),Napoléonien(Bibliothèque),Napoleonic(Leabharshelf),नेपोलियन (बुकशेल्फ़),Napoleonov (polica za knjige),Napóleoni(könyvespolc),Napoleon (Rak Buku),Napoleonico(Libreria),ナポレオン(本棚),나폴레옹(책장),Napoleontisch (Boekenplank),Napoleonic (bokhylle),Napoleon(Regał na książki),Napoleônico(Estante),Napoleon (Raft),Наполеоновский(Книжная полка),Napoleónico (Estantería),Napoleonic(Polica za knjige),Napoleonic (Mfuko wa Kitabu),Napoleonisk(Bokhylla),นโปเลียน(ชั้นวางหนังสือ),Napolyon(Kitaplık),Napoleonic (Giá sách),,,,,,,,,,,,,,,,,,,,,,,,,,,,,,,,,,,,,,,,,,,,,,,,,,,,,,,,,,,,,,,,,,,,,,,,,,,,,,,,,,,,,,,
New Zealand,新西兰,Nieu-Seeland,نيوزيلندا,Nova Zelanda,Neuseeland,Νέα Ζηλανδία,Uusi-Seelanti,Nouvelle-Zélande,An Nua Shéalainn,न्यूज़ीलैंड,Novi Zeland,Új-Zéland,Selandia Baru,Nuova Zelanda,ニュージーランド,뉴질랜드,Nieuw-Zeeland,New Zealand,Nowa Zelandia,Nova Zelândia,Noua Zeelandă,Новая Зеландия,Nueva Zelanda,Novi Zeland,New Zealandi,Nya Zeeland,นิวซีแลนด์,Yeni Zelanda,New Zealand,,,,,,,,,,,,,,,,,,,,,,,,,,,,,,,,,,,,,,,,,,,,,,,,,,,,,,,,,,,,,,,,,,,,,,,,,,,,,,,,,,,,,,,
One Act Plays,单幕剧,Een toneelstuk speel,مسرحيات الفصل الواحد,Obres de teatre en un acte,Einakter,Μονόπρακτα,Yksinäytöksiset näytelmät,Pièces en un acte,Dráma Aon Ghnímh,एक अधिनियम नाटकों,Jedan čin igra,Egyfelvonásos színdarabok,Satu Babak Dimainkan,Opere teatrali in un atto,一幕劇,단막극,Eenakters,En akt spiller,Sztuki jednoaktówki,Um ato joga,Piese într-un act,Одноактные пьесы,Obras de un acto,Jedan čin se reprodukuje,Kitendo kimoja kinacheza,Enaktare,หนึ่งองก์เล่น,Tek Perdelik Oyunlar,Một màn chơi,,,,,,,,,,,,,,,,,,,,,,,,,,,,,,,,,,,,,,,,,,,,,,,,,,,,,,,,,,,,,,,,,,,,,,,,,,,,,,,,,,,,,,,
Opera,歌剧,Opera,أوبرا,Òpera,Oper,Όπερα,Ooppera,Opéra,Ceoldráma,ओपेरा,Opera,Opera,Opera,Opera,オペラ,오페라,Opera,Opera,Opera,Ópera,Operă,Опера,Ópera,Opera,Opera,Opera,อุปรากร,Opera,Ca kịch,,,,,,,,,,,,,,,,,,,,,,,,,,,,,,,,,,,,,,,,,,,,,,,,,,,,,,,,,,,,,,,,,,,,,,,,,,,,,,,,,,,,,,,
Philosophy,哲学,Filosofie,فلسفة,Filosofia,Philosophie,Φιλοσοφία,Filosofia,Philosophie,Fealsúnacht,जीवन-दर्शन,Filozofija,Filozófia,Filsafat,Filosofia,哲学,철학,Filosofie,Filosofi,Filozofia,Filosofia,Filozofie,Философия,Filosofía,Filozofija,Falsafa,Filosofi,ปรัชญา,Felsefe,Triết học,,,,,,,,,,,,,,,,,,,,,,,,,,,,,,,,,,,,,,,,,,,,,,,,,,,,,,,,,,,,,,,,,,,,,,,,,,,,,,,,,,,,,,,
"Pirates, Buccaneers, Corsairs, etc.",海盗、掠夺者、海盗船等,"Seerowers, Buccaneers, Corsairs, ens.",القراصنة ، القراصنة ، القراصنة ، إلخ.,"Pirates, bucaners, corsaris, etc.","Piraten, Freibeuter, Korsaren usw.","Πειρατές, Buccaneers, κουρσάροι, κλπ.","Merirosvot, Buccaneers, Corsairs jne.","Pirates, boucaniers, corsaires, etc.","Foghlaithe mara, Buccaneers, Corsairs, etc.","समुद्री डाकू, Buccaneers, Corsairs, आदि।","Gusari, Buccaneers, Corsairs, itd.","Kalózok, Buccaneers, Corsairs stb.","Bajak laut, Buccaneers, Corsair, dll.","Pirati, Bucanieri, Corsari, ecc.",海賊、海賊、海賊など,"해적, 해적, 해적 등","Piraten, boekaniers, zeerovers, enz.","Pirater, Buccaneers, Corsairs, etc.","Piraci, korsarze, korsarze itp.","Piratas, Buccaneers, Corsários, etc.","Pirați, Buccaneers, Corsairs, etc.","Пираты, буканьеры, корсары и т.д.","Piratas, bucaneros, corsarios, etc.","Pirati, Buccaneers, Corsairs, itd.","Maharamia, Buccaneers, Corsairs, nk.","Pirater, buckanjärer, korsarer, etc.",โจรสลัด บัคคาเนียร์ โจรสลัด ฯลฯ,"Korsanlar, Korsanlar, Korsanlar vb.","Cướp biển, Buccaneers, Corsairs, v.v.",,,,,,,,,,,,,,,,,,,,,,,,,,,,,,,,,,,,,,,,,,,,,,,,,,,,,,,,,,,,,,,,,,,,,,,,,,,,,,,,,,,,,,,
Plays,戏剧,Speel,يلعب,Juga,Theaterstücke,Παίζει,Soittaa,Joue,Drámaí,नाटकों,Igra,Játszik,Memainkan,Gioca,再生,재생,Speelt,Spiller,Odgrywa,Joga,Joacă,Играет,Juega,Igra,Ina,Spelar,บทละคร,Çalış,Chơi,,,,,,,,,,,,,,,,,,,,,,,,,,,,,,,,,,,,,,,,,,,,,,,,,,,,,,,,,,,,,,,,,,,,,,,,,,,,,,,,,,,,,,,
Poetry,诗歌,Poësie,شعر,Poesia,Poesie,Ποίηση,Runous,Poésie,Filíocht,कविता,Poezija,Költészet,Puisi,Poesia,詩,시,Poëzie,Poesi,Poezja,Poesia,Poezie,Поэзия,Poesía,Poeziju,Mashairi,Poesi,กวีนิพนธ์,Şiir,Thơ,,,,,,,,,,,,,,,,,,,,,,,,,,,,,,,,,,,,,,,,,,,,,,,,,,,,,,,,,,,,,,,,,,,,,,,,,,,,,,,,,,,,,,,
Politics,政治,Politiek,سياسة,Política,Politik,Πολιτική,Politiikka,Politique,Polaitíocht,राजनीतिशास्‍त्र,Politika,Politika,Politik,Politica,政治,정치,Politiek,Politikk,Polityka,Política,Politică,Политика,Política,Politika,Siasa,Politik,การเมือง,Siyaset,Chính trị,,,,,,,,,,,,,,,,,,,,,,,,,,,,,,,,,,,,,,,,,,,,,,,,,,,,,,,,,,,,,,,,,,,,,,,,,,,,,,,,,,,,,,,
Precursors of Science Fiction,科幻小说的先驱,Voorlopers van wetenskapfiksie,سلائف الخيال العلمي,Precursors de la ciència-ficció,Vorläufer der Science-Fiction,Πρόδρομοι της επιστημονικής φαντασίας,Science Fictionin edeltäjät,Précurseurs de la science-fiction,Réamhtheachtaithe an Fhicsin Eolaíochta,विज्ञान कथा के अग्रदूत,Prekursori znanstvene fantastike,A sci-fi előfutárai,Prekursor Fiksi Ilmiah,Precursori della fantascienza,サイエンス・フィクションの先駆者,공상 과학 소설의 선구자,Voorlopers van sciencefiction,Forløpere til science fiction,Prekursorzy fantastyki naukowej,Precursores da ficção científica,Precursori ai science fiction-ului,Предшественники научной фантастики,Precursores de la ciencia ficción,Prekursori naučne fantastike,Watangulizi wa Fiction ya Sayansi,Föregångare till science fiction,สารตั้งต้นของนิยายวิทยาศาสตร์,Bilim Kurgunun Öncüleri,Tiền thân của khoa học viễn tưởng,,,,,,,,,,,,,,,,,,,,,,,,,,,,,,,,,,,,,,,,,,,,,,,,,,,,,,,,,,,,,,,,,,,,,,,,,,,,,,,,,,,,,,,
Psychology,心理学,Sielkunde,علم النفس,Psicologia,Psychologie,Ψυχολογία,Psykologia,Psychologie,Síceolaíocht,मनोविज्ञान,Psihologija,Pszichológia,Psikologi,Psicologia,心理学,심리학,Psychologie,Psykologi,Psychologia,Psicologia,Psihologie,Психология,Psicología,Psihologija,Saikolojia,Psykologi,จิตวิทยา,Psikoloji,Tâm lý học,,,,,,,,,,,,,,,,,,,,,,,,,,,,,,,,,,,,,,,,,,,,,,,,,,,,,,,,,,,,,,,,,,,,,,,,,,,,,,,,,,,,,,,
Racism,种族主义,Rassisme,عنصرية,Racisme,Rassismus,Ρατσισμός,Rasismi,Racisme,Ciníochas,जातिवाद,Rasizam,Rasszizmus,Rasisme,Razzismo,レイシズム,인종 차별,Racisme,Rasisme,Rasizm,Racismo,Rasism,Расизм,Racismo,Rasizam,Ubaguzi,Rasism,คตินิยมเชื้อชาติ,Irkçılık,Phân biệt chủng tộc,,,,,,,,,,,,,,,,,,,,,,,,,,,,,,,,,,,,,,,,,,,,,,,,,,,,,,,,,,,,,,,,,,,,,,,,,,,,,,,,,,,,,,,
Reference,参考,Verwysing,مرجع,Referència,Referenz,Αναφορά,Viittaus,Référence,Tagairt,हवाला,Referenca,Utalás,Referensi,Riferimento,参考,참조,Referentie,Referanse,Odniesienie,Referência,Referință,Ссылка,Referencia,Referenca,Kumbukumbu,Hänvisning,หนังสืออ้างอิง,Referans,Tham khảo,,,,,,,,,,,,,,,,,,,,,,,,,,,,,,,,,,,,,,,,,,,,,,,,,,,,,,,,,,,,,,,,,,,,,,,,,,,,,,,,,,,,,,,
School Stories,校园故事,Skool stories,قصص المدرسة,Contes escolars,Schulgeschichten,Σχολικές Ιστορίες,Koulun tarinoita,Histoires d’école,Scéalta Scoile,स्कूल की कहानियां,Školske priče,Iskolai történetek,Cerita Sekolah,Storie scolastiche,学校の物語,학교 이야기,School Verhalen,Historier fra skolen,Historie szkolne,Histórias Escolares,Povești școlare,Школьные истории,Cuentos escolares,Školske priče,Hadithi za Shule,Berättelser från skolan,เรื่องโรงเรียน,Okul Hikayeleri,Câu chuyện trường học,,,,,,,,,,,,,,,,,,,,,,,,,,,,,,,,,,,,,,,,,,,,,,,,,,,,,,,,,,,,,,,,,,,,,,,,,,,,,,,,,,,,,,,
Science Fiction,科幻小说,Wetenskapfiksie,الخيال العلمي,Ciència-ficció,Science-Fiction,Επιστημονική φαντασία,Tieteiskirjallisuus,Science-fiction,Ficsean Eolaíochta,विज्ञान-कथा,Znanstvena fantastika,Sci-fi,Fiksi ilmiah,Fantascienza,サイエンスフィクション,공상 과학 소설,Sciencefiction,Science fiction,Fantastyka naukowa,Ficção científica,Literatură științifico-fantastică,Научная фантастика,Ciencia ficción,Naučna fantastika,Fiction ya Sayansi,Science fiction,นวนิยายวิทยาศาสตร์,Bilim kurgu,Khoa học viễn tưởng,,,,,,,,,,,,,,,,,,,,,,,,,,,,,,,,,,,,,,,,,,,,,,,,,,,,,,,,,,,,,,,,,,,,,,,,,,,,,,,,,,,,,,,
Science Fiction by Women,女性科幻小说,Wetenskapfiksie deur vroue,الخيال العلمي من قبل النساء,Ciència-ficció femenina,Science-Fiction von Frauen,Επιστημονική φαντασία από γυναίκες,Naisten tieteiskirjallisuus,La science-fiction par les femmes,Ficsean Eolaíochta le Mná,महिलाओं द्वारा विज्ञान कथा,Znanstvena fantastika žena,Nők sci-fije,Fiksi ilmiah oleh wanita,La fantascienza delle donne,女性によるサイエンスフィクション,여성에 의한 공상 과학 소설,Sciencefiction door vrouwen,Science Fiction av kvinner,Fantastyka naukowa kobiet,Ficção científica por mulheres,Science Fiction de femei,"Научная фантастика, написанная женщинами",Ciencia ficción hecha por mujeres,Naučna fantastika od žena,Sayansi ya Fiction na Wanawake,Science Fiction av kvinnor,นิยายวิทยาศาสตร์โดยผู้หญิง,Kadınlardan Bilim Kurgu,Khoa học viễn tưởng của phụ nữ,,,,,,,,,,,,,,,,,,,,,,,,,,,,,,,,,,,,,,,,,,,,,,,,,,,,,,,,,,,,,,,,,,,,,,,,,,,,,,,,,,,,,,,
Scouts,童子军,Verkenners,الكشافه,Scouts,Pfadfinder,Προσκόπους,Partiolaiset,Scouts,Gasóga,स्काउट्स,Izviđači,Cserkészek,Pramuka,Scout,スカウト,스카우트,Scouts,Speidere,Harcerzy,Escuteiros,Cercetaşi,Скаутов,Scouts,Izviрaиi,Skauti,Scouter,ลูกเสือ,Izciler,Hướng đạo sinh,,,,,,,,,,,,,,,,,,,,,,,,,,,,,,,,,,,,,,,,,,,,,,,,,,,,,,,,,,,,,,,,,,,,,,,,,,,,,,,,,,,,,,,
Short Stories,短篇小说,Kortverhale,قصص قصيرة,Contes,Kurzgeschichten,Διηγήματα,Novelleja,Nouvelles,Gearrscéalta,लघु कथाएँ,Kratke priče,Novellák,Cerita Pendek,Racconti,短編小説,단편 소설,Korte verhalen,Noveller,Opowiadań,Contos,Povestiri,Рассказов,Cuentos,Kratke priče,Hadithi fupi,Noveller,เรื่องสั้น,Kısa Öyküler,Truyện ngắn,,,,,,,,,,,,,,,,,,,,,,,,,,,,,,,,,,,,,,,,,,,,,,,,,,,,,,,,,,,,,,,,,,,,,,,,,,,,,,,,,,,,,,,
Slavery,奴隶制,Slawerny,الرق,Esclavitud,Sklaverei,Δουλεία,Orjuus,Esclavage,Sclábhaíocht,दासता,Ropstvo,Rabszolgaság,Perbudakan,Schiavitù,奴隷制度,노예 제도,Slavernij,Slaveri,Niewolnictwo,Escravidão,Sclavie,Рабство,Esclavitud,Ropstvo,Utumwa,Slaveri,ความเป็นทาส,Kölelik,Nô lệ,,,,,,,,,,,,,,,,,,,,,,,,,,,,,,,,,,,,,,,,,,,,,,,,,,,,,,,,,,,,,,,,,,,,,,,,,,,,,,,,,,,,,,,
Sociology,社会学,Sosiologie,علم الإجتماع,Sociologia,Soziologie,Κοινωνιολογία,Sosiologia,Sociologie,Socheolaíocht,समाजशास्त्र,Sociologija,Szociológia,Sosiologi,Sociologia,社会学,사회학,Sociologie,Sosiologi,Socjologia,Sociologia,Sociologie,Социология,Sociología,Sociologiju,Sociology,Sociologi,สังคมวิทยา,Sosyoloji,Xã hội học,,,,,,,,,,,,,,,,,,,,,,,,,,,,,,,,,,,,,,,,,,,,,,,,,,,,,,,,,,,,,,,,,,,,,,,,,,,,,,,,,,,,,,,
Travel,旅行,Reis,سفر,Viatjar,Reise,Ταξιδεύω,Matkustaa,Voyager,Taisteal,यात्रा,Putovati,Utazik,Bepergian,Viaggio,旅行,여행하다,Reizen,Reise,Podróż,Viajar,Călătorie,Путешествовать,Viajar,Putovati,Kusafiri,Resa,เดินทาง,Seyahat,Du lịch,,,,,,,,,,,,,,,,,,,,,,,,,,,,,,,,,,,,,,,,,,,,,,,,,,,,,,,,,,,,,,,,,,,,,,,,,,,,,,,,,,,,,,,
United States,美国,Verenigde State,الولايات المتحدة الأمريكية,Els Estats Units,USA,Ηνωμένες Πολιτείες,Yhdysvallat,États-Unis,Ná Stáit Aontaithe,संयुक्त राज्य,Sjedinjene Države,Egyesült Államok,Amerika Serikat,Stati Uniti,米国,미국,Verenigde Staten,USA,Stany Zjednoczone,Estados Unidos,Statele Unite,США,Estados Unidos,Sjedinjene Države,Marekani,USA,สหรัฐอเมริกา,Amerika Birleşik Devletleri,Hoa Kỳ,,,,,,,,,,,,,,,,,,,,,,,,,,,,,,,,,,,,,,,,,,,,,,,,,,,,,,,,,,,,,,,,,,,,,,,,,,,,,,,,,,,,,,,
United States Law,美国法律,Amerikaanse wetgewing,قانون الولايات المتحدة,Dret dels Estats Units,Recht der Vereinigten Staaten,Το δίκαιο των Ηνωμένων Πολιτειών,Yhdysvaltain oikeus,Droit des États-Unis,Dlí na Stát Aontaithe,संयुक्त राज्य अमेरिका का कानून,Zakon Sjedinjenih Američkih Država,Az Egyesült Államok joga,Hukum Amerika Serikat,Legge degli Stati Uniti,合衆国法,미국법,Nederlands recht,Amerikansk lov,Prawo Stanów Zjednoczonych,Direito dos Estados Unidos,Dreptul Statelor Unite,Законодательство Соединенных Штатов Америки,Ley de los Estados Unidos,Zakon SJEDINJENIH DRŽAVA,Sheria ya Marekani,Förenta staternas lagstiftning,กฎหมายของสหรัฐอเมริกา,Amerika Birleşik Devletleri Hukuku,Luật Hoa Kỳ,,,,,,,,,,,,,,,,,,,,,,,,,,,,,,,,,,,,,,,,,,,,,,,,,,,,,,,,,,,,,,,,,,,,,,,,,,,,,,,,,,,,,,,
US Civil War,美国内战,Amerikaanse burgeroorlog,الحرب الأهلية الأمريكية,Guerra Civil dels Estats Units,US-Bürgerkrieg,Αμερικανικός εμφύλιος πόλεμος,Yhdysvaltain sisällissota,Guerre civile américaine,Cogadh Cathartha na Stát Aontaithe,अमेरिका का गृहयुद्ध,Američki građanski rat,Amerikai polgárháború,Perang Saudara AS,Guerra civile americana,アメリカ南北戦争,미국 남북 전쟁,Amerikaanse burgeroorlog,Den amerikanske borgerkrigen,Wojna secesyjna w USA,Guerra Civil dos EUA,Războiul Civil din SUA,Гражданская война в США,Guerra Civil de los Estados Unidos,Američki građanski rat,Vita vya wenyewe kwa wenyewe vya Marekani,Amerikanska inbördeskriget,สงครามกลางเมืองสหรัฐ,ABD İç Savaşı,Nội chiến Hoa Kỳ,,,,,,,,,,,,,,,,,,,,,,,,,,,,,,,,,,,,,,,,,,,,,,,,,,,,,,,,,,,,,,,,,,,,,,,,,,,,,,,,,,,,,,,
Witchcraft,巫术,Heksery,سِحْر,Bruixeria,Hexerei,Μαγεία,Noituus,Sorcellerie,WitchcraftName,जादू टोना,Čarolije,Boszorkányság,Sihir,Stregoneria,妖術,마법,Hekserij,Heksekunst,Czary,Magia,Vrăjitorie,Колдовство,Brujería,Veљtiиarenje,Uchawi,Trolldom,การใช้เวทมนตร์คาถา,Cadılık,Ma thuật,,,,,,,,,,,,,,,,,,,,,,,,,,,,,,,,,,,,,,,,,,,,,,,,,,,,,,,,,,,,,,,,,,,,,,,,,,,,,,,,,,,,,,,
World War I,第一次世界大战,Eerste Wêreldoorlog,الحرب العالمية الأولى,Primera Guerra Mundial,Erster Weltkrieg,Πρώτος Παγκόσμιος Πόλεμος,Ensimmäinen maailmansota,Première Guerre mondiale,An Chéad Chogadh Domhanda,प्रथम विश्व युद्ध,Prvi svjetski rat,Első világháború,Perang Dunia I,Prima guerra mondiale,第一次世界大戦,제1차 세계대전,Eerste Wereldoorlog,Første verdenskrig,I wojna światowa,Primeira Guerra Mundial,Primul Război Mondial,Первая мировая война,Primera Guerra Mundial,Prvi svetski rat,Vita Kuu ya Kwanza ya Dunia,Första världskriget,สงครามโลกครั้งที่หนึ่ง,I. Dünya Savaşı,Chiến tranh thế giới thứ nhất,,,,,,,,,,,,,,,,,,,,,,,,,,,,,,,,,,,,,,,,,,,,,,,,,,,,,,,,,,,,,,,,,,,,,,,,,,,,,,,,,,,,,,,
All Topics,所有主题,Alle onderwerpe,جميع المواضيع,Tots els temes,Alle Themen,Όλα τα θέματα,Kaikki aiheet,Tous les sujets,Gach Ábhar,सभी विषय,Sve teme,Összes témakör,Semua Topik,Tutti gli argomenti,すべてのトピック,모든 주제,Alle onderwerpen,Alle emner,Wszystkie tematy,Todos os Tópicos,Toate subiectele,Все темы,Todos los temas,Sve teme,Mada zote,Alla ämnen,หัวข้อทั้งหมด,Tüm Konular,Tất cả chủ đề,,,,,,,,,,,,,,,,,,,,,,,,,,,,,,,,,,,,,,,,,,,,,,,,,,,,,,,,,,,,,,,,,,,,,,,,,,,,,,,,,,,,,,,
Local,当地,Plaaslike,محلي,Local,Lokal,Τοπικός,Paikallinen,Local,Áitiúil,स्थानीय,Lokalan,Helyi,Lokal,Locale,地元の,현지,Lokaal,Lokal,Lokalny,Local,Local,Местный,Local,Lokalne,Mitaa,Lokal,ส่วนท้องถิ่น,Yöresel,Địa phương,,,,,,,,,,,,,,,,,,,,,,,,,,,,,,,,,,,,,,,,,,,,,,,,,,,,,,,,,,,,,,,,,,,,,,,,,,,,,,,,,,,,,,,
Outdoor,户外的,Buite,حوض,Exterior,Im Freien,Υπαίθριος,Ulkoilma,Extérieur,Amuigh faoin aer,घर के बाहर,Vanjski,Szabadtéri,Kolam,All’aperto,アウトドア,야외,Openlucht,Utendørs,Odkryty,Ao ar livre,Exterior,На открытом воздухе,Al aire libre,Spoljašnji,Nje,Utomhus,กลางแจ้ง,Açık,Ngoài trời,,,,,,,,,,,,,,,,,,,,,,,,,,,,,,,,,,,,,,,,,,,,,,,,,,,,,,,,,,,,,,,,,,,,,,,,,,,,,,,,,,,,,,,
Business,商,Besigheid,مهنة,Negoci,Geschäft,Επιχείρηση,Liiketoiminta,Affaire,Gnó,धंधा,Biznis,Üzlet,Bisnis,Azienda,事,사업,Zaak,Forretning,Biznes,Negócio,Afacere,Дело,Negocio,Posla,Biashara,Affär,ธุรกิจ,İş,Kinh doanh,,,,,,,,,,,,,,,,,,,,,,,,,,,,,,,,,,,,,,,,,,,,,,,,,,,,,,,,,,,,,,,,,,,,,,,,,,,,,,,,,,,,,,,
Cooking,烹饪,Kook,طبخ,Cocció,Kochen,Μαγείρεμα,Ruuanlaitto,Cuisine,Cócaireacht,खाना पकाना,Kuhanje,Főzés,Memasak,Cottura,料理,요리,Koken,Matlaging,Gotowanie,Cozimento,Gătit,Готовка,Cocción,Kuvanje,Kupikia,Matlagning,การหุงต้ม,Aşçılık,Nấu ăn,,,,,,,,,,,,,,,,,,,,,,,,,,,,,,,,,,,,,,,,,,,,,,,,,,,,,,,,,,,,,,,,,,,,,,,,,,,,,,,,,,,,,,,
Classic,经典,Klassieke,كلاسيكي,Clàssic,Klassisch,Κλασικός,Klassikko,Classique,Clasaiceach,क्लासिक,Klasičan,Klasszikus,Klasik,Classico,クラシック,고전,Klassiek,Klassisk,Klasyczny,Clássico,Clasic,Классический,Clásico,Klasični,Classic,Klassisk,คลาสสิก,Klasik,Cổ điển,,,,,,,,,,,,,,,,,,,,,,,,,,,,,,,,,,,,,,,,,,,,,,,,,,,,,,,,,,,,,,,,,,,,,,,,,,,,,,,,,,,,,,,
Religious,宗教,Godsdienstige,ديني,Religiós,Religiös,Θρησκευτικός,Uskonnollinen,Religieux,Reiligiúnach,धर्मपरायण,Religiozan,Vallásos,Alim,Religioso,信心深い,종교적인,Godsdienstig,Religiøs,Religijny,Religioso,Religios,Религиозный,Religioso,Religiozni,Kidini,Religiös,ศาสนา,Dindar,Tôn giáo,,,,,,,,,,,,,,,,,,,,,,,,,,,,,,,,,,,,,,,,,,,,,,,,,,,,,,,,,,,,,,,,,,,,,,,,,,,,,,,,,,,,,,,
News,新闻,Nuus,خبر,Notícia,Nachrichten,Ειδήσεις,Uutinen,Nouvelles,Nuacht,समाचार,Novosti,Hírek,Berita,Notizie,ニュース,소식,Nieuws,Nyheter,Wiadomości,Notícia,Știri,Новости,Noticia,Vesti,Habari,Nyheter,ข่าว,Haberler,Tin tức,,,,,,,,,,,,,,,,,,,,,,,,,,,,,,,,,,,,,,,,,,,,,,,,,,,,,,,,,,,,,,,,,,,,,,,,,,,,,,,,,,,,,,,
Sports,体育,Sport,رياضي,Esportiu,Sport,Αθλητισμός,Urheilu,Sportif,Spórt,खेल-कूद,Sportski,Sport,Olahraga,Sportivo,スポーツ,스포츠,Sport,Sport,Komentator,Desportivo,Sport,Спортивный,Deportivo,Sport,Michezo,Sport,กีฬา,Spor,Thể thao,,,,,,,,,,,,,,,,,,,,,,,,,,,,,,,,,,,,,,,,,,,,,,,,,,,,,,,,,,,,,,,,,,,,,,,,,,,,,,,,,,,,,,,
General,常规,Algemene,عام,General,Allgemein,Γενικά,Yleiset,Généralités,Ginearálta,सामान्य,Općenito,Általános,Umum,Generale,全般,일반,Algemeen,Generelt,Ogólne,Geral,General,Общее,General,Opšte,Jumla,Allmänt,ทั่วไป,Genel,Tổng quát,,,,,,,,,,,,,,,,,,,,,,,,,,,,,,,,,,,,,,,,,,,,,,,,,,,,,,,,,,,,,,,,,,,,,,,,,,,,,,,,,,,,,,,
Lifestyle,生活方式,Lewenstyl,نمط الحياه,Estil,Lebensstil,Τρόπος ζωής,Elämäntapa,Mode de vie,Stíl Mhaireachtála,जीवन-शैली,Stil života,Életmód,Gaya hidup,Stile di vita,ライフスタイル,생활방식,Leefwijze,Livsstil,Styl życia,Estilo de vida,Stil de viață,Образ жизни,Modo de vida,Ћivot,Maisha,Livsstil,ไลฟ์สไตล์,Yaşam tarzı,Lifestyle,,,,,,,,,,,,,,,,,,,,,,,,,,,,,,,,,,,,,,,,,,,,,,,,,,,,,,,,,,,,,,,,,,,,,,,,,,,,,,,,,,,,,,,
Auto,自动,Outo,تلقائي,Auto,Auto,Αυτο,Auto,Auto,Go hUathoibríoch,ऑटो,Automobil,Kocsi,Auto,Automatico,自動,자동,Auto,Auto,Automatycznie,Automático,Automobil,Авто,Automático,Automatski,Otomatiki,Bil,รถ,Otomatik,Xe ô tô,,,,,,,,,,,,,,,,,,,,,,,,,,,,,,,,,,,,,,,,,,,,,,,,,,,,,,,,,,,,,,,,,,,,,,,,,,,,,,,,,,,,,,,
Animation,动画,Animasie,رسم متحرك,Animació,Animation,Εμψύχωση,Animaatio,Animation,Beochan,अनुप्राणन,Animacija,Animáció,Animasi,Animazione,アニメーション,애니메이션,Animatie,Animasjon,Animacja,Animação,Animație,Мультипликация,Animación,Animacije,Uhuishaji,Animation,ความมีชีวิตชีวา,Animasyon,Hoạt hình,,,,,,,,,,,,,,,,,,,,,,,,,,,,,,,,,,,,,,,,,,,,,,,,,,,,,,,,,,,,,,,,,,,,,,,,,,,,,,,,,,,,,,,
Legislative,立法,Wetgewende,تشريعي,Legislatiu,Gesetzgebend,Νομοθετικός,Lainsäädännöllinen,Législatif,Reachtaíocht,वैधानिक,Zakonodavan,Törvényhozó,Legislatif,Legislativo,立法権,입법,Wetgevend,Lovgivende,Ustawodawczy,Legislativo,Legislativ,Законодательный,Legislativo,Zakonodavne,Sheria ya,Lagstiftnings,ฝ่ายนิติบัญญัติ,Yasama,Lập pháp,,,,,,,,,,,,,,,,,,,,,,,,,,,,,,,,,,,,,,,,,,,,,,,,,,,,,,,,,,,,,,,,,,,,,,,,,,,,,,,,,,,,,,,
Series,系列,Reeks,سلسلة,Sèrie,Reihe,Σειρά,Sarja,Série,Sraith,शृंखला,Serija,Sorozat,Seri,Serie,級数,시리즈,Reeks,Serie,Seria,Série,Serie,Серия,Serie,Serije,Mfululizo,Serie,อนุกรม,Silsile,Loạt,,,,,,,,,,,,,,,,,,,,,,,,,,,,,,,,,,,,,,,,,,,,,,,,,,,,,,,,,,,,,,,,,,,,,,,,,,,,,,,,,,,,,,,
Shop,店,Winkel,دكان,Botiga,Laden,Κατάστημα,Kauppa,Boutique,Siopa,ख़रीदारी करना,Trgovina,Bolt,Toko,Negozio,店,가게,Winkel,Butikk,Sklep,Loja,Magazin,Магазин,Tienda,Radnju,Duka,Butik,ร้าน,Dükkân,Cửa hàng,,,,,,,,,,,,,,,,,,,,,,,,,,,,,,,,,,,,,,,,,,,,,,,,,,,,,,,,,,,,,,,,,,,,,,,,,,,,,,,,,,,,,,,
Science,科学,Wetenskap,علم,Ciència,Wissenschaft,Επιστήμη,Tiede,Science,Eolaíocht,विज्ञान,Znanost,Tudomány,Ilmu,Scienza,科学,과학,Wetenschap,Vitenskap,Nauka,Ciência,Știință,Наука,Ciencia,Nauka,Sayansi,Vetenskap,วิทยาศาสตร์,Bilim,Khoa học,,,,,,,,,,,,,,,,,,,,,,,,,,,,,,,,,,,,,,,,,,,,,,,,,,,,,,,,,,,,,,,,,,,,,,,,,,,,,,,,,,,,,,,
Relax,放松,Ontspan,ارتاح,Relaxar,Entspannen,Χαλαρώνω,Rentoutua,Se détendre,Lig do scíth,आराम करना,Olabaviti,Pihen,Rileks,Rilassare,リラックス,늦추다,Ontspannen,Slappe,Relaksować się,Relaxar,Relaxa,Ослаблять,Relajar,Opusti,Kupumzika,Slappa,พักผ่อน,Dinlenmek,Thư giãn,,,,,,,,,,,,,,,,,,,,,,,,,,,,,,,,,,,,,,,,,,,,,,,,,,,,,,,,,,,,,,,,,,,,,,,,,,,,,,,,,,,,,,,
Weather,天气,Weer,طقس,Temps,Wetter,Καιρός,Sää,Temps,Aimsir,मौसम,Vrijeme,Időjárás,Cuaca,Tempo,天気,날씨,Weer,Vær,Pogoda,Tempo,Vreme,Погода,Tiempo,Vreme,Hewa,Väder,อากาศ,Hava,Thời tiết,,,,,,,,,,,,,,,,,,,,,,,,,,,,,,,,,,,,,,,,,,,,,,,,,,,,,,,,,,,,,,,,,,,,,,,,,,,,,,,,,,,,,,,
