eng,iso639-3,iso639-1,zho,afr,ara,cat,deu,ell,fin,fra,gle,hin,hrv,hun,ind,ita,jpn,kor,nld,nor,pol,por,ron,rus,spa,srp,swa,swe,tha,tur,vie
en,,,zh,af,ar,ca,de,el,fi,fr,ga,hi,hr,hu,id,it,ja,ko,nl,no,pl,pt,ro,ru,es,sr,sw,sv,th,tr,vi
A'ou,aou,,奥乌语,Ou taal,لغة Ou,Llengua ou,Ou Sprache,Ou γλώσσα,Ou-kieli,Notre langue,Teanga Ou,Ou भाषा,Ou jezik,Ou nyelv,Bahasa Ou,Lingua Ou,奥羽語,Ou 언어,Ou taal,Ou språk,Język ou,Ou língua,Ou limbă,Ou language,Idioma Ou,Ouu jezik,Lugha ya Ou,Ou språk,ภาษา Ou,Ou dili,Ngôn ngữ Ou
Abkhaz,abk,ab,阿布哈兹语,Abchaziese,الابخازيه,Abkhàzia,Abchasisch,Αμπχαζικά,Abhaasi,Abkhaze,AbkhazianName,अब्खाज़ियन,Abhazijski,abház,Abkhazia,Abcaso,アブハジア語,압하지야어,Abchazisch,Abkhasisk,Abchaski,Abecásia,Abhazie,Абхазский,Abjaso,Abhazijan,Abkhazian,Abchaziska,อับคาเซียน,Abhaz,Tiếng Abkhazia
Achuar,acu,,阿丘亚尔语,Achuar,أشوار,Achuar,Achuar,Ατσουάρ,Achuar,Achuar,AchuarName,अचुआर,Ačuar,Achuar,Achuar,cantone di Achuar,アチュアール,아추아르,Kanton Achuar,Achuar,Achuar,Achuar,Achuar,Ачуар,Achuar,Achuar,Achuar,Achuar Achuar,อาชัวร์,Achuar Belediyesi,Achuar
Afrikaans,afr,af,南非荷兰语,Afrikaans,الأفريقانية,Afrikaans,Afrikaans,Αφρικάανς,Afrikaans,Afrikaans,Afracáinis,अफ़्रिकान्स,Afrikaans,Búr,Afrika,Afrikaans,アフリカーンス語,아프리칸스어,Afrikaans,Afrikaans,Afrikaans,Africâner,Afrikaans,Африкаанс,Afrikaans,Afrikanski,Kiafrikaani,Afrikaans,อัฟริกัน,Afrikaner,Afrikaans
Ainu,ain,,爱努语,Ainu,عينو,Ainu,Ainu,Αϊνού,Ainu,Aïnou,Ainu,ऐनू,Ainu,Ainu,Ainu,Ainu,アイヌ,아이누어,Kanton Ainu,Ainu,Ainu,Ainu,Ainu,Айну,Ainu,Ainu,Ainu,Ainu,ไอนุ,Ainu,Ainu
Akkadian,akk,,阿卡德语,Akkadies,الأكادية,Accadi,Akkadisch,Ακκαδική,Akkadi,Akkadien,AkkadianName,अक्कादियन,Akadski,Akkád,Akkadia,Accadico,アッカド語,아카드어,Akkadisch,Akkadisk,Akadyjski,Acadiano,Akkadiană,Аккадский,Acadio,Akadijanиe,Akkadian,Akkadiska,อัคคาเดียน,Akad,Tiếng Akkad
Albanian,sqi,sq,阿尔巴尼亚语,Albaniese,الألبانية,Albanès,Albanisch,Αλβανικά,Albania,Albanais,Albáinis,अल्बानियाई,Albanski,Albán,Albania,Albanese,アルバニア語,알바니아어,Albanees,Albansk,Albański,Albanês,Albaneză,Албанский,Albanés,Albanski,Kialbania,Albanska,อัลบาเนีย,Arnavutça,Tiếng An-ba-ni
Alemannic German,gsw,,阿勒曼尼语,Alemanni-taal,اللغة اليمانية,Llengua alemanni,Alemannische Sprache,Αλεμαννική γλώσσα,Alemannin kieli,Langue alamani,Teanga Alemanni,अलेमानी भाषा,Alemanni jezik,Alemanni nyelv,Bahasa Alemanni,Lingua Alemanni,アレマン語,알레만니어,De taal van de Alemannen,Alemannisk språk,Język alemanski,Língua alamânica,Limba alemanilor,Алеманнский язык,Idioma alamaní,Alemanni jezik,Lugha ya Alemanni,Alemanniska språket,ภาษา Alemanni,Alemanni dili,Ngôn ngữ Alemanni
American Sign Language,ase,,美国手语,Amerikaanse Gebaretaal,لغة الإشارة الأمريكية,Llengua de signes americana,Amerikanische Gebärdensprache,Αμερικανική Νοηματική Γλώσσα,Amerikkalainen viittomakieli,Langue des signes québécoise,Teanga Chomharthaíochta Mheiriceá,अमेरिकी सांकेतिक भाषा,Američki znakovni jezik,Amerikai jelnyelv,Bahasa Isyarat Amerika,Lingua dei segni americana,アメリカ手話(American Sign Language),미국 수화,Amerikaanse gebarentaal,Amerikansk tegnspråk,Amerykański język migowy,Língua Americana de Sinais,Limbajul semnelor american,Американский язык жестов,Lenguaje de Señas Americano,Američki znakovni jezik,Lugha ya Ishara ya Marekani,Amerikanskt teckenspråk,ภาษามืออเมริกัน,Amerikan İşaret Dili,Ngôn ngữ ký hiệu Mỹ
Amharic,amh,am,阿姆哈拉语,Amharies,الأمهرية,Amhàric,Amharisch,Αμχαρικά,Amhara,Amharique,Amharic,अम्हारिक,Amharski,Amhara,Amharik,Amarico,アムハラ語,암하라어,Amhaars,Amharisk,Amharski,Amárico,Amharică,Амхарский,Amárico,Amharić,Amharic,Amhariska,ภาษาอัมฮาริค,Amharca,Tiếng Amhara
Amis,ami,,阿美语,Amis,بعثه الاتحاد الافريقي,Amis,Amis,Αμίς,Amis,Amis,AmisName,एमिस,Amis,Amis,Amis,Amis,アミ族,아미족,Amis,Amis,Amis,Amis,Amis,Амис,Amis,Amis,Amis,Amis,อามิส,Amis,Amis
Ancient Greek,grc,,古希腊语,Antieke Grieks,اليونانية القديمة,Grec antic,Altgriechisch,Αρχαία ελληνική γλώσσα,Muinaiskreikka,Grec ancien,An tSean-Ghréigis,प्राचीन यूनानी भाषा,Starogrčki jezik,Ógörög nyelv,Bahasa Yunani Kuno,Greco antico,古代ギリシャ語,고대 그리스어,Oudgrieks,Gammelgresk,Starogrecki,Grego antigo,Greaca veche,Древнегреческий,Griego antiguo,Stari Grk,Ugiriki ya Kale,Klassisk grekiska,กรีกโบราณ,Antik Yunanca,Hy Lạp cổ đại
Ancient Hebrew,hbo,,古希伯来语,Antieke Hebreeus,العبرية القديمة,Hebreu antic,Althebräisch,Αρχαία Εβραϊκά,Muinainen heprea,Hébreu ancien,An tSean-Eabhrais,प्राचीन हिब्रू,Drevni hebrejski,Ősi héber,Ibrani kuno,Ebraico antico,古代ヘブライ語,고대 히브리어,Oud-Hebreeuws,Gammel hebraisk,Starożytny hebrajski,Hebraico Antigo,Ebraica veche,Древнееврейский,Hebreo antiguo,Drevni hebrejski,Kiebrania cha Kale,Forntida hebreiska,ภาษาฮีบรูโบราณ,Eski İbranice,Tiếng Do Thái cổ đại
Arabic,ara,ar,阿拉伯语,Arabies,العربية,Àrab,Arabisch,Αραβικά,Arabia,Arabe,Araibis,अरबी,Arapski,Arab,Arab,Arabo,アラビア語,아랍어,Arabisch,Arabisk,Arabski,Árabe,Arabă,Арабский,Árabe,Arapski,Kiarabu,Arabiska,อาหรับ,Arapça,Tiếng A-rập
Aramaic,arc,,阿拉马语,Arama,أراما,Arama,Arama,Αράμα,Arama,Arama,Arama,अरामा,Arama,Arama,Arama,Arama,荒間,아라마,Arama,Arama,Arama powiedział:,Arama,Arama,Арама,Arama,Arama,Arama,Arama Arama,อารามา,Arama,Tiếng Ả Rập
Armenian,hye,hy,亚美尼亚语,Armeense,الأرمينية,Armeni,Armenisch,Αρμενικά,Armenia,Arménien,Airméinis,आर्मीनियाई,Armenski,Örmény,Armenia,Armeno,アルメニア語,아르메니아어,Armeens,Armensk,Armeński,Armênio,Armeană,Армянский,Armenio,Jermenski,Kiarmenia,Armeniska,อาร์เมเนีย,Ermenice,Tiếng Ac-mê-ni
Assamese,asm,as,阿萨姆语,Assamees,الاساميه,Assamès,Assamesisch,Ασαμικά,Assami,Assamais,Asamese,आसामी,Asamski,Asszámi,Bahasa Assam,Assamese,アッサム,아샘어,Assamees,Assamesisk,Assamese,Assamês,Asameză,Ассамский,Asamés,Asamski,Assamese,Assamesiska,อัสสัม,Assamca,Tiếng Assam
Awadhi,awa,,阿瓦地语,Awadi,العوضي,Awadi,Awadi,Αουάντι,Awadi,Awadi,AwadiName,अवदी,Awadi,Awadi,Awadi,Awadi,アワディ,아와디,Awadi,Awadi,Awadi,Awadi,Malaezia,Авади,Awadi,Awadi,Awadi,Awadi Awadi,อาวาดี,Awadi Belediyesi,Awadi
Aymara,aym,ay,艾马拉语,Aymara,ايمارا,Aimara,Aymara,Αϊμάρα,Aimara,Aymara,AymaraName,आयमारा,Aymara,Aymara,Aymara,Aymara,アイマラ,아이마라어,Aymara,Aymara,Ajmara,Aimará,Aymara,Аймара,Aymara,Ajmara,Aymara,Aymara,ไอมารา,Aymara,Aymara
Aynu,aib,,艾努语,Ainu,عينو,Ainu,Ainu,Αϊνού,Ainu,Aïnou,Ainu,ऐनू,Ainu,Ainu,Ainu,Ainu,アイヌ,아이누어,Kanton Ainu,Ainu,Ainu,Ainu,Ainu,Айну,Ainu,Ainu,Ainu,Ainu,ไอนุ,Ainu,Ainu
Azerbaijani,aze,az,阿塞拜疆语,Azerbeidjans,الاذربيجانيه,Àzeri,Aserbaidschanisch,Αζερμπαϊτζανικά,Azeri,Azéri,Asarbaiseáinis,अज़रबैजानी,Azerbejdžanski,Azerbajdzsáni,Azerbaijan,Azerbaigiano,アゼルバイジャン語,아제르바이잔어,Azeri,Aserbajdsjansk,Azerski,Azerbaijano,Azeră,Азербайджанский,Azerbaiyano,Azerbejdžanski,Azerbaijani,Azerbajdzjanska,อาเซอร์ไบจัน,Azerice,Tiếng Ailen
Basay,byq,,巴赛语,Basai,باساي,Basai,Basai,Μπασάι,Basai,Basai,BasaiName,बसई,Basai,Basai,Basai,Basai,バサイ,바사이,Basai,Basai,Basai,Basai,Basai,Басаи,Basai,Basai,Basai,Basai Basai,บาไซ,Basai,Tiếng Basai
Bashkir,bak,ba,巴什基尔语,Basjkir,الباشكيرية,Baixkir,Baschkirisch,Μπασκίρ,Baškiiri,Bachkir,BashkirName,बश्किर,Baškir,Baskír,Bashkir,Baschiro,バシキール語,바쉬키르,Basjkiers,Basjkir,Baszkirski,Bashkir,Bașkiră,Башкирский,Baskir,Baškir,Bashkir,Basjkiriska,บัชคีร์,Başkurtça,Bashkir
Basque,eus,eu,巴斯克语,Baskeland,الباسكية,Basc,Baskisch,Βασκικά,Baski,Basque,Bascais,बास्क,Baskijski,Baszk,Basque,Basco,バスク語,바스크어,Baskisch,Baskisk,Baskijski,Basco,Bască,Баскский,Vasco,Baskijski,Kibaski,Baskiska,บาส์ก,Bask dili,Basque
Belarusian,bel,be,白俄罗斯语,Belarussiese,البيلاروسية,Bielorús,Belarussisch,Λευκορωσικά,Valkovenäjä,Biélorusse,Bealarúisis,बेलारूसी,Bjeloruski,Belorusz,Belarusia,Bielorusso,ベラルーシ語,벨로루시어,Wit-Russisch,Hviterussisk,Białoruski,Bielo-russo,Belarusă,Белорусский,Bielorruso,Beloruski,Kibelarusi,Vitryska,เบลารุส,Beyaz Rusça,Tiếng Bêlarut
Bengali,ben,bn,孟加拉语,Bengali,البنغالية,Bengalí,Bengali,Βεγγαλικά,Bengali,Bengali,Beangáilis,बांग्ला,Bengalski,Bengáli,Bengali,Bengali,ベンガル語,벵골어,Bengaals,Bengali,Bengalski,Bengalês,Bengali,Бенгальский,Bengalí,Bengalski,Kibengali,Bengali,เบนกาลี,Bengali,Tiếng Bengali
Bhojpuri,bho,,博杰普尔语,Bhojpuri,بوجبوري,Bhojpuri,Bhojpuri,Μποτζπούρι,Bhodžpuri,Bhojpuri,BhojpuriName,भोजपुरी,Bhojpuri,Bhojpuri,Bhojpuri,Bhojpuri,ボジプリ,보즈푸리,Bhojpuri,Bhojpuri,Bhojpuri powiedział:,Bhojpuri,Bhojpuri,Бходжпури,Bhojpurí,Bhojpuri,Bhojpuri,Bhojpuri,โภชปุรี,Bhojpuri Dili,Bhojpuri
Bosnian,bos,bs,波斯尼亚语,Bosniese,البوسنية,Bosnià,Bosnisch,Βοσνιακά,Bosnia,Bosniaque,Boisnis,बोस्नियाई,Bosanski,Boszniai,Bosnian,Bosniaco,ボスニア語,보스니아어,Bosnisch,Bosnisk,Bośniacki,Bósnio,Bosniacă,Боснийский,Bosnio,Bosanski,Kibosnia,Bosniska,บอสเนีย,Boşnakça,Bosnia
Breton,bre,br,布列塔尼语,Bretons,بريتونية,Bretó,Bretonisch,Βρετονικά,Bretoni,Breton,Briotáinis,ब्रेटन,Bretonski,Breton,Breton,Bretone,ブルトン語,브루타뉴어,Bretons,Bretonsk,Bretoński,Bretão,Bretonă,Бретонский,Bretón,Breton,Breton,Bretonska,เบรอตง,Bretonca,Breton
Bulgarian,bul,bg,保加利亚语,Bulgaarse,البلغارية,Búlgar,Bulgarisch,Βουλγαρικά,Bulgaria,Bulgare,Bulgáiris,बल्गारिया,Bugarski,Bolgár,Bulgaria,Bulgaro,ブルガリア語,불가리어,Bulgaars,Bulgarsk,Bułgarski,Búlgaro,Bulgară,Болгарский,Búlgaro,Bugarski,Kibulgaria,Bulgariska,เบลเยียม,Bulgarca,Tiếng Bun-ga-ri
Burmese,mya,my,缅甸语,Birmaanse,البورميه,Birmà,Burmesisch,Βιρμανός,Burma,Birman,Burmais,बर्मी,Burmanski,Burmai,Birma,Birmano,ビルマ語,버마어,Birmaans,Burmesisk,Birmański,Birmanês,Birman,Бирманский,Birmano,Burmani,Burmese,Burmesiska,พม่า,Birmanya,Miến điện
Burushaski,bsk,,布鲁沙斯基语,Brushaski,بروشاسكي,Raspallat,Brushaski,Βουρτσάσκι,Harja,Brushaski,Brushaski,ब्रशस्की,Kistom,Kefeaski,Brushaski,Spazzola,ブラッシュアスキー,브루샤스키,Brushaski,Brushaski,Szczociński,Brushaski,Brushaski,Брушаски,Brushaski,Brushaski,Brushaski,Brushaski Brushaski,บรูชาสกี,Fırça Aşkı,Bàn chải
Cantonese,yue,,粤语,Kantonees,كَانْتُونِيَّة,Cantonès,Kantonesisch,Καντονέζικα,Kantoninkiina,Cantonais,Cantainis,कैंटोनीज़,Kantonski,Kantoni,Kantonis,Cantonese,広東語,광둥어,Kantonees,Kantonesisk,Kantoński,Cantonês,Cantoneză,Кантонский,Cantonés,Kantonski,Cantonese,Kantonesiska,ภาษาจีนกวางตุ้ง,Kanton,Tiếng Quảng Đông
Catalan,cat,ca,加泰隆语,Katalonië,الكتالانية,Català,Katalanisch,Καταλανικά,Katalaani,Catalan,Catalóinis,कातलान,Katalonski,Katalán,Catalan,Catalano,カタロニア語,카탈로니아어,Catalaans,Katalansk,Kataloński,Catalão,Catalană,Каталанский,Catalán,Katalonski,Kikatalan,Katalanska,คาตาลัน,Katalanca,Catalan
Cebuano,ceb,,宿务语,Cebuano,سيبوانو,Cebuà,Cebuano,Σεμπουάνο,Cebuano,Cebuano,CebuanoName,सिबुआनो,Cebuano,Cebuano,Cebuano,cantone di Cebuano,セブアノ語,세부아노어,Cebuano,Cebuano,Cebuański,Cebuano,Cebuano,Себуано,Cebuano,Cebuano,Cebuano,Cebuano Cebuano,เซบัวโน,Cebuano Belediyesi,Tiếng Cebuano
Central Kurdish,ckb,,中库尔德语,Middel Koerdies,الكردية الوسطى,Kurd mitjà,Mittelkurdisch,Μέση κουρδική,Keski-kurdi,Kurde moyen,An Mheán-Choirdis,मध्य कुर्द,Srednji kurdski,Közép-kurd,Kurdi Tengah,Curdo medio,中期クルド語,중부 쿠르드어,Middel-Koerdisch,Middelkurdisk,Środkowy kurdyjski,Curdo médio,Kurda mijlocie,Среднекурдский,Kurdo medio,Srednji kurdski,Kikurdi cha Kati,Medelkurdiska,เคิร์ดกลาง,Orta Kürtçe,Tiếng Kurd trung đại
Chhattisgarhi,hne,,查蒂斯加尔语,Chattisgarh,تشاتيسجاره,Chattisgarh,Chattisgarh,Τσάτισγκαρ,Chattisgarh,Chattisgarh,Chattisgarh,छत्तीसगढ़,Chattisgarh,Chattisgarh,Chattisgarh,Cantone di Chattisgarh,チャッティースガル州,차티스가르,Kanton Chattisgarh,Chattisgarh,Chattisgarh,Chattisgarh,Chattisgarh,Чаттисгарх,Chattisgarh,Chattisgarh,Chattisgarh,Chattisgarh (Chattisgarh),ฉัตติสครห์,Chattisgarh Belediyesi,Chattisgarh
Chinese,cmn,cmn,汉语,Chinees,الصينية,Xinès,Chinesisch,Κινεζικά,Kiina,Chinois,Sínis,चीनी,Kineski,Kínai,Cina,Cinese,中国語,중국어,Chinees,Kinesisk,Chiński,Chinês,Chineză,Китайский,Chino,Kineski,Kichina,Kinesiska,จีน,Çince,Trung quốc
Coptic,cop,,科普特语,Koptiese,قبطي,Copte,Koptisch,Κοπτική,Kopti,Copte,Coptach,कॉप्टिक,Koptski,Kopt,Koptik,Copto,コプト語,콥트,Koptisch,Koptisk,Koptyjski,Copta,Coptă,Коптский,Copto,Koptik,Coptic,Koptiska,คอปติก,Kıpti,Coptic
Crimean Tatar,crh,,克里米亚鞑靼语,Krim-Tataars,تتار القرم,Tàtar de Crimea,Krimtatarisch,Κριμαϊκή Ταταρική γλώσσα,Krimintataari,Tatar de Crimée,Tatar na Crimé,क्रीमियन तातार,Krimski Tatarski,Krími tatár,Tatar Krimea,Tataro di Crimea,クリミア・タタール語,크림 타타르어,Krimtataars,Krimtatar,Krymskotatarski,Tártaro da Crimeia,Limba tătară crimeeană,Крымскотатарский,Tártaro de Crimea,Krimski Tatar,Tatar ya Crimea,Krimtatariska,ภาษาตาตาร์ไครเมีย,Kırım Tatarcası,Tiếng Tatar Crimea
Croatian,hrv,hr,克罗地亚语,Kroatiese,الكرواتية,Croat,Kroatisch,Κροατικά,Kroaatti,Croate,Cróitis,क्रोएशियाई,Hrvatski,Horvát,Kroasia,Croato,クロアチア語,크로아티아어,Kroatisch,Kroatisk,Chorwacki,Croata,Croată,Хорватский,Croata,Hrvatski,Kikroashia,Kroatiska,โครเอเชีย,Hırvatça,Tiếng Cro-xi-an
Czech,ces,cs,捷克语,Tsjeggië,التشيكية,Txec,Tschechisch,Τσεχικά,Tšekki,Tchèque,Seicis,चेक,Češki,Cseh,Ceko,Ceco,チェコ語,체코어,Tsjechisch,Tsjekkisk,Czeski,Tcheco,Cehă,Чешский,Checo,Češki,Kicheki,Tjeckiska,เชก,Çekçe,Séc
Danish,dan,da,丹麦语,Deens,الدانماركية,Danès,Dänisch,Δανικά,Tanska,Danois,Danmhairgis,डैनिश,Danski,Dán,Denmark,Danese,デンマーク語,덴마크어,Deens,Dansk,Duński,Dinamarquês,Daneză,Датский,Danés,Danski,Kidanishi,Danska,เดนมาร์ก,Danca,Tiếng Đan-mạch
Dari,prs,,达里语,Dari,الضاري,Dari,Dari,Νταρί,Dari,Dari,DariName,दारी,Dari,Dari,Dari,Dari,ダリー語,다리어,Dari,Dari,Dari,Dari,Anonim,Дари,Dari,Dari,Dari,Dari,ดารี,Dari dili,Dari
Dutch,nld,nl,荷兰语,Hollands,الهولندية,Holandès,Holländisch,Ολλανδικά,Hollanti,Néerlandais,Ísiltíris,डच,Nizozemski,Holland,Belanda,Olandese,オランダ語,네덜란드어,Nederlands,Nederlandsk,Holenderski,Holandês,Olandeză,Нидерландский,Holandés,Holandski,Kiholanzi,Nederländska,ดัทช์,Hollanda dili,Tiếng Hà-Lan
Dzongkha,dzo,dz,宗喀语,Dzongkha,دزونغخا,Dzongkha,Dzongkha,Τζόνγκα,Dzongkha,Dzongkha,DzongkhaName,ज़ोंगखा,Dzongkha,Dzongkha,Dzongkha,Dzongkha,ゾンカ語,종카(Dzongkha),Dzongkha,Dzongkha,Dzongkha,Dzongkha,Dzongkha,Дзонгкха,Dzongkha,Dzongkha,Dzongkha,Dzongkha Dzongkha,ซองคา,Dzongkha Belediyesi,Dzongkha
Egyptian Arabic,arz,,埃及阿拉伯语,Egiptiese Arabies,عربي مصري,Àrab egipci,Ägyptisch-Arabisch,Αιγυπτιακά Αραβικά,Egyptin arabia,Arabe égyptien,Araibis Éigipteach,मिस्री अरबी,Egipatski arapski,Egyiptomi arab,Arab Mesir,Arabo egiziano,アラビア語エジプト方言,이집트 아랍어,Egyptisch Arabisch,Egyptisk arabisk,egipski arabski,Árabe egípcio,Arabă egipteană,"Египетский, арабский",Árabe egipcio,egipatski arapski,Kiarabu cha Misri,Egyptiska Arabiska,ภาษาอาหรับอียิปต์,Mısır Arapçası,Tiếng Ả Rập Ai Cập
English,eng,en,英语,Engels,الإنكليزية,Anglès,Englisch,Αγγλικά,Englanti,Anglais,Béarla,अंग्रेज़ी,Engleski,Angol,Inggris,Inglese,英語,영어,Engels,Engelsk,Angielski,Inglês,Engleză,Английский,Inglés,Engleski,Kiingereza,Engelska,อังกฤษ,İngilizce,Tiếng Anh
Esperanto,epo,eo,世界语,Esperanto,إسبرانتو,Esperanto,Esperanto,Εσπεράντο,Esperanto,Espéranto,EsperantoName,एस्पेरान्तो,Esperanto,Eszperantó,Bahasa esperanto,Esperanto,エスペラント,에스페란토,Esperanto,Esperanto,Esperanto,Esperanto,Esperanto,Эсперанто,Esperanto,Esperanto,Kiesperanto,Esperanto,ภาษาเอสเปรันโต,Esperanto,Tiếng etperantô
Estonian,est,et,爱沙尼亚语,Estoniaanse,الإستونية,Estonià,Estnisch,Εσθονικά,Viro,Estonien,Eastóinis,एस्टोनियाई,Estonski,Észt,Estonia,Estone,エストニア語,에스토니아어,Estisch,Estisk,Estoński,Estoniano,Estonă,Эстонский,Estonio,Estonski,Kiestonia,Estniska,เอสโทเนีย,Estonca,Estonia
Faroese,fao,fo,法罗语,Faroërese,الفياروسية,Feroès,Färöisch,Νησιών Φερόε,Fääri,Féringien,Faróis,फ़ेरोसे,Farski,Feröer-szigeteki,Faroese,Faeroese,フェロー語,페로어,Faeröers,Færøysk,Farerski,Faroês,Feroeză,Фарерский,Feroés,Farski,Kifaroese,Färöiska,แฟโร,Faroe dili,Tiếng Faroe
Finnish,fin,fi,芬兰语,Finse,الفنلندية,Finlandès,Finnisch,Φινλανδικά,Suomi,Finnois,Fionlainnis,फ़िनिश,Finski,Finn,Finlandia,Finlandese,フィンランド語,핀란드어,Fins,Finsk,Fiński,Finlandês,Finlandeză,Финский,Finlandés,Finski,Kifinishi,Finska,ฟินแลนด์,Fince,Tiếng Phần-lan
French,fra,fr,法语,Franse,الفرنسية,Francès,Französisch,Γαλλικά,Ranska,Français,Fraincis,फ़्रेंच,Francuski,Francia,Prancis,Francese,フランス語,프랑스어,Frans,Fransk,Francuski,Francês,Franceză,Французский,Francés,Francuski,Kifaransa,Franska,ฝรั่งเศส,Fransızca,Pháp
French Sign Language,fsl,,法国手语,Franse Gebaretaal,لغة الإشارة الفرنسية,Llengua de signes francesa,Französische Gebärdensprache,Γαλλική Νοηματική Γλώσσα,Ranskalainen viittomakieli,Langue des signes française,Teanga Chomharthaíochta na Fraince,फ्रेंच सांकेतिक भाषा,Francuski znakovni jezik,Francia jelnyelv,Bahasa Isyarat Perancis,Lingua dei segni francese,フランス手話(French Sign Language),프랑스 수화,Franse Gebarentaal,Fransk tegnspråk,Francuski język migowy,Língua Gestual Francesa,Limbajul semnelor francez,Французский язык жестов,Lengua de Signos Francesa,Francuski jezik znakova,Lugha ya Ishara ya Kifaransa,Franskt teckenspråk,ภาษามือฝรั่งเศส,Fransız İşaret Dili,Ngôn ngữ ký hiệu Pháp
Friulian,fur,,弗留利语,Fries,فريوليان,Friülès,Friaulisch,Φριουλιανός,Friuli,Frioulan,Freaslainnis,फ्र्यूलियन,Friulijski,Friuli,Bahasa Friulia,Friulano,フリウリ語,프리울리안,Friulisch,Friulisk,Friulian,Friulano,Friuliană,Фриульский,Friulano,Friulijski,Friulian,Friuliska,ฟรีอูเลียน,Friulian Dili,Tiếng Friulia
Fula,ful,ff,富拉语,Fula-taal,لغة الفولا,Llengua peul,Fula-Sprache,Γλώσσα Φούλα,Fulan kieli,Langue peule,Teanga Fula,फूला भाषा,Fula jezik,Fula nyelv,Bahasa Fula,Lingua Fula,フラ語,Fula 언어,De taal van Fula,Fula språk,Język Fula,Língua fula,Limba Fula,Язык фула,Lengua fula,Fula jezik,Lugha ya Fula,Fula språk,ภาษา Fula,Fula dili,Ngôn ngữ Fula
Galician,glg,gl,加利西亚语,Galicies,الغاليشية,Gallec,Galizisch,Γαλικικά,Galego,Galicien,Gailísis,गैलिशियन,Galicijski,Galíciai,Galician,Galiziano,ガリシア語,갈리시아어,Galicisch,Galisisk,Galicyjski,Galego,Galiciană,Галисийский,Gallego,Galicijski,Kigalishia,Galiciska,กาลิเชีย,Galiçya lehçesi,Galician
Gan,gan,,赣语,Gan,قان,Gan,Gan,Γκαν,Gan,Gan,Gan,जीएएन,Gan,Gan,Gan,Gan,ガン,간,Gan,Gan,Gan,Gan,Gan,Гань,Gan,Gan,Gan,Gan,กาน,Gan Belediyesi,Gan
Georgian,kat,ka,格鲁吉亚语,Georgiaanse,الجورجية,Georgià,Georgisch,Γεωργιανά,Georgia,Géorgien,Seoirsis,जॉर्जियन,Gruzijski,Grúz,Georgian,Georgiano,グルジア語,그루지야어,Georgisch,Georgisk,Gruziński,Georgiano,Gruzină,Грузинский,Georgiano,Gruzijski,Kijojia,Georgiska,จอร์เจีย,Gürcüce,Georgian
German,deu,de,德语,Duitse,الألمانية,Alemany,Deutsch,Γερμανικά,Saksa,Allemand,Gearmáinis,जर्मन,Njemački,Német,Jerman,Tedesco,ドイツ語,독일어,Duits,Tysk,Niemiecki,Alemão,Germană,Немецкий,Alemán,Nemački,Kijerumani,Tyska,เยอรมัน,Almanca,Tiếng Đức
Gothic,got,,哥特语,Gotiese,قوطي,Gòtic,Gotisch,Γοτθική,Goottilainen,Gothique,Gotach,गोथिक,Gotski,Gót,Gothic,Gotico,ゴシック,고딕,Gotisch,Gotisk,Gotycki,Gótica,Gotic,Готический,Gótico,Gothic,Gothic,Gotisk,โกธิค,Gotik,Gothic
Greek,ell,el,希腊语,Grieks,اليونانية,Grec,Griechisch,Ελληνικά,Kreikka,Grec,Gréigis,यूनानी,Grčki,Görög,Yunani,Greco,ギリシャ語,그리스어,Grieks,Gresk,Grecki,Grego,Greacă,Греческий,Griego,Grčki,Kigiriki,Grekiska,กรีก,Yunanca,Tiếng Hy Lạp
Greenlandic,kal,kl,格陵兰语,Groenlands,غرينلاند,Kalaallisut,Grönländisch,Γροιλανδίας,Grönlannin kieli,Groenlandais,Graonlainnis,ग्रीनलैंडिक,Grenlandski,Grönlandi,Tanah penggembalaan,Groenlandese,グリーンランド語,그린란드어,Groenlands,Grønlandsk,Grenlandzki,Gronelandês,Groenlandeză,Гренландский,Groenlandés,Grenlandski,Greenland ya,Grönländsk,กรีนแลนด์,Kalaallisut,Greenland
Guaraní,grn,gn,瓜拉尼语,Guarani,الجواراني,Guaraní,Guaraní,Γκουαρανί,Guarani,Guarani,Guaráinis,गुआरानी,Guarani,Guarani,Guarani,Guarani,グアラニ,과라니어,Guarani,Guarani,Guarani,Guarani,Guarani,Гуарани,Guaraní,Guarani,Guarani,Guarani,กวารานี,Guarani,Guarani
Guinea Kpelle,gkp,,几内亚克珀列语,Guinese Kepelle,كيبيلي غيني,Kepelle guineà,Guineische Kepelle,Κέπελε της Γουινέας,Guinean Kepelle,Kepelle guinéenne,Guine Uí Chaoimh,गिनी केपेल,Gvinejski kepel,Guineai Kepelle,Kepelle Guinea,Kepelle guineana,ギニアケペレ,기니 케펠레,Guinese Kepelle,Guineansk Kepelle,Kepelle gwinejskie,Kepelle guineense,Guineea Kepelle,Гвинейская кепелле,Kepelle guineano,Gvinejac Kepel,Kepelle ya Guinea,Guineansk Kepelle,กินี Kepelle,Gine Kepelle,Kepelle Guinea
Gujarati,guj,gu,古吉拉特语,Goedjarati,الجوجاراتية,Gujarati,Gujarati,Γκουτζαρατικά,Gudzarati,Gujarâtî,Gúisearáitis,गुजराती,Gudžaratski,Gudzsaráti,Gujarat,Gujarati,グジャラート語,구자라트어,Gujarati,Gujarati,Gudżarati,Guzerate,Gujarati,Гуджарати,Gujarati,Gudžarati,Kigujarati,Gujarati,กุจราช,Gucerat dili,Gujarati
Haitian Creole,hat,ht,海地克里奥尔语,Haïti Kreools,هايتي,Crioll d'Haití,Haitianisch,Γλώσσα Αϊτής,Haitin kieli,Haïtien,Criól Háítí,हैतियाई क्रेओल,Haićanski kreolski,Haiti kreol,Kreol Haiti,Haitiano,ハイチ語,아이티어,Haïtiaans,Haitisk kreolsk,Haitański,Haitiano,Creolă haitiană,Гаитянский,Criollo Haitiano,Haićanski kreolski,Kikrioli cha Haiti,Haitiska,ชาวเฮติ,Haiti Kreyolu,Creole Haiti
Hakka,hak,,客家话,Hakka,هاكا,Hakka,Hakka,Χάκα,Hakka,Hakka,HakkaName,होक्का भाषा,Hakka,Hakka,Hakka,Hakka,客家語,하카어,Hakka,Hakka,Hakka,Hakka,Hakka,Хакка,Hakka,Haka,Hakka,Hakka,แคะ,Hakka,Tiếng Khách Gia
Hakka Chinese,hak,,客家话,Hakka,هاكا,Hakka,Hakka,Χάκα,Hakka,Hakka,HakkaName,होक्का भाषा,Hakka,Hakka,Hakka,Hakka,客家語,하카어,Hakka,Hakka,Hakka,Hakka,Hakka,Хакка,Hakka,Haka,Hakka,Hakka,แคะ,Hakka,Tiếng Khách Gia
Hani,hni,,哈尼语,Hani-taal,لغة هاني,Llengua hani,Hani-Sprache,Γλώσσα Χάνι,Hanin kieli,Langue hani,Teanga Hani,हानी भाषा,Hani jezik,Hani nyelv,Bahasa Hani,Lingua Hani,ハニ語,Hani 언어,Hani taal,Hani språk,Język hani,Língua Hani,Limba Hani,Ханский язык,Idioma hani,Hani jezik,Lugha ya Hani,Hani-språket,ภาษา Hani,Hani dili,Ngôn ngữ Hani
Hausa,hau,ha,豪萨语,Hausa,الهوسا,Hausa,Hausa,Χάουσα,Hausa,Haoussa,HausaName,हौसा,Hausa,Hausza,Hausa,Hausa,ハウサ語,하우사어,Hausa,Hausa,Hausa,Haúça,Hausa,Хауса,Hausa,Hausa,Hausa,Hausa,เฮาซา,Hausa,Hausa
Hebrew,heb,he,希伯来语,Hebreeus,العبرية,Hebreu,Hebräisch,Εβραϊκά,Heprea,Hébreu,Eabhrais,हिब्रू,Hebrejski,Héber,Ibrani,Ebraico,ヘブライ語,히브리어,Hebreeuws,Hebraisk,Hebrajski,Hebraico,Ebraică,Иврит,Hebreo,Hebrejski,Kiebrania,Hebreiska,เฮบรู,İbranice,Tiếng Do Thái
Hiligaynon,hil,,希利盖农语,Heligaignon,هيليجينيون,Heligaignon,Heligaignon,Heligaignon,Heligaignon,Héligaignon,Heligaignon,हेलिगैग्नन,Heligaignon,Heligaignon,Heligaignon,Heligaignon,ヘリガイニョン,헬리가뇽,Kanton Heligaignon,Heligaignon,Heligaignon,Heligaignon,Heligaignon,Гелигайньон,Heligaignon,Heligaignon,Heligaignon,Heligaignon,เฮลิกาญอง,Heligaignon Belediyesi,Heligaignon
Hindi,hin,hi,印地语,Hindi,الهندية,Hindi,Hindi,Χίντι,Hindi,Hindi,Hiondúis,हिंदी,Hindi,Hindi,Hindi,Hindi,ヒンディー語,힌디어,Hindi,Hindi,Hindi,Hindi,Hindi,Хинди,Hindi,Hindu,Kihindi,Hindi,ฮินดี,Hintçe,Tiếng Hin-đi
Hungarian,hun,hu,匈牙利语,Hongaars,المجرية,Hongarès,Ungarisch,Ουγγρικά,Unkari,Hongrois,Ungáiris,हंगेरियन,Mađarski,Magyar,Hongaria,Ungherese,ハンガリー語,헝가리어,Hongaars,Ungarsk,Węgierski,Húngaro,Maghiară,Венгерский,Húngaro,Mađarski,Kihangaria,Ungerska,ฮังการี,Macarca,Tiếng Hung-ga-ri
Icelandic,isl,is,冰岛语,Yslandse,الأيسلندية,Islandès,Isländisch,Ισλανδικά,Islanti,Islandais,Íoslainnis,आइसलैंडिक,Islandski,Izlandi,Islandia,Islandese,アイスランド語,아이슬란드어,IJslands,Islandsk,Islandzki,Islandês,Islandeză,Исландский,Islandés,Islandski,Kiaisilandi,Isländska,ไอร์แลนด์,İzlanda dili,Tiếng Băng đảo
Igbo,ibo,ig,伊博语,Igbo,الإيغبو,Igbo,Igbo,Ίγκμπο,Igbo,Igbo,IgboName,इग्बो,Igbo,Igbo,Igbo,Igbo,イボ語,이그보어,Igbo,Igbo,Igbo,Igbo,Ionescu,Игбо,Igbo,Igbo,Igbo,Ibo,อิกโบ,İbo dili,Igbo
Indian Sign Language,ins,,印度手语,Indiese Gebaretaal,لغة الإشارة الهندية,Llengua de signes índia,Indische Gebärdensprache,Ινδική Νοηματική Γλώσσα,Intialainen viittomakieli,Langue des signes indienne,Teanga Chomharthaíochta na hIndia,भारतीय सांकेतिक भाषा,Indijski znakovni jezik,Indiai jelnyelv,Bahasa Isyarat India,Lingua dei segni indiana,インド手話(Indian Sign Language),인도 수화,Indiase gebarentaal,Indisk tegnspråk,Indyjski język migowy,Língua de sinais indiana,Limbajul semnelor indian,Индийский язык жестов,Lenguaje de señas indio,Indijski znakovni jezik,Lugha ya Ishara ya India,Indiskt teckenspråk,ภาษามืออินเดีย,Hint İşaret Dili,Ngôn ngữ ký hiệu Ấn Độ
Indonesian,ind,id,印尼语,Indonesiese,الإندونيسية,Indonesi,Indonesisch,Ινδονησιακά,Indonesia,Indonésien,Indinéisis,इंडोनेशियाई,Indonezijski,Indonéz,Indonesia,Indonesiano,インドネシア語,인도네시아어,Indonesisch,Indonesisk,Indonezyjski,Indonésio,Indoneziană,Индонезийский,Indonesio,Indonežanski,Kiindoneshia,Indonesiska,อินโดนีเซีย,Endonezya dili,Tiếng In-đô-nê-xi-a
Interlingua,ina,ia,国际语,Interlingua,اللغة الإصطناعية,Interlingua,Interlingua,Ιντερλίνκουα,Interlingua,Interlingua,Interlingua,इंटरलिंगुआ,Međujezik,Interlingva,Interlingua,Interlingua,インターリングア,인테르링구아,Interlingua,Interlingua,Interlingua,Interlíngua,Interlingua,Интерлингва,Interlingua,Interlingua,Interlingua,Interlingua,ภาษากลาง,İnterlingua,Interlingua
Inupiaq,ipk,ik,因纽皮亚克语,Inyupiac,إينيوبياك,Inyupiac,Inyupiac,Ινγιουπιάκ,Inyupiac,Inyupiac,Inyupiac,इन्यूपियाक,Injupijak,Inyupiac,Inyupiac,Inyupiac,イニュピアック,인유피악,Inyupiac,Inyupiac,Inyupiac,Inyupiac,Inyupiac,Инюпиак,Inyupiac,Inyupiac,Inyupiac,Inyupiac Inyupiac,อินยูเพียก,Inyupiac (Türkçe),Inyupiac
Irish,gle,ga,爱尔兰语,Ierse,الأيرلندية,Irlandès,Irisch,Ιρλανδικά,Irlanti,Irlandais,Gaeilge,आयरिश,Irski,Ír,Irlandia,Irlandese,アイルランド語,아일랜드어,Iers,Irsk,Irlandzki,Irlandês,Irlandeză,Ирландский,Irlandés,Irski,Kiairishi,Irländska,ไอริส,İrlanda dili,Ailen
Italian,ita,it,意大利语,Italiaans,الإيطالية,Italià,Italienisch,Ιταλικά,Italia,Italien,Iodáilis,इटैलियन,Talijanski,Olasz,Italia,Italiano,イタリア語,이탈리아어,Italiaans,Italiensk,Włoski,Italiano,Italiană,Итальянский,Italiano,Italijanski,Kiitaliano,Italienska,อิตาลี,İtalyanca,Tiếng Ý
Jamaican Creole,jam,,牙买加克里奥尔英语,Jamaikaanse Kreoolse Engels,الكريولية الجامايكية الإنجليزية,Crioll jamaicà anglès,Jamaikanisch-Kreolisch Englisch,Τζαμαϊκανή Κρεολή Αγγλικά,Jamaikan kreolienglanti,Anglais créole jamaïcain,Béarla Creole Iamáice,जमैका क्रियोल अंग्रेजी,Jamajčanski kreolski engleski,jamaicai kreol angol,Jamaika Creole Inggris,Inglese creolo giamaicano,ジャマイカクレオール英語,자메이카 크리올 영어,Jamaicaans Creools Engels,Jamaicansk kreolsk engelsk,jamajski kreolski angielski,Crioulo jamaicano Inglês,Creolă jamaicană Engleză,Ямайский креольский английский,Inglés criollo jamaiquino,Jamajčanski kreolski engleski,Kiingereza cha Jamaika Creole,Jamaicansk kreol engelska,จาเมกาครีโอล English,Jamaika Creole İngilizcesi,Tiếng Creole Jamaica Tiếng Anh
Japanese,jpn,ja,日语,Japannese,اليابانية,Japonès,Japanisch,Ιαπωνικά,Japani,Japonais,Seapáinis,जापानी,Japanski,Japán,Jepang,Giapponese,日本語,일본어,Japans,Japansk,Japoński,Japonês,Japoneză,Японский,Japonés,Japanski,Kijapani,Japanska,ญี่ปุ่น,Japonca,Tiếng Nhật
Javanese,jav,jv,爪哇语,Javaans,الجاويه,Javanès,Javanisch,Ιαβανέζικα,Jaava,Javanais,Iávais,जावानीस,Javanski,Jávai,Bahasa Jawa,Giavanese,ジャワ語,자바어,Javaans,Javanesisk,Jawajski,Javanês,Javaneză,Яванский,Javanés,Javanese,Javanese,Javanesiska,ภาษาชวา,Cava,Java
Javanese,jav,jv,爪哇语,Javaans,الجاويه,Javanès,Javanisch,Ιαβανέζικα,Jaava,Javanais,Iávais,जावानीस,Javanski,Jávai,Bahasa Jawa,Giavanese,ジャワ語,자바어,Javaans,Javanesisk,Jawajski,Javanês,Javaneză,Яванский,Javanés,Javanese,Javanese,Javanesiska,ภาษาชวา,Cava,Java
Jin,cjy,,晋语,Jin taal,لغة جين,Llengua Jin,Jin-Sprache,Γλώσσα Jin,Jin-kieli,Langue Jin,Teanga Jin,जिन भाषा,Jin jezik,Jin nyelv,Bahasa Jin,Lingua Jin,ジン語,Jin 언어,Jin-taal,Jin språk,Język Jin,Língua Jin,Limba Jin,Цзиньский язык,Idioma Jin,Džin jezik,Lugha ya Jin,Jin-språk,ภาษา Jin,Jin dili,Tiếng Tấn
Jingpho,kac,,景颇语,Jingpo taal,لغة جينغبو,Llengua jingpo,Jingpo-Sprache,Γλώσσα Jingpo,Jingpon kieli,Langue Jingpo,Teanga Jingpo,जिंगपो भाषा,Jingpo jezik,Jingpo nyelv,Bahasa Jingpo,Lingua jingpo,景浦語,Jingpo 언어,Jingpo-taal,Jingpo språk,Język jingpo,Língua Jingpo,Limba Jingpo,Язык цзинпо,Idioma Jingpo,Jingpo jezik,Lugha ya Jingpo,Jingpo-språk,ภาษา Jingpo,Jingpo dili,Ngôn ngữ Jingpo
Kabyle,kab,,卡拜尔语,Kabeer,كبير,Cervesa,Kabeer,Καμπέρ,Kabeer,Kabeer,KabeerGenericName,कबीर,Kabeer,Kabeer,Kabir,Kabeer,カビール,카비어,Kabeer,Kabeer,Kabeer,Kabeer,Malaezia,Кабир,Kabeer,Kabeer,Kabeer,Kabeer Kabeer,คาเบียร์,Kabeer (Kabira),Kabeer
Kannada,kan,kn,卡纳达语,Kannada,الكندية,Kanarès,Kannada,Κανάντα,Kannada,Canara,Cannadais,कन्नड़,Kannada,Kannada,Kannada,Kannada,カナラ語,칸나다어,Kannada,Kannada,Kannada,Kannada,Kannada,Каннада,Kannada,Kanadski,Kikannada,Kannada,คันนาดา,Kannada dili,Kannada
Karelian,krl,,卡雷利亚语,Karreliese taal,اللغة الكاريلية,Llengua carreliana,Carrelische Sprache,Καρελιανή γλώσσα,Carrelian kieli,Langue carrélienne,Teanga Carrelian,कैरेलियन भाषा,Carrelijski jezik,Karreli nyelv,Bahasa Carrelian,Lingua carreliana,カレリア語,카렐리안 언어,De taal van Carrelië,Karrelsk språk,Język karrelski,Língua carreliana,Limba careleliană,Карельский язык,Lengua carreliano,Karelijanski jezik,Lugha ya Carrelian,Karelska språket,ภาษา Carrelian,Carrelian dili,Ngôn ngữ Carrelia
Kashubian,csb,,卡舒比安语,Kashubian,كاشوبيان,Caixubi,Kaschubisch,Κασουμπιάν,Kašubi,Kachoube,KashubianName,काशुबियन,Kashubian,Kasub,Bahasa Kashubia,Casciubico,カシューブ語,카슈브어,Kasjoebisch,Kashubian,Kaszubski,Cassúbio,Kashubiană,Кашубский,Casubio,Kashubian,Kashubian,Kasjubiska,คาชูเบียน,Kaşubyan,Tiếng Kashubia
Kazakh,kaz,kk,哈萨克语,Kazak,الكازاخية,Kazakh,Kasachisch,Καζαχστανικά,Kazakki,Kazakh,Casaicis,कज़ाख़,Kazaški,Kazak,Kazakh,Kazaco,カザフ語,카자흐어,Kazachstaans,Kasakhisk,Kazachski,Cazaque,Kazahă,Казахский,Kazajo,Kazahstanski,Kikazakh,Kazakiska,คาซัค,Kazakça,Kazakh
Khmer,khm,km,高棉语,Khmer,خميرية,Jemer,Khmer,Χμερ,Khmer,Khmer,CiméirisName,ख्मेर,Kmerskim,Khmer,Khmer,Khmer,クメール語,크메르어,Khmer,Khmer,Khmerski,Khmer,Khmeră,Кхмерский,Jemer,Kmer,Khmer,Khmer,เขมร,Khmer,Tiếng Khơ-me
Klingon,tlh,,克林贡语,Klingon,كلينجون,Klingon,Klingonisch,Κλίνγκον,Klingon,Klingon,KlingonGenericName,क्लिंगन,Klingonac,Klingon,Klingon,Klingon,クリンゴン語,클링온어,Klingon,Klingon,Klingoński,Klingon,Klingoniană,Клингонский,Klingon,Klingonac,Klingon,Klingonska,คลิงออน,Klingonca,Klingon
Konkani,kok,,谷氨基语,Glutamine,الجلوتامين,Glutamina,Glutamin,Γλουταμίνη,Glutamiini,Glutamine,Glutamine,ग्लूटामाइन,Glutamin,Glutamin,Glutamin,Glutammina,グルタミン,글루타민,Glutamine,Glutamin,Glutamina,Glutamina,Glutamină,Глутамин,Glutamina,Glutamin,Glutamine,Glutamin,กลูตามีน,Glutamine,Glutamine
Korean,kor,ko,韩语,Koreaanse,الكورية,Coreà,Koreanisch,Κορεατικά,Korea,Coréen,Cóiréis,कोरियाई,Korejski,Koreai,Korea,Coreano,韓国語,한국어,Koreaans,Koreansk,Koreański,Coreano,Coreeană,Корейский,Coreano,Koreanski,Kikorea,Koreanska,เกาหลี,Kore dili,Tiếng Triều Tiên
Korean Sign Language,kvk,,韩国手语,Koreaanse gebaretaal,لغة الإشارة الكورية,Llengua de signes coreana,Koreanische Gebärdensprache,Κορεατική Νοηματική Γλώσσα,Korean viittomakieli,Langue des signes coréenne,Teanga Chomharthaíochta na Cóiré,कोरियाई सांकेतिक भाषा,Korejski znakovni jezik,Koreai jelnyelv,Bahasa Isyarat Korea,Lingua dei segni coreana,韓国手話(Korean Sign Language),한국 수화,Koreaanse gebarentaal,Koreansk tegnspråk,Koreański język migowy,Língua de sinais coreana,Limbajul semnelor coreean,Корейский язык жестов,Lenguaje de señas coreano,Jezik znakova na korejskom,Lugha ya Ishara ya Kikorea,Koreanskt teckenspråk,ภาษามือเกาหลี,Kore İşaret Dili,Ngôn ngữ ký hiệu Hàn Quốc
Kpelle,kpe,,克培勒语,Kebele,كيبيلي,Kebele,Kebele,Κεμπελέ,Kebele,Kebele,KebeleGenericName,केबेले,Kebele,Kebele,Kebele,Kebele,ケベレ,케벨레,Kebele,Kebele,Kebele powiedział:,Kebele,Kebele,Кебеле,Kebele,Kebele,Kebele,Kebele Kebele,เคเบเล,Kebele,Kebele
Kurdish,kur,ku,库尔德语,Koerdies,كردي,Kurd,Kurdisch,Κουρδικά,Kurdi,Kurde,Coirdis,कुर्दी,Kurdski,Kurd,Kurdi,Curdo,クルド語,쿠르드어,Koerdisch,Kurdisk,Kurdyjski,Curdo,Kurdă,Курдский,Kurdo,Kurdskog,Kikurdi,Kurdiska,เคิร์ด,Kürtçe,Tiếng Kurd
Kyrgyz,kir,ky,吉尔吉斯语,Kirgiese,القرقيزية,Kirguís,Kirgisisch,Κιργιστανικά,Kirgiisi,Kirghiz,Cirgisis,किरगीज़,Kirgiški,Kirgiz,Kyrgyz,Kirghiso,キルギス語,키르기스어,Kirgizisch,Kirgisisk,Kirgiski,Quirguiz,Kirghiză,Киргизский,Kirguizo,Kirgistanski,Kikyrgyz,Kirgiziska,คีร์กีร์,Kırgızca,Tiếng Kyrgyz
Ladino,lad,,拉迪诺语,Ladino,لادينو,Ladino,Ladino,Λαντίνο,Ladino,Judéo-espagnol,LadinoName,लाडिनो,Ladino,Ladino,Ladino,Ladino,ラディノ語,라디노,Ladino,Ladino,Ladino,Ladino,Ladino,Ладино,Ladino,Ladino,Ladino,Lo,ลาดิโน,Lord,Ladino
Lakota,lkt,,拉科塔语,Lakota,اكوتا,Lakota,Lakota,Λακότα,Lakota,Lakota,LakotaName,लकोटा,Lakota,Lakota,Lakota,Lakota,ラコタ,라코타어,Lakota,Lakota,Lakota,Lakota,Lakota,Лакота,Lakota,Lakota,Lakota,Lakota,ลาโกต้า,Lakota,Lakota
Lao,lao,lo,老挝语,Lao,اللاو,Laosià,Laotisch,Λάος,Lao,Lao,Lao,लाओ,Lao,Lao,Bahasa Laos,Laotiano,ラーオ語,라오어,Laotiaans,Laotisk,Laotański,Lao,Lao,Лаосский,Lao,Lao,Lao,Laotiska,ภาษาลาว,Lao,Tiếng Lào
Latin,lat,la,拉丁语,Latyn,لاتينيه,Llatí,Latein,Λατινικά,Latina,Latin,Laidin,लैटिन,Latinski,Latin,Bahasa latin,Latino,ラテン語,라틴어,Latijn,Latin,Łacina,Latim,Latin,Латинский,Latín,Latinski,Kilatini,Latin,ภาษาละติน,Latince,Latinh
Latvian,lav,lv,拉脱维亚语,Lettiese,اللاتفية,Letó,Lettisch,Λετονικά,Latvia,Letton,Laitvis,लातवियाई,Latvijski,Lett,Latvia,Lettone,ラトビア語,라트비아어,Lets,Latvisk,Łotewski,Letão,Letonă,Латышский,Letón,Letonski,Kilatvia,Lettiska,ลัตเวีย,Letonca,Latvia
Lhao Vo,mhx,,勒豪沃语,Lehaovo,ليهاوفو,Lehaovo,Lehaovo,Λεχάοβο,Lehaovo,Lehaovo,LehaovoName,लेहावो,Lehaovo,Lehaovo,Lehaovo,Lehaovo,レハオボ,레하오보,Lehaovo,Lehaovo,Lehaovo,Lehaovo,Lehaovo,Легаово,Lehaovo,Lehaovo,Lehaovo,Lehaovo,เลเฮาโว,Lehaovo Belediyesi,Lehaovo
Liberia Kpelle,xpe,,利比里亚克珀列语,Liberiese Keperje,كيبيرجي الليبيري,Keperje liberià,Liberianische Keperje,Λιβεριανό Keperje,Liberian Keperje,Keperje libérien,Keperje na Libéire,लाइबेरियन केपरजे,Liberijski Keperje,Libériai Keperje,Keperje Liberia,Keperje liberiano,リベリアのKeperje,라이베리아 Keperje,Liberiaanse Keperje,Liberiske Keperje,Keperje liberyjskie,Keperje liberiano,Liberian Keperje,Либерийский Кеперье,Keperje liberiano,Liberijski Keperje,Keperje ya Liberia,Liberianska Keperje,ไลบีเรีย Keperje,Liberya Keperje,Keperje Liberia
Lingala,lin,ln,林加拉语,Lingala,لينغالا,Lingala,Lingala,Λινγκάλα,Lingala,Lingala,LingalaName,लिंगाला,Lingala,Lingala,Lingala,Lingala,リンガラ語,링갈라어,Lingala,Lingala,Lingala,Lingala,Lingala,Лингала,Lingala,Lingala,Lingala,Lingala,ลิงกาลา,Lingalaca,Lingala
Lithuanian,lit,lt,立陶宛语,Litause,الليتوانية,Lituà,Litauisch,Λιθουανικά,Liettua,Lituanien,Liotuáinis,लिथुआनियाई,Litvanski,Litván,Lithuania,Lituano,リトアニア語,리투아니아어,Litouws,Litauisk,Litewski,Lituano,Lituaniană,Литовский,Lituano,Litvanski,Kilithuania,Litauiska,ลิธัวเนีย,Litvanca,Lithuanian
Lower Silesian,sli,,下西里西亚语,Laer Silesiese,سيليزيا السفلى,Baixa Silèsia,Schlesisch,Κάτω Σιλεσίας,Ala-Sleesia,Basse-Silésie,An tSiléis Íochtarach,लोअर सिलेसियन,Donja Šleska,Alsó-sziléziai,Silesia Hilir,Bassa Slesia,下シレジア語,니더실레지아,Neder-Silezië,Nedre Schlesien,Dolnośląskie,Baixa Silésia,Silezia Inferioară,Нижнесилезский,Baja Silesia,Donji Silesian,Silesian ya Chini,Nedre Schlesien,โลเวอร์ไซลีเซียน,Aşağı Silezya,Hạ Silesia
Lower Sorbian,dsb,,下索布语,Laer Sorbiese taal,اللغة الصوربية السفلى,Llengua del baix sòrab,Niedersorbische Sprache,Κάτω Σορβική γλώσσα,Ala-Sorbian kieli,Langue bas-sorabe,Teanga Sorbach Íochtarach,लोअर सोर्बियन भाषा,Donjosrpski jezik,Alsó-szorb nyelv,Bahasa Sorbia Hilir,Lingua sorabo inferiore,低地ソルブ語,Lower Sorbian 언어,Nedersorbische taal,Nedre sorbisk språk,Język dolnołużycki,Língua sórbia inferior,Limba sorabă inferioară,Нижнелужицкий язык,Idioma del bajo sorabo,Donji sorbijski jezik,Lugha ya Kisorbian ya Chini,Lågsorbiska språket,ภาษา Lower Sorbian,Aşağı Sorb dili,Tiếng Hạ Sorbia
Luxembourgish,ltz,lb,卢森堡语,Luxemburgs,اللوكسمبرجية,Luxemburguès,Luxemburgisch,Λουξεμβουργιανά,luxemburgilainen,Luxembourgeois,Lucsambuirgis,लक्ज़मबर्गिश,Luksemburški,luxemburgi,Bahasa Luksemburg,Lussemburghese,ルクセンブルク語,룩셈부르크어,Luxemburgs,Luxembourgsk,Luksemburski,Luxemburguês,Luxemburgheză,Люксембургский,Luxemburgués,luksemburški,Luxembourgish,Luxemburgiska,ลักเซมเบิร์ก,Lüksemburgca,Tiếng Luxembourg
Macedonian,mkd,mk,马其顿语,Voormalige Masedoniese,المقدونية,Antiga República Iugoslava de Macedònia,Mazedonisch,Σλαβομακεδονικά,Ejtm-kielet,Macédonien,Fyro Macadóinis,फाइरोम मकेडोनियन,Makedonski,Macedón,FYRO Macedonia,Macedone,マケドニア語,마케도니아어,Macedonisch,FYRO makedonsk,"Macedoński, Była Jug",Macedônio,Macedoneană (FRIM),Македонский,Macedonio,Makedonski,Fyr macedonia,Makedoniska,มาซีโดเนีย,EYC Makedonya dili,FYRO Tiếng Macedonia
Maithili,mai,,迈蒂利语,Maithili,ميثيلي,Maithili,Maithili,Μαϊθίλι,Maithili,Maithili,Maithili,मैथिली,Maithili,Maithili,Maithili,Maithili,マイティリー語,마이틸리,Maithili,Maithili,Maithili powiedział:,Maithili,Maithili,Майтхили,Maithili,Maithili,Maithili,Maithili,ไมถิลี,Maithili Belediyesi,Maithili
Malagasy,mlg,mg,马达加斯加语,Malgassies,الملغاشيه,Malgaix,Madagassisch,Μαδαγασκάρης,Malagassi,Malgache,Malagasy,मालागासी,Malagasy,Madagaszkári,Malagasi,Malgascio,マダガスカル語,마다가스카르,Malagasi,Gassisk,Malgaski,Malgaxe,Malgaş,Малагасийский,Malgache,Malagasy,Malagasy,Malagassiska,มาลากาซี,Madagaskarlı,Malagasy
Malay,msa,ms,马来语,Maleisiese,الماليزية,Malai,Malaiisch,Μαλαϊκά,Malaiji,Malaisien,Malaech,मलय,Malajski,Maláj,Melayu,Malese,マレー語,말레이어,Maleis,Malayisk,Malajski,Malaio,Malaieză,Малайский,Malayo,Malajski,Kimalay,Malajiska,มาเลย์,Malay dili,Tiếng Mã lai
Malayalam,mal,ml,马拉雅拉姆语,Malajalam,المالايلامية,Malaiàlam,Malayalam,Μαλαγιαλαμικά,Malajalam,Malayalam,Mailéalaimis,मलयालम,Malajamski,Malajálam,Malayalam,Malayalam,マラヤラム語,말라얄람어,Malajalam,Malayalam,Malayalam,Malaiala,Malayalam,Малаялам,Malayalam,Malaalamski,Kimalayalam,Malayalam,มาเลยาลัม,Malayalam dili,Malayalam
Maltese,mlt,mt,马耳他语,Maltese,المالطية,Maltès,Maltesisch,Μαλτεζικά,Malta,Maltais,Máltais,माल्टीज़,Malteški,Máltai,Maltese,Maltese,マルタ語,몰타어,Maltees,Maltesisk,Maltański,Maltês,Malteză,Мальтийский,Maltés,Malteški,Kimalta,Maltesiska,มอลเทส,Malta dili,Maltese
Mandarin,cmn,,官话,Mandaryns,الماندرين,Mandarí,Mandarine,Μανταρίνι,Mandariini,Mandarin,Mandairínis,मैंडारिन,Mandarina,Mandarin,Bahasa Mandarin,Mandarini,官話,관화,Mandarijn,Mandarin,Mandaryński,Mandarim,Mandarin,Мандарин,Mandarín,Mandarinski,Mandarin,Mandarin,ภาษาจีนกลาง,Mandalina,Tiếng Phổ thông
Manipuri,mni,,曼尼普尔语,Manipuri,مانيبوري,Manipur,Manipuri,Μανιπούρι,Manipuri,Manipuri,ManipuriName,मणिपुरी,Manipuri,Manipuri,Manipuri,Manipuri,マニプリ語,마니푸리,Manipuri,Manipuri,Manipuri,Manipuri,Manipuri,Манипури,Manipurí,Manipuri,Manipuri,Manipuri,มณีปุรี,Manipuri dili,Manipuri
Manx,glv,gv,马恩语,Manx,مانكس,Manx,Manx,Μανξ,Manx,Mannois,Manainnis,मानद्वीप,Manska,Man-szigeti macska,Manx,Mannese,マンクス,맹크스어,Manx,Mansk,Manx,Manx,Lire sterline,Мэнский,Manés,Manx,Manx,Manx,เกาะแมน,Manx,Manx
Maori,mri,mi,毛利语,Maori,الماوري,Maoris,Māori,Μαορί,Maori,Māori,MāoriName,माओरी,Māori,maori,Māori,Māori,マオリ語,마오리,Māori,Māori,Maorysi,Maori,Māori,Маори,Maorí,Māori,Māori,Māori,เมารี,Maori dili,Người Maori
Marathi,mar,mr,马拉提语,Marati,ماراتي,Marati,Marati,Μαράτι,Marati,Marati,MaratiName,मराटी,Marati,Marati,Marati,Marati,マラティ,마라티,Marati,Marati,Marati Marati,Marati,Marati,Марати,Marati,Marati,Marati,Marati Marati,มาราตี,Marati Belediyesi,Marati
Metlatónoc Mixtec,mxv,,梅特拉通米克特克语,Metrathon Miktek,ميتراثون ميكتيك,Metrathon Miktek,Metrathon Miktek,Metrathon Miktek,Metrathon Miktek,Metrathon Miktek,Metrathon Miktek,मेट्राथॉन मिकटेक,Metrathon Miktek,Metrathon Miktek,Metrathon Miktek,Metrathon Miktek,メトラトン・ミクテック,메트라톤 미크텍,Metrathon Miktek,Metrathon Miktek,Metrathon Miktek,Metrathon Miktek,Metrathon Miktek,Метратон Миктек,Metrathon Miktek,Metrathon Miktek,Metrathon Miktek,Metrathon Miktek,เมทราธอน มิกเต็ก,Metrathon Miktek,Metrathon Miktek
Middle Chinese,ltc,,中古汉语,Middel Sjinees,الصينية الوسطى,Xinès mitjà,Mittelchinesisch,Μεσαία Κινέζικα,Lähi-kiina,Chinois moyen,An Mheán-Sínis,मध्य चीनी,Srednji kineski,Közép-kínai,Bahasa Tionghoa Pertengahan,Cinese medio,中華人民共和国,중세 중국어,MiddelChinees,Middels kinesisk,Chiński średniochiński,Chinês médio,Chineza mijlocie,Среднекитайский,Chino medio,Srednji kineski,Kichina cha Kati,Medelkinesiska,จีนยุคกลาง,Orta Çince,Trung Quốc
Middle English,enm,,中古英语,Middel-Afrikaans,اللغة الإنجليزية الوسطى,Anglès mitjà,Mittelenglisch,Μεσαία Αγγλικά,Keskienglanti,Moyen anglais,Meán-Bhéarla,मध्य अंग्रेज़ी,Srednji engleski,Közép-angol,Bahasa Inggris Pertengahan,Medio inglese,中英語,중세 영어,Middelengels,Mellomengelsk,Średnioangielski,Inglês médio,Engleză medie,Среднеанглийский,Inglés medio,Srednji engleski,Kiingereza cha Kati,Medelengelska,ภาษาอังกฤษยุคกลาง,Orta İngilizce,Tiếng Anh trung đại
Min Bei,mnp,,闽北语,Hokkien,هوكين,Hokkien,Hokkien,Χόκκιν,Hokkien,Hokkien,HokkienName,होक्किएन,Hokkien,Hokkien,Bahasa Hokkien,Hokkien,福建語,호키엔,Hokkien,Hokkien,Hokkien powiedział:,Hokkien,Hokkien,Хоккиен,Hokkien,Hokien,Hokkien,Hokkien Hokkien,ฮกเกี้ยน,Hokkien Belediyesi,Phúc Kiến
Min Nan,,,闽南语,Min Nan,مين نان,Min Nan,Min Nan,Ελάχιστη Nan,Min Nan,Minnan,Min Nan,मिन नान,Min Nan,Min Nan,Min Nan,Min Nan,ミン南語,민난,Zuidelijk Min,Min Nan,Min Nan,Min Nan,Min Nan,Мин Нан,Min nan,Min Nan,Min Nan,Min Nan,หมิ่นน่าน,Min Nan,Mẫn Nam
Min Zhong,czo,,闽中语,Hokkien-Chinees,هوكين-صيني,Hokkien-Xinès,Hokkien-Chinesisch,Hokkien-Κινέζικα,Hokkien-kiinalainen,Hokkien-chinois,Hokkien-Sínis,होक्किएन-चीनी,Hokkien-kineski,Hokkien-kínai,Hokkien-Cina,Hokkien-Cinese,福建語-中国語,호키엔-중국어,Hokkien-Chinees,Hokkien-kinesisk,Hokkien-chiński,Hokkien-Chinês,Hokkien-chineză,Хоккиен-Китайский,Hokkien-Chino,Hokien-Kineski,Hokkien-Kichina,Hokkien-Kinesiska,ภาษาจีนฮกเกี้ยน,Hokkien-Çince,Phúc Kiến-Trung Quốc
Minangkabau,min,,米南卡保语,Minankabao taal,لغة مينانكاباو,Llengua minankabao,Minankabao-Sprache,Γλώσσα Minankabao,Minankabaon kieli,Langue Minankabao,Teanga Minankabao,मिनानकाबाओ भाषा,Minankabao jezik,Minankabao nyelv,Bahasa Minankabao,Lingua Minankabao,ミナンカバオ語,Minankabao 언어,De taal van Minankabao,Minankabao språk,Język minankabao,Língua minankabao,Limba Minankabao,Язык минанкабао,Idioma minankabao,Minankabao jezik,Lugha ya Minankabao,Minankabao språk,ภาษา Minankabao,Minankabao dili,Ngôn ngữ Minankabao
Mongolian,mon,mn,蒙古语,Mongoolse,المنغولية,Mongol,Mongolisch,Μογγολικά,Mongoli,Mongol,Mongóilis,मंगोलियाई,Mongolski,Mongol,Mongolia,Mongolo,モンゴル語,몽골어,Mongools,Mongolsk,Mongolski,Mongol,Mongolă,Монгольский,Mongol,Mongolski,Kimongoli,Mongoliska,มองโกเลีย,Moğolca,Mông Cổ
Montenegrin,cnr,,黑山语,Montenegrin,الجبل الاسود,Montenegrí,Montenegrinisch,Μαυροβούνια,Montenegro,Monténégrin,Montainéagró,मोंटेनिग्रिन,Crnogorski,Montenegrói,Montenegro,Montenegrino,モンテネグロ,몬테네그로의,Montenegrijns,Montenegrinsk,Czarnogórski,Montenegrino,Muntenegrean,Черногорский,Montenegrino,Crnogorski,Montenegrin,Montenegriner,มอนเตเนโกร,Karadağlı,Montenegro
N'Ko,nqo,,滑蛮语,Glibberige taal,لغة زلقة,Llenguatge relliscós,Schlüpfrige Sprache,Ολισθηρή γλώσσα,Liukas kieli,Langage glissant,Teanga shleamhain,फिसलन भरी भाषा,Sklizak jezik,Csúszós nyelvezet,Bahasa licin,Linguaggio scivoloso,滑りやすい言葉遣い,미끄러운 언어,Glibberig taalgebruik,Glatt språk,Śliski język,Linguagem escorregadia,Limbaj alunecos,Скользкий язык,Lenguaje resbaladizo,Klizav jezik,Lugha ya Slippery,Halt språk,ภาษาลื่น,Kaygan dil,Ngôn ngữ trơn trượt
Navajo,nav,nv,纳瓦霍语,Navajo,نافاجو,Navaho,Navajo,Ναβάχο,Navajo,Navajo,Navachóis,नवाजो,Navajo,Navajo,Navajo,Navajo,ナバホ族,나바호어,Navajo,Navajo,Nawaho,Navajo,Navajo,Навахо,Navajo,Navaho,Navajo,Navajo,นาวาโฮ,Navajo,Navajo
Nepali,nep,ne,尼泊尔语,Nepalees,النيبالية,Nepalès,Nepalesisch,Νεπαλικά,Nepali,Népalais,Neipeal,नेपाली,Nepalski,Nepáli,Nepal,Nepalese,ネパール語,네팔어,Nepalees,Nepalsk,Nepalski,Nepalês,Nepaleză,Непальский,Nepalí,Nepalski,Nepali,Nepali,ภาษาเนปาล,Nepalce,Nepali
Northern Sami,sme,se,北萨米语,Noordelike Samies,سامي الشمالية,Sami septentrional,Nördliche Sámi,Βόρειοι Σάμι,Pohjoissaame,Sámi du Nord,Sámi Thuaidh,उत्तरी सामी,Sjeverni Sámi,Északi számi,Sami Utara,Sami settentrionale,北サーミ語,북부 사미족,Noordelijke Sámi,Nordsamisk,Północni Lapończycy,Sámi do Norte,Sami de Nord,Северные саамы,Sami septentrional,Severni Sámi,Sámi ya Kaskazini,Nordsamiska,ซามีเหนือ,Kuzey Sami,Bắc Sámi
Norwegian,nor,no,挪威语,Noorweegse,النرويجية ,Noruec,Norwegisch,Νορβηγικά,Norja,Norvégien,Ioruais,नॉर्वेजियन,Norveški,Norvég,Norwegia,Norvegese,ノルウェー語,노르웨이어,Noors,Norsk,Norweski,Norueguês,Norvegiană,Норвежский,Noruego,Norveški,Kinowiji,Norska,นอร์เวย์,Norveç dili,Tiếng Na Uy
Norwegian Bokmål,nob,nb,挪威博克马尔语,Noorse Bokmål,بوكمول نرويجي,noruec Bokmål,Norwegisch Bokmål,Νορβηγικά Bokmål,Kirjanorja,Bokmål norvégien,Ioruais Bokmål,नॉर्वेजियन बोकमाल,Norveški Bokmål,Norvég Bokmål,Bokmål Norwegia,Bokmål norvegese,ブークモール,노르웨이 보크몰,Noorse Bokmål,Bokmål,norweski bokmål,Bokmål norueguês,Norvegiană Bokmål,Букмол,Bokmål noruego,Norveški Bokmål,Bokmål ya Norway,Norskt bokmål,นอร์เวย์บุคมอล,Norveççe Bokmål,Bokmål Na Uy
Norwegian Nynorsk,nno,nn,挪威尼诺斯克语,Noorse Ninosk,نينوسك نرويجي,noruec Ninosk,Norwegische Ninosk,Νορβηγικά Ninosk,Norjalainen Ninosk,Ninosk norvégien,Ioruais Ninosk,नॉर्वेजियन निनोस्क,Norveški Ninosk,Norvég Ninosk,Ninosk Norwegia,Ninosk norvegese,ノルウェーのニノスク,노르웨이 니노스크,Noorse Ninosk,Norsk Ninosk,Norweski Ninosk,Ninosk norueguês,Norvegiană Ninosk,Норвежский Ниноск,Ninosk noruego,norveški Ninosk,Ninosk ya Norway,Norska Ninosk,นอร์เวย์ Ninosk,Norveççe Ninosk,Ninosk Na Uy
Norwegian Sign Language,nsl,,挪威手语,Noorse Gebaretaal,لغة الإشارة النرويجية,Llengua de signes noruega,Norwegische Gebärdensprache,Νορβηγική Νοηματική Γλώσσα,Norjalainen viittomakieli,Langue des signes norvégienne,Teanga Chomharthaíochta na hIorua,नॉर्वेजियन सांकेतिक भाषा,Norveški znakovni jezik,Norvég jelnyelv,Bahasa Isyarat Norwegia,Lingua dei segni norvegese,ノルウェー手話(Norwegian Sign Language),노르웨이 수화,Noorse Gebarentaal,Norsk tegnspråk,Norweski język migowy,Língua de sinais norueguesa,Limbajul semnelor norvegian,Норвежский язык жестов,Lenguaje de señas noruego,Norveški znakovni jezik,Lugha ya Ishara ya Norway,Norskt teckenspråk,ภาษามือนอร์เวย์,Norveç İşaret Dili,Ngôn ngữ ký hiệu Na Uy
Occitan,oci,oc,奥克西坦语,Oksitaans,أوكسيتان,Occità,Okzitanisch,Οξιτανικά,Oksitaani,Occitan,OccitanName,ओसीटान,Okcitanski,Okcitán,Oksitan,Occitano,オック語,오크어,Occitaans,Oksitansk,oksytański,Occitano,occitană,Окситанский,Occitano,Occitan,Occitan,Occitanska,อ็อกซิตัน,Oksitanca,Tiếng Occitan
Odia,ori,or,奥里雅语,Oriya,الأوريا,Oriya,Oriya,Οριγικά,Orija,Oriya,OriyaName,उड़िया,Oriya,Oriya,Oriya,Oriya,オリヤー語,오리야어,Oriya,Oriya,Orija,Oriá,Oriya,Ория,Oriya,Orija,Oriya,Oriya,โอริยา,Oriya,Oriya
Okinawan,ryu,,冲绳语,Okinawan,أوكيناوا,Okinawa,Okinawa,Οκινάουα,Okinawan,Okinawaïen,OkinawanName,ओकिनावान,Okinawan,Okinawai,Okinawa,Okinawa,沖縄人,오키나와,Okinawa,Okinawa,Okinawan,Okinawa,Okinawa,Окинавы,Okinawense,Okinawan,Wa Okinawa,Okinawa,โอกินาว่า,Okinawa,Okinawa
Old Chinese,och,,古汉语,Ou Sjinees,الصينية القديمة,Xinès antic,Altchinesisch,Παλιά κινέζικα,Vanha kiinalainen,Vieux chinois,An tSean-Sínis,पुरानी चीनी,Stari kineski,Régi kínai,Cina Kuno,Cinese antico,古中国語,고대 중국어,Oud Chinees,Gammel kinesisk,Stary chiński,Chinês antigo,Chineză veche,Старокитайский,Chino antiguo,Stari Kinezi,Kichina cha Kale,Gammal kinesiska,จีนเก่า,Eski Çince,Tiếng Trung cổ
Old English,ang,,古英语,Ou Engels,الإنجليزية القديمة,Anglès antic,Altenglisch,Παλιά Αγγλικά,Muinaisenglanti,Anglo-saxon,An tSean-Bhéarla,पुरानी अंग्रेज़ी,Stari engleski,Régi angol,Inggris Kuno,Inglese antico,古英語,고대 영어,Oudengels,Gammelengelsk,Staroangielski,Anglo-saxão,Engleză veche,Староанглийский,Anglosajón,Stari engleski,Kiingereza cha Kale,Fornengelska,ภาษาอังกฤษโบราณ,Eski İngilizce,Tiếng Anh cổ
Old High German,goh,,古高地德语,Ou Hoogduits,الألمانية العليا القديمة,Alt alemany antic,Althochdeutsch,Παλιά Υψηλά Γερμανικά,Vanha yläsaksa,Vieux haut allemand,An tSean-Ard-Ghearmáinis,ओल्ड हाई जर्मन,Stari visoki njemački,Ófelnémet,Jerman Tinggi Lama,Alto tedesco antico,古高ドイツ語,고대 고지 독일어,Oudhoogduits,Gammelhøytysk,Staro-wysoko-niemiecki,Alto Alemão Antigo,Vechea înaltă germană,Древневерхненемецкий,Alto alemán antiguo,Stari visoki Nemac,Kijerumani cha Kale,Fornhögtyska,เยอรมันสูงเก่า,Eski Yüksek Almanca,Tiếng Đức cao cổ
Old Japanese,ojp,,古日语,Ou Japannees,اليابانية القديمة,Japonès antic,Altjapanisch,Παλιά ιαπωνικά,Vanha japanilainen,Vieux japonais,An tSean-Seapáinis,पुरानी जापानी,Stari japanski,Régi japán,Jepang Kuno,Giapponese antico,古い日本語,고대 일본어,Oud Japans,Gammel japansk,Język starojapoński,Japonês antigo,Japoneză veche,Старояпонский,Japonés antiguo,Stari Japanci,Kijapani ya Kale,Gammal japanska,ญี่ปุ่นเก่า,Eski Japonca,Tiếng Nhật cổ
Old Norse,non,,古诺尔斯语,Oudnoors,الإسكندنافية القديمة,Nòrdic antic,Altnordisch,Παλαιά νορβηγικά,Muinaisnorja,Vieux norrois,An tSean-Lochlainnis,ओल्ड नॉर्स,Stari nordijski,Óészaki,Norse Kuno,Norreno,古ノルド語,고대 노르드어,Oudnoords,Norrønt,Język staronordycki,Nórdico antigo,Nordică veche,Древнеисландский язык,Nórdico antiguo,Stari Nordijci,Norse ya Kale,Fornnordiska,นอร์สเก่า,Eski İskandinav dili,Bắc Âu cổ
Oromo,orm,om,阿方奥洛莫语,Alfonolomo taal,لغة ألفونولومو,Llengua alfonolomo,Alfonolomo-Sprache,Γλώσσα Alfonolomo,Alfonolomon kieli,Langue alfonolomo,Teanga Alfonolomo,अल्फनोलोमो भाषा,Alfonolomo jezik,Alfonolomo nyelv,Bahasa Alfonolomo,Lingua Alfonolomo,アルフォノロモ語,Alfonolomo 언어,Alfonolomo taal,Alfonolomo språk,Język Alfonolomo,Língua Alfonolomo,Limba Alfonolomo,Язык Альфономо,Idioma alfonolomo,Alfonolomo jezik,Lugha ya Alfonolomo,Alfonolomo språk,ภาษา Alfonolomo,Alfonolomo dili,Ngôn ngữ Alfonolomo
Oscan,osc,,奥斯坎语,Oskan,أوسكان,Oskan,Oskan,Οσκάν,Oskan,Oskan,OskanName,ओस्कान,Oskan,Oszkán,Oskan,Oskan,オスカン,오스칸,Oskan,Oskan,Oskan,Oskan,Oskan,Оскан,Oskan,Oskan,Oskan,Oskan,ออสกัน,Oskan,Oskan
Pashto,pus,ps,普什图语,Pashto,الباشتو,Paixtu,Puschtu,Πάστο,Pashto,Pachtou,PashtoName,पश्तो,Paštu,Pastu,Pashtun,Pashto,パシュトー語,파슈토어,Pasjtoe,Pashto,Paszto,Pastó,Paştună,Пушту,Pashto,Pašto,Pashto,Pashto,พาชโต,Peştuca,Tiếng Pashto
Persian,fas,fa,波斯语,Persiese,فارسي,Persa,Persisch,Περσικά,Persia,Perse,Peirsis,फ़ारसी,Perzijski,Perzsa,Farsi,Farsi,ペルシャ語,페르시아어,Perzisch,Persisk,Perski,Persa,Persană,Персидский,Persa,Persijski,Kipersia,Persiska,เปอร์เซีย,Farsça,Tiếng Ba Tư
Piedmontese,pms,,皮埃蒙特语,Piëmontees,بييمونتي,Piemontès,Piemontesisch,Πεδεμόντια,Piemonten kieli,Piémontais,Piedmontese,पीडमोंटेस,Pijemontski,Piemonti,Bahasa Piedmont,Piemontese,ピエモンテ,피에몬테 사람,Piemontees,Piemontesisk,Piemoncki,Piemontês,Piemontez,Пьемонтский,Piamontés,Piedmontese,Piedmontese,Piemontesiska,ปีเอมอนเตส,Piyemonte dili,Tiếng Piemonte
Pijin,pis,,皮金语,Pikin,بيكين,Pikin,Pikin,Πίκιν,Pikin,Pikin,PikinName,पिकिन,Pikin,Pikin,Pikin,Pikin,ピキン,피킨,Pikin,Pikin,Pikin,Pikin,Pikin,Пикин,Pikin,Pikin,Pikin,Pikin Pikin,พิคิน,Turna balığı,Pikin
Polish,pol,pl,波兰语,Pools,البولندية,Polonès,Polnisch,Πολωνικά,Puola,Polonais,Polainnis,पोलिश,Poljski,Lengyel,Polandia,Polacco,ポーランド語,폴란드어,Pools,Polsk,Polski,Polonês,Poloneză,Польский,Polaco,Poljski,Kipolishi,Polska,โปแลนด์,Lehçe,Tiếng Ba-lan
Portuguese,por,pt,葡萄牙语,Portugese,البرتغالية,Portuguès,Portugiesisch,Πορτογαλικά,Portugali,Portugais,Portaingéilis,पुर्तगाली,Portugalski,Portugál,Portugis,Portoghese,ポルトガル語,포르투갈어,Portugees,Portugisisk,Portugalski,Português,Portugheză,Португальский,Portugués,Portugalski,Kireno,Portugisiska,โปรตุเกส,Portekizce,Tiếng Bồ Đào Nha
Punjabi,pan,pa,旁遮普语,Punjabi,البنجابية,Panjabi,Punjabi,Παντζαμπικά,Punjabi,Punjabi,Puinseáibis,पंजाबी,Pandžabski,Pandzsábi,Punjabi,Punjabi,パンジャブ語,펀잡어,Punjabi,Panjabi,Pendżabski,Punjabi,Punjabi,Панджаби,Punjabí,Pandžabski,Kipunjabi,Punjabi,ปัญจาบ,Pencap dili,Punjabi
Puxian,cpx,,莆田话,Putiaanse dialek,لهجة بوتيان,Dialecte putià,Putanischer Dialekt,Πουτιανή διάλεκτος,Putianin murre,Dialecte putien,Canúint Putian,पुतियान बोली,Putovski dijalekt,Putian nyelvjárás,Dialek Putian,Dialetto putiano,莆田方言,푸톈 방언,Putiaans dialect,Putian dialekt,Dialekt putyjski,Dialeto putiano,Dialectul putian,Путянский диалект,Dialecto putiano,Putijski dijalekat,Lugha ya Putian,Putiska dialekten,ภาษาผู่เถียน,Putian lehçesi,Phương ngữ Putian
Quechua,que,qu,克丘亚语,Quechua,الكيشوا,Quítxua,Quechua,Κέτσουα,Ketsua,Quechua,Ceatsuais,क्यूचुआ,Kečuanski,Kecsua,Quechua,Quechua,ケチュア語,케추아어,Quechua,Quechua,Keczua,Quíchua,Quechua,Кечуа,Quechua,Kečua,Kikwencha,Quechua,เคเชา,Keçuva dilleri,Tiếng Quế
Romanian,ron,ro,罗马尼亚语,Roemeense,الرومانية,Romanès,Rumänisch,Ρουμανικά,Romania,Roumain,Rómáinis,रोमानियाई,Rumunjski,Román,Rumania,Rumeno,ルーマニア語,루마니아어,Roemeens,Rumensk,Rumuński,Romeno,Română,Румынский,Rumano,Rumunski,Kirumi,Rumänska,โรมาเนีย,Rumence,Tiếng Ru-ma-ni
Romansch,roh,rm,罗曼什语,Romeine,الرومانشية,Romanx,Rätoromanisch,Ρομανσικά,Retoromaani,Romanche,Rómánsach,रोमांश,Romansh,Román,Romansh,Romancio,ロマンシュ語,로망슈어,Reto-Romaans,Retoromansk,Retoromański,Romanche,Retoromană,Ретороманский,Romanche,Rimljani,Warumi,Rätoromanska,โรมานช์,Romanşça,Tiếng La Mã
Russian,rus,ru,俄语,Russiese,الروسية,Rus,Russisch,Ρωσικά,Venäjä,Russe,Rúisis,रूसी,Ruski,Orosz,Rusia,Russo,ロシア語,러시아어,Russisch,Russisk,Rosyjski,Russo,Rusă,Русский,Ruso,Ruski,Kirusi,Ryska,รัสเซีย,Rusça,Tiếng Nga
S'gaw Karen,ksw,,斯卡伦克伦语,Scarlen Karen taal,لغة كارين القرمزية,Llengua Scarlen Karen,Scarlen Karen-Sprache,Scarlen Karen γλώσσα,Scarlen Karenin kieli,Langue karen scarlen,Teanga Scarlen Karen,स्कारलेन करेन भाषा,Scarlen Karen jezik,Scarlen Karen nyelv,Bahasa Scarlen Karen,Lingua Scarlen Karen,Scarlen Karen言語,Scarlen Karen 언어,De taal van Karen van Scarlen,Scarlen Karen språk,Język Scarlen Karen,Língua Scarlen Karen,Limba Scarlen Karen,Скарлен-каренский язык,Idioma Scarlen Karen,Scarlen Karen jezik,Lugha ya Karen ya Scarlen,Scarlen Karen-språk,ภาษา Scarlen Karen,Scarlen Karen dili,Ngôn ngữ Scarlen Karen
Saint Lucian Creole French,acf,,圣露西亚克里奥尔法语,St Lucia Kreoolse Frans,سانت لوسيا الكريولية الفرنسية,Santa Llúcia Crioll francès,St. Lucia Kreolisch Französisch,St. Lucia Creole Γαλλικά,St. Lucia kreoli ranska,Créole français de Sainte-Lucie,St. Lucia Creole Fraincis,सेंट लूसिया क्रियोल फ्रेंच,Kreolski sveti Lucija Francuski,St. Lucia kreol francia,St. Lucia Creole Perancis,St. Lucia Creolo Francese,セントルシアクレオールフランス語,세인트루시아 크리올 프랑스어,St. Lucia Creools Frans,St. Lucia kreolsk fransk,St. Lucia kreolski francuski,St. Lucia crioulo francês,St. Lucia creolă franceză,Сент-Люсия Креольский Французский,Santa Lucía Criollo Francés,St. Lucia Creole French,Mtakatifu Lucia Creole Kifaransa,St. Lucia kreolska franska,เซนต์ลูเซียครีโอลฝรั่งเศส,St. Lucia Creole Fransızca,St. Lucia Creole Tiếng Pháp
Samoan,smo,sm,萨摩亚语,Samoaans,ساموا,Samoà,Samoanisch,Σαμόα,Samoalainen,Samoan,Samó,सामोन,Samoan,Szamoai,Samoa,Samoano,サモア語,사모아,Samoaans,Samoan,Samoański,Samoano,Samoană,Самоанский,Samoano,Samoan,Samoan,Samoansk,ซามัว,Samoaca,Samoa
Sanskrit,san,sa,梵语,Sanskrit,السنسكريتية,Sànscrit,Sanskrit,Σανσκριτικά,Sanskrit,Sanskrit,Sanscrait,संस्कृत,Sanskrt,Szanszkrit,Sansekerta,Sanscrito,サンスクリット語,산스크리트어,Sanskriet,Sanskrit,Sanskryt,Sânscrito,Sanscrită,Санскрит,Sánscrito,Sanskrit,Kisanskriti,Sanskrit,สันสกฤต,Sanskrit,Tiếng Phạn
Saramaccan,srm,,萨拉马卡语,Salamaca,سلاماكا,Salama,Salamaca,Σαλαμάκα,Salamaca,Salamaca,Salamaca,सलामाका,Salamača,szalamaca,Salamaca,Salamaca,サラマカ,살라마카,Salamaca,Salamaca,Salamaca,Salamaca,Salamaca,Саламака,Salamaca,Salamaka,Salamaca,Salamaca (Salamaca),ซาลามากา,Salamaca,Salamaca
Sardinian,srd,sc,撒丁尼亚语,Sardies,السردينيه,Sard,Sardisch,Σαρδηνίας,Sardinialainen,Sarde,An tSairdínis,सार्डिनियन,Sardinijski,Szárd,Sardinia,Sarda,サルデーニャ,사르데냐어,Sardisch,Sardinsk,Sardyński,Sardenha,Sardinia,Сардинский,Sardo,Sardinijanac,Sardinian,Sardisk,ซาร์ดิเนีย,Sardunya,Tiếng Sardinia
Scots,sco,,苏格兰语,Skotte,الاسكتلنديين,Escocès,Schottisch,Σκωτσέζοι,Skotti,Écossais,Albainis,स्कॉट्स,Škotski,Skót,Skotlandia,Scozzese,スコットランド語,스코트어,Schotten,Skotsk,Szkoci,Scots,Scots,Шотландский,Escocés,Љkoti,Wascot,Skotsk,สก็อต,Iskoç,Scots
Scottish Gaelic,gla,gd,苏格兰盖尔语,Skotse Gaelies,الغيلية الاسكتلندية,Gaèlic escocès,Schottisch-Gälisch,Σκωτικά Γαελικά,Gaeli,Gaélique écossais,Gaeilge na hAlban,स्कॉटिश गेलिक,Škotski galski,Skót gael,Gaelik Skotlandia,Gaelico scozzese,スコットランド・ゲール語,스코틀랜드 게일어,Schots-Gaelisch,Skotsk-gælisk,Język szkocki gaelicki,Gaélico escocês,Limba scoțiană,Шотландский,Gaélico escocés,Škotski Gaelić,Gaelic ya Uskoti,Skotsk gäliska,สก็อตเกลิค,İskoçça,Tiếng Gaelic Scotland
Serbian,srp,sr,塞尔维亚语,Serwiese,الصربية,Serbi,Serbisch,Σερβικά,Serbialainen,Serbe,Seirbis,सर्बियाई,Srpski,Szerb,Serbia,Serbo,セルビア語,세르비아어,Servisch,Serbisk,Serbski,Sérvio,Sârbă,Сербский,Serbio,Srpski,Kiserbia,Serbiska,เซอร์เบีย,Sırpça,Tiếng Xéc-bi
Serbo-Croatian,hbs,sh,塞尔维亚-克罗地亚语,Serbo-Kroaties,الصربية الكرواتية,Serbocroat,Serbokroatisch,Σερβοκροατικά,Serbokroaatti,Serbo-croate,Serbo-Cróitis,सर्बो-क्रोएशियाई,Srpskohrvatski,Horvát,Serbo-Kroasia,Serbo-croato,セルビア・クロアチア語,세르보크로아티아어,Servo,Serbokroatisk,Serbochorwacki,Servo-croata,Sârbo,Сербохорватский,Serbocroata,srpsko-hrvatski,Serbo-Croatian,Serbokroatiska,ภาษาเซอร์โบ-ภาษาโครเอเชีย,Sırpça-Hırvatça,Tiếng Serbo-Croatia
Sichuan Yi,iii,ii,四川彝语,Sichuan Yi taal,لغة سيتشوان يي,Llengua Sichuan Yi,Sichuan Yi-Sprache,Γλώσσα Sichuan Yi,Sichuan Yi -kieli,Langue yi du Sichuan,Teanga Sichuan Yi,सिचुआन यी भाषा,Sečuanski Yi jezik,Szecsuán Yi nyelv,Bahasa Sichuan Yi,Lingua del Sichuan Yi,四川彝語,Sichuan Yi 언어,Sichuan Yi-taal,Sichuan Yi språk,Język syczuański Yi,Língua Sichuan Yi,Limba Sichuan Yi,Сычуаньский язык И,Idioma Yi de Sichuan,Sichuan Yi jezik,Lugha ya Sichuan Yi,Sichuan Yi-språket,ภาษา Sichuan Yi,Sichuan Yi dili,Tiếng Yi Tứ Xuyên
Sicilian,scn,,西西里语,Sisiliaans,صقلي,Sicilià,Sizilianisch,Σικελός,Sisilialainen,Sicilien,An tSicil,सिसिली,Sicilijanski,Szicíliai,Sisilia,Siciliano,シチリア人,시칠리아,Siciliaans,Siciliansk,Sycylijski,Siciliano,Siciliană,Сицилийский,Siciliano,Sicilijanac,Sicilian,Siciliansk,ซิซิลี,Sicilyalı,Sicilia
Sindarin,sjn,,辛达林语,Sindarin,سندرين,Sindarin,Sindarin,Σινδαρίν,Sindariini,Sindarin,Sindarin,सिंदारिन,Sindarin,Szindarin,Sindarin,Sindarin,シンダール語,신다린,Sindarijns,Sindarin,Sindarin,Sindarin,Sindarin,Синдарин,Sindarin,Sindarin,Sindarin,Sindarin,ซินดาริน,Sindarin Dili,Tiếng phổ thông
Sindhi,snd,sd,信德语,Sindhi,السندية,Sindhi,Sindhi,Σίντι,Sindhi,Sindhi,Sindhi,सिन्धी,Sindhi,Szindhi,Sindhi,Sindhi,シンド語,신디어,Sindhi,Sindhi,Sindhi,Sindi,Sindhi,Синдхи,Sindhi,Sindhi,Sindhi,Sindhi,สินธุ,Sindhi dili,Sindhi
Sinhalese,sin,si,僧伽罗语,Sinhalese,السنهاليه,Sinhalese,Singhalesisch,Σινχαλέζικα,Singaleesi,Cingalais,Sinhalese,सिंहली,Sinhalese,Szingaléz,Bahasa Sinhala,Singalese,シンハラ語,싱할라어,Sinhalees,Singalesisk,Syngaleski,Cingalês,Singaleză,Сингальский,Cingalés,Sinhalese,Sinhalese,Singalesiska,ภาษาสิงหล,Sinhalese dili,Sinhalese
Slovak,slk,sk,斯洛伐克语,Slowakye,السلوفاكية,Eslovac,Slowakisch,Σλοβακικά,Slovakki,Slovaque,Slóvaicis,स्लोवाक,Slovački,Szlovák,Slovakia,Slovacco,スロバキア語,슬로바키아어,Slowaaks,Slovakisk,Słowacki,Eslovaco,Slovacă,Словацкий,Eslovaco,Slovački,Kislovaki,Slovakiska,สโลวัค,Slovakça,Slovak
Slovene,slv,sl,斯洛文尼亚语,Sloweense,السلوفينية,Eslovè,Slowenisch,Σλοβενικά,Sloveeni,Slovène,Slóivéinis,स्लोवेनियाई,Slovenski,Szlovén,Slovenia,Sloveno,スロベニア語,슬로베니아어,Sloveens,Slovensk,Słoweński,Esloveno,Slovenă,Словенский,Esloveno,Slovenski,Kislovenia,Slovenska,สโลวีเนีย,Slovence,Tiếng slovenia
Somali,som,so,索马里语,Somalies,صومالي,Somali,Somalisch,Σομαλικά,Somali,Somali,An tSomáil,सोमाली,Somalijski,Szomáli,Somalia,Somalo,ソマリ語,소말리아,Somalisch,Somalisk,Somalijski,Somali,Somaleză,Сомалийский,Somalí,Somalijski,Somalia,Somaliska,ภาษาโซมาลี,Somalice,Somali
Spanish,spa,es,西班牙语,Spaans,الإسبانية,Espanyol,Spanisch,Ισπανικά,Espanja,Espagnol,Spainnis,स्पैनिश,Španjolski,Spanyol,Spanyol,Spagnolo,スペイン語,스페인어,Spaans,Spansk,Hiszpański,Espanhol,Spaniolă,Испанский,Español,Španski,Kihispania,Spanska,สเปน,İspanyolca,Tiếng Tây Ban Nha
Standard Arabic,ara,ar,标准阿拉伯语,Standaard Arabies,العربية الفصحى,Àrab estàndard,Hocharabisch,Τυπικά Αραβικά,Arabian standardi,Arabe standard,Araibis Chaighdeánach,मानक अरबी,Standardni arapski,Standard arab,Bahasa Arab Standar,Arabo standard,標準アラビア語,표준 아랍어,Standaard Arabisch,Standard arabisk,Standardowy arabski,Árabe padrão,Arabă standard,Стандартный арабский,Árabe estándar,Standardni arapski,Kiarabu cha kawaida,Standardarabiska,ภาษาอาหรับมาตรฐาน,Standart Arapça,Tiếng Ả Rập tiêu chuẩn
Sumerian,sux,,苏美尔语,Sumeriese,السومريه,Sumeri,Sumerisch,Σουμερίων,Sumerilainen,Sumérien,SumerianName,सुमेरियन,Sumerski,Sumér,Sumeria,Sumero,シュメール,수메르,Sumerische,Sumerisk,Sumeryjski,Sumério,Sumeriană,Шумерский,Sumerio,Sumerski,Sumeri,Sumeriska,ชาวสุเมเรียน,Sümer,Sumer
Sundanese,sun,su,巽他语,Sundanese,السوندية,Sundanès,Sundanesisch,Σουδανέζικα,Sundanilainen,Soundanais,Sundanese,सुंडानी,Sundanese,Szundai,Bahasa Sunda,Sundanese,スンダ,순다,Soendanees,Sundanesisk,sundajski,Sundanês,Sudaneză,Сунданский,Sundanés,Sundanese,Sundanese,Sundanesiska,ซุนดา,Sunda dili,Tiếng Sundan
Swahili,swa,sw,斯瓦希里语,Swahili,السواحلية,Suahili,Swahili,Σουαχίλι,Suahili,Swahili,Svahaílis,स्वाहिली,Svahili,Szuahéli,Swahili,Swahili,スワヒリ語,스와힐리어,Swahili,Swahili,Suahili,Suaíle,Swahili,Суахили,Swahili,Svahili,Kiswahili,Swahili,สะวาฮิลี่,Svahili dili,Tiếng Swahili
Swazi,ssw,ss,斯威士语,Swazi,سوازيلند,Swazi,Swasiländisch,Σουάζι,Swazi,Swazi,An tSuasalainn,स्वाज़ी,Svazi,Szvázi,Swazi,Swazi,スワジ,스와지어,Swazi-taal,Swazi,Suazi,Swazi,Swazi,Свазиленд,Suazi,Svazi,Swazi,Swazi (swazi),ภาษาสวาซิ,Svazi dili,Tiếng Swazi
Swedish,swe,sv,瑞典语,Sweeds,السويدية,Suec,Schwedisch,Σουηδικά,Ruotsi,Suédois,Sualainnis,स्वीडिश,Švedski,Svéd,Swedia,Svedese,スウェーデン語,스웨덴어,Zweeds,Svensk,Szwedzki,Sueco,Suedeză,Шведский,Sueco,Švedski,Kiswidi,Svenska,สวีเดน,İsveç dili,Thuỵ Điển
Tagalog,tgl,tl,他加禄语,Tagalog,التغالوغيه,Tagàlog,Tagalog,Ταγκαλόγκ,Tagalog,Tagalog,Tagálaigis,तागालोग,Tagalog,Tagalog,Bahasa tagalog,Tagalog,タガログ語,타갈로그어,Tagalog,Tagalog,Tagalog,Tagalo,Tagalogă,Тагальский,Tagalo,Tagalog,Tagalog,Tagalog,ภาษาตากาล็อก,Tagalog,Tagalog
Tajik,tgk,tg,塔吉克语,Tadjik,الطاجيكي,Tadjik,Tadschikisch,Τατζικιστάν,Tadžikki,Tadjik,Táidsíceastáin,ताजिक,Tadžički,Tádzsik,Bahasa Tajik,Tagico,タジク,타지크어,Tadzjieks,Tadsjikisk,Tadżycki,Tadjique,Tadjică,Таджикский,Tayiko,Tadžikistanski,Tajik,Tadzjikiska,ภาษาทาจิก,Tacik,Tiếng Tajik
Tamil,tam,ta,泰米尔语,Tamil,التاميلية,Tàmil,Tamil,Ταμιλικά,Tamili,Tamil,Tamailis,तमिल,Tamilski,Tamil,Tamil,Tamil,タミール語,타밀어,Tamil,Tamilsk,Tamilski,Tâmil,Tamil,Тамильский,Tamil,Tamilski,Kitamili,Tamilska,ทมิฬ,Tamil dili,Tiếng Tamil
Tatar,tat,tt,塔塔尔语,Tataar,التتارية,Tàtar,Tatarisch,Ταταρικά,Tataari,Tatar,Tatairis,तातार,Tatarski,Tatár,Tatar,Tataro,タタール語,타타르어,Tataars,Tatarisk,Tatarski,Tártaro,Tătară,Татарский,Tártaro,Tatarski,Kitatari,Tatariska,ทาทาร์,Tatarca,Tatar
Telugu,tel,te,泰卢固语,Teloegoe,التيلوغية,Telugu,Telugu,Τελουγκουικά,Telugu,Telugu,Teileagúis,तेलूगू,Telugu,Telugu,Telugu,Telugu,テルグ語,텔루구어,Telugu,Telugu,Telugu,Telugu,Telugu,Телугу,Telugu,Telugu,Kitelugu,Telugu,เทลูกู,Telugu dili,Telugu
Thai,tha,th,泰语,Thai,التايلندية,Tailandès,Thailändisch,Ταϊλανδικά,Thai,Thaï,Téalainnis,थाई,Tajlandski,Thai,Thai,Tailandese,タイ語,태국어,Thais,Thai,Tajski,Tailandês,Thai,Тайский,Tailandés,Tajlandski,Kithai,Thai,ไทย,Tay dili,Thái
Tibetan,bod,bo,藏语,Tibetaanse,تبتي,Tibetà,Tibetisch,Θιβετιανός,Tiibetiläinen,Tibétain,Tibéidis,तिब्बती,Tibetski,Tibeti,Tibet,Tibetano,チベット語,티베트어,Tibetaans,Tibetansk,Tybetański,Tibetano,Tibetană,Тибетский,Tibetano,Tibetanski,Kitibeti,Tibetanska,ทิเบต,Tibetli,Tây tạng
Tigrinya,tir,ti,提格利尼亚语,Tigrinya,التغرينية,Tigrinya,Tigrinya,Τιγκρίνια,Tigrinja,Tigrigna,Tigrinya,तिग्रीन्या,Tigrinija,Tigrinya,Tigrinya,Tigrigna,ティグリニャ語,티그리냐어,Tigrinya,Tigrinja,Tigrinia,Tigrinya,Tigrinya,Тигринья,Tigriña,Tigrinya,Tigrinya,Tigrinja,ติกรินยา,Tigrinya Belediyesi,Tiếng Tigrinya
Tok Pisin,tpi,,托克皮辛语,Tokpissing,توكبيسينغ,Tokpissing,Tokppissen,Tokpissing,Tokpissing,Tokpissing,Tokpissing,टोकपिसिंग,Tokpissing,Tokpissing,Tokpissing,Tokpissing,トクピッシング,톡피싱,Tokpissing,Tokpissing,Tokpissing powiedział:,Tokpissing,Tokpissing,Токписсинг,Tokpissing,Tokpissing,Tokpissing,Tokpissing,ต๊อกพิสซิง,Tokpişe,Tokpissing
Tsakonian,tsd,,托萨科尼亚语,Tossakanian,توساكانيان,Tossakanià,Tossakanian,Τοσακανιάν,Tossakanian,Tossakanien,Tossakanian,तोसाकानियन,Tossakanian,Tossakanian,Bahasa Tossakania,Tossakaniano,トサカニアン,토사카니아어,Tossakanian,Tossakanisk,Tossakanian,Tossakaniano,Tossakanian,Тоссаканян,Tossakanian,Tossakanian,Tossakanian,Tossakanian,โทสซาคาเนียน,Tossakanyan,Tiếng Tossakanian
Turkish,tur,tr,土耳其语,Turkse,التركية,Turc,Türkisch,Τουρκικά,Turkki,Turc,Tuircis,तुर्की,Turski,Török,Turki,Turco,トルコ語,터키어,Turks,Tyrkisk,Turecki,Turco,Turcă,Турецкий,Turco,Turski,Kituruki,Turkiska,ตุรกี,Türkçe,Tiếng Thổ Nhĩ Kỳ
Ukrainian,ukr,uk,乌克兰语,Oekraïense,الأوكرانية,Ucraïnès,Ukrainisch,Ουκρανικά,Ukraina,Ukrainien,Úcráinis,यूक्रेनियाई,Ukrajinski,Ukrán,Ukraina,Ucraino,ウクライナ語,우크라이나어,Oekraïens,Ukrainsk,Ukraiński,Ucraniano,Ucraineană,Украинский,Ucraniano,Ukrajinski,Kiukreini,Ukrainska,ยูเครน,Ukrayna dili,Tiếng U-kren
Urdu,urd,ur,乌尔都语,Oerdoe,الأوردية,Urdú,Urdu,Ουρντού,Urdu,Urdu,Urdúis,उर्दू,Urdu,Urdu,Urdu,Urdu,ウルドゥ語,우르두어,Urdu,Urdu,Urdu,Urdu,Urdu,Урду,Urdu,Urdu,Kiurdu,Urdu,เออร์ดู,Urduca,Tiếng Urdu
Uyghur,uig,ug,维吾尔语,Uighur,اليوغور,Uigur,Uigurisch,Ουιγούροι,Uiguuri,Ouïgour,Uighur,उइघुर,Ujguri,Ujgur,Uighur,Uighur,ウイグル語,위구르어,Uighur,Uigurisk,Ujgurski,Uighur,Uighur,Уйгурский,Uigur,Uighur,Uighur,Uiguriska,อุยกูร์,Uygurca,Người Duy Ngô Nhĩ
Uzbek,uzb,uz,乌兹别克语,Oesbeekse,الأوزبكية,Uzbek,Usbekisch,Ουζμπεκικά,Uzbekki,Ouzbek,Úisbéiceastáinis,उज़बेक,Uzbečki,Üzbég,Uzbek,Uzbeco,ウズベク語,우즈베크어,Oezbeeks,Usbekisk,Uzbecki,Uzbeque,Uzbekă,Узбекский,Uzbek,Uzbekistanski,Kiuzbeki,Uzbekiska,อุซเบค,Özbekçe,Tiếng Uzbekistan
Venetian,vec,,威尼斯语,Venesies,بندقاني,Venecià,Venezianisch,Ενετικός,Venetsialainen,Vénitien,Veinéiseach,वेनिस,Venecijanski,Velencei,Venesia,Veneziano,ベネチア,베네치아,Venetiaans,Venetiansk,Wenecki,Vêneto,Venețian,Венецианский,Veneciano,venecijanski,Venetian,Venetianska,เว นิ ส,Venedikli,Venetian
Vietnamese,vie,vi,越南语,Viëtnamese,الفيتنامية,Vietnamita,Vietnamesisch,Βιετναμικά,Vietnam,Vietnamien,Vítneaimis,वियतनामी,Vijetnamski,Vietnami,Vietnam,Vietnamita,ベトナム語,베트남어,Vietnamees,Vietnamesisk,Wietnamski,Vietnamita,Vietnameză,Вьетнамский,Vietnamita,Vijetnamski,Kivietinamu,Vietnamesiska,เวียดนาม,Vietnam dili,Tiếng Việt
Volapük,vol,vo,沃拉普克语,Wolapuk,وولابوك,Wolapuk,Wolapuk,Βολαπούκ,Wolapuk,Wolapuk,WolapukName,वोलापुक,Wolapuk,Wolapuk,Wolapuk,Wolapuk,ウォラプク,월라푹,Wolapuk,Wolapuk,Wolapuk,Wolapuk,Wolapuk,Волапук,Wolapuk,Wolapuk,Wolapuk,Wolapuk Wolapuk,โวลาปุก,Wolapuk Belediyesi,Wolapuk
Welsh,cym,cy,威尔士语,Walliese,الويلزية,Gal·lès,Walisisch,Ουαλλικά,Kymri (Wales),Gallois,Breatnais,वेल्श,Velški,Walesi,Welsh,Gallese,ウェールズ語,웨일스어,Welsh,Walisisk,Walijski,Galês,Velşă,Валлийский,Galés,Velšanski,Kiwelshi,Walesiska,เวลช์,Galce,Welsh
West Frisian,fry,fy,弗里西语,Fries,الفريزية,Frisó,Friesisch,Φριζιακά,Friisi,Frison,Freaslainnis,फ़्रिसियन,Frizijski,Fríz,Frisian flag,Frisone,フリジア,프리슬란트어,Fries,Frisisk,Fryzyjski,Frísio,Friziană,Фризский,Frisio,Frizijski,Frisian,Frisiska,ฟรีเซียน,Frizce,Frisian
Western Farsi,pes,,西部波斯语,Wes-Persies,الفارسية الغربية,Persa occidental,Westpersisch,Δυτική περσική,Länsi-persialainen,Perse occidental,An Pheirsis Thiar,पश्चिमी फारसी,Zapadni Perzijski,Nyugat-perzsa,Persia Barat,Persiano occidentale,西ペルシア語,서부 페르시아어,West-Perzisch,Vestlig persisk,Zachodni perski,Persa ocidental,Persană occidentală,Западный персидский,Persa occidental,Zapadni Persijski,Kiajemi ya Magharibi,Västpersiska,เปอร์เซียตะวันตก,Batı Farsça,Tây Ba Tư
Western Yugur,ybe,,西域裕固语,Westerse Yugur-taal,لغة يوغور الغربية,Llengua iugur occidental,Westliche Yugur-Sprache,Δυτική γλώσσα Yugur,Länsi-Yugurin kieli,Langue occidentale Yugur,Teanga Yugur an Iarthair,पश्चिमी युगुर भाषा,Zapadni Yugur jezik,Nyugati yugur nyelv,Bahasa Yugur Barat,Lingua Yugur occidentale,西ユグル語,Western Yugur 언어,Westelijke Yugur-taal,Vestlig Yugur språk,Zachodni język Yugur,Língua Yugur ocidental,Limba Yugur de Vest,Западно-юйгурский язык,Idioma yugur occidental,Zapadni Jugour jezik,Lugha ya Yugur ya Magharibi,Västerländskt yugurspråk,ภาษา Western Yugur,Batı Uygur dili,Ngôn ngữ Tây Yugur
Wolof,wol,wo,沃洛夫语,Wolof-taal,لغة الولوف,Llengua wòlof,Wolof-Sprache,Γλώσσα Wolof,Wolofin kieli,Langue wolof,Teanga Wolof,वोलोफ़ भाषा,Wolof jezik,Wolof nyelv,Bahasa Wolof,Lingua wolof,ウォロフ語,Wolof 언어,De taal van Wolof,Wolof språk,Język wolof,Língua Wolof,Limba Wolof,Язык волоф,Idioma wolof,Wolof jezik,Lugha ya Wolof,Wolof språk,ภาษา Wolof,Wolof dili,Ngôn ngữ Wolof
Wu,wuu,,吴语,Wu,وو,Wu,Wu,Γου,Wu-kiina,Wu,WuName,वू,Wu,Wu,Wu,Wu,呉方言,우어,Wu,Wu,Wu,Wu,Wu,Ву,Wu,Wu,Wu,Wu,วู,Wu,Wu
Xhosa,xho,xh,科萨语,Xhosa,زوسا,Xosa,Xhosa,Ξόσα,Xhosa,Xhosa,Cóisis,ज़ोसा,Xhosa,Xhosza,Xhosa,Xhosa,コサ語,코사어,Xhosa,Xhosa,Xhosa,Xhosa,Xhosa,Коса,Xosa,Kosa,Kikosa,Xhosa,โซซ่า,Zosa dili,Xhosa
Xiang,hsn,,湘语,Hunan-taal,لغة هونان,Llengua hunan,Hunan-Sprache,Γλώσσα Χουνάν,Hunanin kieli,Langue du Hunan,Teanga Hunan,हुनान भाषा,Hunan jezik,Hunan nyelv,Bahasa Hunan,Lingua Hunan,湖南省の言語,Hunan 언어,De taal van Hunan,Hunan språk,Język Hunan,Língua hunan,Limba hunan,Хунаньский язык,Idioma Hunan,Hunan jezik,Lugha ya Kihunan,Hunan-språket,ภาษาหูหนาน,Hunan dili,Tiếng Hồ Nam
Yakut,sah,,萨哈语,Sakha-taal,لغة ساخا,Llengua sakhà,Sakha-Sprache,Γλώσσα Sakha,Sahan kieli,Langue Sakha,Teanga Sakha,सखा भाषा,Sakha jezik,Szaha nyelv,Bahasa Sakha,Lingua Sakha,サハ語,Sakha 언어,De taal van Sakha,Sakha språk,Język sacha,Língua sakha,Limba Sakha,Язык саха (Якутия),Idioma sajá,Sakha jezik,Lugha ya Sakha,Sakha-språket,ภาษา Sakha,Saha dili,Ngôn ngữ Sakha
Yiddish,yid,yi,依地语,Jiddisj,الييديه,Jiddisch,Jiddisch,Γίντις,Jiddiš,Yiddish,Giúdais,यिडिश,Jidiš,Jiddis,Bahasa Yiddish,Yiddish,イディッシュ語,이디시어,Jiddisch,Jiddisch,Jidysz,Iídiche,Idiș,Идиш,Yiddish,Jevrejski,Yiddish,Jiddisch,ภาษายิดดิช,Yidiş,Yiddish
Yoruba,yor,yo,约鲁巴语,Yoruba,اليوروبا,Ioruba,Yoruba,Γιορούμπα,Joruba,Yoruba,YorubaName,योरूबा,Joruba,Joruba,Yoruba,Yoruba,ヨルバ語,요루바어,Yoruba,Joruba,Joruba,Ioruba,Yoruba,Йоруба,Yoruba,Joruba,Yoruba,Yoruba,โยรูบา,Yoruba dili,Tiếng Yoruba
Zhuang,zha,za,壮语,Zhuang,تشوانغ,Zhuang,Zhuang,Ζουάνγκ,Zhuang,Zhuang,ZhuangName,झुआंग,Zhuang,Csuang,Zhuang,Zhuang,チワン,좡어,Zhuang,Zhuang,Zhuang powiedział:,Zhuang,Zhuang,Чжуан,Zhuang,Zuang,Zhuang,Zhuang Zhuang,ภาษาจ้วง,Zhuang Belediyesi,Trang
Zulu,zul,zu,祖鲁语,Zoeloe,الزولوية,Zulú,Zulu,Ζουλού,Zulu,Zoulou,Súlúis,ज़ुलु,Zulu,Zulu,Zulu,Zulù,ズールー語,줄루어,Zulu,Zulu,Zulu,Zulu,Zulu,Зулусский,Zulú,Zulu,Kizulu,Zulu,ซูลู,Zulu dili,Zulu
Hungarian Sign Language,hsh,,匈牙利手语,Hongaarse Gebaretaal,لغة الإشارة الهنغارية,Llengua de signes hongaresa,Ungarische Gebärdensprache,Ουγγρική Νοηματική Γλώσσα,Unkarilainen viittomakieli,Langue des signes hongroise,Teanga Chomharthaíochta na hUngáire,हंगेरियन सांकेतिक भाषा,Mađarski znakovni jezik,Magyar jelnyelv,Bahasa Isyarat Hongaria,Lingua dei segni ungherese,ハンガリー手話,헝가리 수화,Hongaarse gebarentaal,Ungarsk tegnspråk,Węgierski Język Migowy,Língua gestual húngara,Limbajul semnelor maghiar,Венгерский язык жестов,Lengua de señas húngara,Mađarski znakovni jezik,Lugha ya Ishara ya Hungaria,Ungerskt teckenspråk,ภาษามือฮังการี,Macar İşaret Dili,Ngôn ngữ ký hiệu Hungary
Slovakian Sign Language,svk,,斯洛伐克手语,Slowaakse Gebaretaal,لغة الإشارة السلوفاكية,Llengua de signes eslovaca,Slowakische Gebärdensprache,Σλοβακική Νοηματική Γλώσσα,Slovakialainen viittomakieli,Langue des signes slovaque,Teanga Chomharthaíochta na Slóvaice,स्लोवाक सांकेतिक भाषा,Slovački znakovni jezik,Szlovák jelnyelv,Bahasa Isyarat Slovakia,Lingua dei segni slovacca,スロバキア手話,슬로바키아어 수화,Slowaakse gebarentaal,Slovakisk tegnspråk,Słowacki Język Migowy,Língua gestual eslovaca,Limbajul semnelor slovac,Словацкий язык жестов,Lengua de señas eslovaca,Slovački znakovni jezik,Lugha ya Ishara ya Kislovakia,Slovakiskt teckenspråk,ภาษามือสโลวัก,Slovak İşaret Dili,Ngôn ngữ ký hiệu Slovakia
Estonian Sign Language,eso,,爱沙尼亚手语,Estlandse Gebaretaal,لغة الإشارة الإستونية,Llengua de signes estoniana,Estnische Gebärdensprache,Εσθονική Νοηματική Γλώσσα,Viron viittomakieli,Langue des signes estonienne,Teanga Chomharthaíochta na hEastóine,एस्टोनियाई सांकेतिक भाषा,Estonski znakovni jezik,Észt jelnyelv,Bahasa Isyarat Estonia,Lingua dei segni estone,エストニア手話,에스토니아 수화,Estse gebarentaal,Estisk tegnspråk,Estoński język migowy,Língua gestual estónia,Limbajul semnelor estonian,Эстонский жестовый язык,Lengua de señas estonia,Estonski znakovni jezik,Lugha ya Ishara ya Estonia,Estniskt teckenspråk,ภาษามือเอสโตเนีย,Estonya İşaret Dili,Ngôn ngữ ký hiệu Estonia